ID_Partida,Tipo_IA,Puntuacion_Final,Resultado,Cartas,Plantado
1,IA_facil,19,Derrota,6,Si
1,IA_medio,21,Empate,8,Si
1,IA_dificil,21,Empate,5,Si
2,IA_facil,21,Victoria,4,Si
2,IA_medio,22,Derrota,8,Si
2,IA_dificil,24,Derrota,9,Si
3,IA_facil,19,Derrota,5,Si
3,IA_medio,19,Derrota,6,Si
3,IA_dificil,20,Victoria,5,Si
4,IA_facil,20,Victoria,6,Si
4,IA_medio,17,Derrota,4,Si
4,IA_dificil,17,Derrota,4,Si
5,IA_facil,20,Empate,5,Si
5,IA_medio,25,Derrota,5,Si
5,IA_dificil,20,Empate,7,Si
6,IA_facil,19,Derrota,5,Si
6,IA_medio,17,Derrota,5,Si
6,IA_dificil,20,Victoria,7,Si
7,IA_facil,19,Derrota,6,Si
7,IA_medio,17,Derrota,6,Si
7,IA_dificil,20,Victoria,7,Si
8,IA_facil,20,Empate,6,Si
8,IA_medio,20,Empate,7,Si
8,IA_dificil,19,Derrota,5,Si
9,IA_facil,21,Victoria,6,Si
9,IA_medio,24,Derrota,6,Si
9,IA_dificil,18,Derrota,4,Si
10,IA_facil,22,Derrota,6,Si
10,IA_medio,22,Derrota,6,Si
10,IA_dificil,21,Victoria,6,Si
11,IA_facil,17,Derrota,5,Si
11,IA_medio,24,Derrota,5,Si
11,IA_dificil,20,Victoria,6,Si
12,IA_facil,20,Empate,7,Si
12,IA_medio,22,Derrota,10,Si
12,IA_dificil,20,Empate,5,Si
13,IA_facil,18,Derrota,4,Si
13,IA_medio,18,Derrota,5,Si
13,IA_dificil,19,Victoria,5,Si
14,IA_facil,22,Derrota,7,Si
14,IA_medio,18,Derrota,5,Si
14,IA_dificil,19,Victoria,5,Si
15,IA_facil,18,Derrota,4,Si
15,IA_medio,17,Derrota,6,Si
15,IA_dificil,21,Victoria,4,Si
16,IA_facil,22,Derrota,5,Si
16,IA_medio,23,Derrota,8,Si
16,IA_dificil,17,Victoria,7,Si
17,IA_facil,17,Derrota,5,Si
17,IA_medio,20,Derrota,6,Si
17,IA_dificil,21,Victoria,5,Si
18,IA_facil,17,Derrota,6,Si
18,IA_medio,21,Victoria,5,Si
18,IA_dificil,18,Derrota,6,Si
19,IA_facil,17,Derrota,6,Si
19,IA_medio,18,Victoria,7,Si
19,IA_dificil,17,Derrota,6,Si
20,IA_facil,17,Victoria,6,Si
20,IA_medio,23,Derrota,6,Si
20,IA_dificil,23,Derrota,4,Si
21,IA_facil,19,Empate,6,Si
21,IA_medio,22,Derrota,8,Si
21,IA_dificil,19,Empate,4,Si
22,IA_facil,21,Victoria,5,Si
22,IA_medio,25,Derrota,6,Si
22,IA_dificil,18,Derrota,6,Si
23,IA_facil,17,Empate,5,Si
23,IA_medio,17,Empate,5,Si
23,IA_dificil,22,Derrota,7,Si
24,IA_facil,22,Derrota,6,Si
24,IA_medio,17,Derrota,6,Si
24,IA_dificil,21,Victoria,6,Si
25,IA_facil,17,Derrota,5,Si
25,IA_medio,18,Derrota,5,Si
25,IA_dificil,21,Victoria,8,Si
26,IA_facil,20,Derrota,6,Si
26,IA_medio,20,Derrota,7,Si
26,IA_dificil,21,Victoria,5,Si
27,IA_facil,18,Derrota,6,Si
27,IA_medio,17,Derrota,4,Si
27,IA_dificil,19,Victoria,6,Si
28,IA_facil,22,Derrota,6,Si
28,IA_medio,17,Derrota,4,Si
28,IA_dificil,19,Victoria,4,Si
29,IA_facil,19,Derrota,6,Si
29,IA_medio,17,Derrota,6,Si
29,IA_dificil,20,Victoria,6,Si
30,IA_facil,19,Victoria,5,Si
30,IA_medio,22,Derrota,4,Si
30,IA_dificil,24,Derrota,7,Si
31,IA_facil,19,Derrota,7,Si
31,IA_medio,20,Derrota,4,Si
31,IA_dificil,21,Victoria,4,Si
32,IA_facil,21,Victoria,5,Si
32,IA_medio,18,Derrota,5,Si
32,IA_dificil,17,Derrota,6,Si
33,IA_facil,17,Derrota,5,Si
33,IA_medio,21,Victoria,6,Si
33,IA_dificil,20,Derrota,7,Si
34,IA_facil,17,Empate,5,Si
34,IA_medio,23,Derrota,6,Si
34,IA_dificil,17,Empate,4,Si
35,IA_facil,19,Derrota,5,Si
35,IA_medio,21,Victoria,6,Si
35,IA_dificil,20,Derrota,5,Si
36,IA_facil,18,Victoria,4,Si
36,IA_medio,23,Derrota,5,Si
36,IA_dificil,17,Derrota,5,Si
37,IA_facil,17,Victoria,5,Si
37,IA_medio,22,Derrota,4,Si
37,IA_dificil,23,Derrota,7,Si
38,IA_facil,18,Victoria,5,Si
38,IA_medio,17,Derrota,5,Si
38,IA_dificil,17,Derrota,4,Si
39,IA_facil,17,Derrota,4,Si
39,IA_medio,20,Victoria,6,Si
39,IA_dificil,19,Derrota,8,Si
40,IA_facil,18,Derrota,5,Si
40,IA_medio,21,Victoria,5,Si
40,IA_dificil,17,Derrota,7,Si
41,IA_facil,21,Victoria,6,Si
41,IA_medio,19,Derrota,4,Si
41,IA_dificil,19,Derrota,5,Si
42,IA_facil,17,Derrota,8,Si
42,IA_medio,20,Victoria,5,Si
42,IA_dificil,19,Derrota,5,Si
43,IA_facil,17,Derrota,4,Si
43,IA_medio,21,Victoria,4,Si
43,IA_dificil,20,Derrota,5,Si
44,IA_facil,18,Derrota,5,Si
44,IA_medio,20,Derrota,5,Si
44,IA_dificil,21,Victoria,5,Si
45,IA_facil,17,Derrota,3,Si
45,IA_medio,24,Derrota,5,Si
45,IA_dificil,20,Victoria,8,Si
46,IA_facil,22,Derrota,4,Si
46,IA_medio,20,Victoria,6,Si
46,IA_dificil,17,Derrota,6,Si
47,IA_facil,18,Derrota,6,Si
47,IA_medio,19,Derrota,6,Si
47,IA_dificil,21,Victoria,7,Si
48,IA_facil,19,Derrota,5,Si
48,IA_medio,17,Derrota,6,Si
48,IA_dificil,20,Victoria,8,Si
49,IA_facil,17,Derrota,4,Si
49,IA_medio,17,Derrota,5,Si
49,IA_dificil,21,Victoria,6,Si
50,IA_facil,20,Victoria,5,Si
50,IA_medio,22,Derrota,4,Si
50,IA_dificil,22,Derrota,5,Si
51,IA_facil,19,Derrota,5,Si
51,IA_medio,18,Derrota,7,Si
51,IA_dificil,21,Victoria,8,Si
52,IA_facil,19,Derrota,5,Si
52,IA_medio,23,Derrota,7,Si
52,IA_dificil,21,Victoria,5,Si
53,IA_facil,18,Derrota,4,Si
53,IA_medio,22,Derrota,7,Si
53,IA_dificil,19,Victoria,4,Si
54,IA_facil,17,Derrota,4,Si
54,IA_medio,17,Derrota,4,Si
54,IA_dificil,20,Victoria,5,Si
55,IA_facil,21,Victoria,6,Si
55,IA_medio,19,Derrota,6,Si
55,IA_dificil,18,Derrota,5,Si
56,IA_facil,21,Victoria,4,Si
56,IA_medio,23,Derrota,5,Si
56,IA_dificil,18,Derrota,7,Si
57,IA_facil,17,Derrota,6,Si
57,IA_medio,23,Derrota,8,Si
57,IA_dificil,20,Victoria,8,Si
58,IA_facil,20,Empate,6,Si
58,IA_medio,20,Empate,5,Si
58,IA_dificil,22,Derrota,7,Si
59,IA_facil,18,Empate,6,Si
59,IA_medio,18,Empate,7,Si
59,IA_dificil,17,Derrota,4,Si
60,IA_facil,21,Empate,4,Si
60,IA_medio,21,Empate,4,Si
60,IA_dificil,21,Empate,6,Si
61,IA_facil,17,Derrota,5,Si
61,IA_medio,21,Victoria,5,Si
61,IA_dificil,23,Derrota,7,Si
62,IA_facil,18,Derrota,6,Si
62,IA_medio,19,Victoria,7,Si
62,IA_dificil,17,Derrota,5,Si
63,IA_facil,20,Derrota,5,Si
63,IA_medio,20,Derrota,6,Si
63,IA_dificil,21,Victoria,5,Si
64,IA_facil,17,Empate,5,Si
64,IA_medio,17,Empate,7,Si
64,IA_dificil,17,Empate,6,Si
65,IA_facil,21,Victoria,6,Si
65,IA_medio,20,Derrota,4,Si
65,IA_dificil,19,Derrota,5,Si
66,IA_facil,17,Derrota,6,Si
66,IA_medio,21,Victoria,6,Si
66,IA_dificil,18,Derrota,4,Si
67,IA_facil,19,Victoria,6,Si
67,IA_medio,17,Derrota,4,Si
67,IA_dificil,17,Derrota,5,Si
68,IA_facil,18,Derrota,6,Si
68,IA_medio,20,Victoria,7,Si
68,IA_dificil,18,Derrota,5,Si
69,IA_facil,20,Victoria,5,Si
69,IA_medio,23,Derrota,6,Si
69,IA_dificil,19,Derrota,5,Si
70,IA_facil,21,Victoria,7,Si
70,IA_medio,18,Derrota,8,Si
70,IA_dificil,22,Derrota,5,Si
71,IA_facil,18,Empate,5,Si
71,IA_medio,18,Empate,6,Si
71,IA_dificil,17,Derrota,6,Si
72,IA_facil,17,Derrota,6,Si
72,IA_medio,22,Derrota,5,Si
72,IA_dificil,21,Victoria,5,Si
73,IA_facil,22,Derrota,6,Si
73,IA_medio,22,Derrota,6,Si
73,IA_dificil,21,Victoria,6,Si
74,IA_facil,20,Victoria,5,Si
74,IA_medio,22,Derrota,6,Si
74,IA_dificil,25,Derrota,6,Si
75,IA_facil,20,Victoria,4,Si
75,IA_medio,19,Derrota,7,Si
75,IA_dificil,18,Derrota,4,Si
76,IA_facil,21,Victoria,5,Si
76,IA_medio,19,Derrota,5,Si
76,IA_dificil,17,Derrota,6,Si
77,IA_facil,18,Derrota,5,Si
77,IA_medio,21,Victoria,5,Si
77,IA_dificil,19,Derrota,5,Si
78,IA_facil,19,Victoria,5,Si
78,IA_medio,24,Derrota,8,Si
78,IA_dificil,18,Derrota,4,Si
79,IA_facil,20,Victoria,7,Si
79,IA_medio,22,Derrota,7,Si
79,IA_dificil,22,Derrota,6,Si
80,IA_facil,18,Derrota,4,Si
80,IA_medio,19,Victoria,5,Si
80,IA_dificil,18,Derrota,7,Si
81,IA_facil,20,Derrota,7,Si
81,IA_medio,22,Derrota,4,Si
81,IA_dificil,21,Victoria,6,Si
82,IA_facil,18,Derrota,4,Si
82,IA_medio,21,Victoria,8,Si
82,IA_dificil,18,Derrota,3,Si
83,IA_facil,21,Empate,5,Si
83,IA_medio,21,Empate,7,Si
83,IA_dificil,25,Derrota,5,Si
84,IA_facil,17,Empate,5,Si
84,IA_medio,23,Derrota,5,Si
84,IA_dificil,17,Empate,5,Si
85,IA_facil,20,Victoria,5,Si
85,IA_medio,24,Derrota,8,Si
85,IA_dificil,22,Derrota,7,Si
86,IA_facil,18,Victoria,8,Si
86,IA_medio,22,Derrota,6,Si
86,IA_dificil,17,Derrota,5,Si
87,IA_facil,19,Derrota,6,Si
87,IA_medio,17,Derrota,5,Si
87,IA_dificil,20,Victoria,4,Si
88,IA_facil,18,Derrota,6,Si
88,IA_medio,20,Victoria,4,Si
88,IA_dificil,18,Derrota,5,Si
89,IA_facil,17,Derrota,4,Si
89,IA_medio,19,Victoria,7,Si
89,IA_dificil,17,Derrota,4,Si
90,IA_facil,19,Empate,5,Si
90,IA_medio,19,Empate,6,Si
90,IA_dificil,18,Derrota,5,Si
91,IA_facil,18,Derrota,7,Si
91,IA_medio,21,Victoria,5,Si
91,IA_dificil,17,Derrota,6,Si
92,IA_facil,19,Empate,4,Si
92,IA_medio,17,Derrota,7,Si
92,IA_dificil,19,Empate,5,Si
93,IA_facil,17,Derrota,7,Si
93,IA_medio,24,Derrota,5,Si
93,IA_dificil,20,Victoria,5,Si
94,IA_facil,19,Derrota,5,Si
94,IA_medio,17,Derrota,4,Si
94,IA_dificil,21,Victoria,5,Si
95,IA_facil,20,Empate,5,Si
95,IA_medio,22,Derrota,6,Si
95,IA_dificil,20,Empate,6,Si
96,IA_facil,22,Derrota,5,Si
96,IA_medio,19,Victoria,7,Si
96,IA_dificil,17,Derrota,7,Si
97,IA_facil,21,Victoria,4,Si
97,IA_medio,17,Derrota,6,Si
97,IA_dificil,17,Derrota,4,Si
98,IA_facil,19,Derrota,6,Si
98,IA_medio,21,Victoria,8,Si
98,IA_dificil,17,Derrota,6,Si
99,IA_facil,17,Derrota,5,Si
99,IA_medio,21,Victoria,4,Si
99,IA_dificil,17,Derrota,4,Si
100,IA_facil,17,Derrota,4,Si
100,IA_medio,22,Derrota,7,Si
100,IA_dificil,20,Victoria,6,Si
101,IA_facil,21,Empate,6,Si
101,IA_medio,21,Empate,8,Si
101,IA_dificil,17,Derrota,4,Si
102,IA_facil,21,Victoria,9,Si
102,IA_medio,18,Derrota,5,Si
102,IA_dificil,18,Derrota,7,Si
103,IA_facil,19,Empate,7,Si
103,IA_medio,19,Empate,5,Si
103,IA_dificil,19,Empate,4,Si
104,IA_facil,18,Derrota,4,Si
104,IA_medio,18,Derrota,5,Si
104,IA_dificil,21,Victoria,7,Si
105,IA_facil,20,Derrota,9,Si
105,IA_medio,21,Victoria,5,Si
105,IA_dificil,19,Derrota,4,Si
106,IA_facil,19,Empate,4,Si
106,IA_medio,22,Derrota,8,Si
106,IA_dificil,19,Empate,7,Si
107,IA_facil,17,Derrota,4,Si
107,IA_medio,21,Victoria,6,Si
107,IA_dificil,24,Derrota,5,Si
108,IA_facil,19,Derrota,5,Si
108,IA_medio,20,Victoria,5,Si
108,IA_dificil,18,Derrota,4,Si
109,IA_facil,19,Victoria,6,Si
109,IA_medio,17,Derrota,4,Si
109,IA_dificil,17,Derrota,4,Si
110,IA_facil,17,Derrota,5,Si
110,IA_medio,21,Victoria,6,Si
110,IA_dificil,18,Derrota,6,Si
111,IA_facil,22,Derrota,5,Si
111,IA_medio,20,Victoria,6,Si
111,IA_dificil,17,Derrota,4,Si
112,IA_facil,20,Victoria,5,Si
112,IA_medio,18,Derrota,5,Si
112,IA_dificil,18,Derrota,8,Si
113,IA_facil,17,Derrota,5,Si
113,IA_medio,20,Victoria,6,Si
113,IA_dificil,17,Derrota,5,Si
114,IA_facil,17,Derrota,4,Si
114,IA_medio,22,Derrota,5,Si
114,IA_dificil,21,Victoria,5,Si
115,IA_facil,18,Derrota,5,Si
115,IA_medio,20,Victoria,5,Si
115,IA_dificil,18,Derrota,4,Si
116,IA_facil,17,Derrota,6,Si
116,IA_medio,17,Derrota,6,Si
116,IA_dificil,19,Victoria,5,Si
117,IA_facil,17,Empate,5,Si
117,IA_medio,23,Derrota,8,Si
117,IA_dificil,17,Empate,4,Si
118,IA_facil,17,Derrota,5,Si
118,IA_medio,20,Victoria,10,Si
118,IA_dificil,25,Derrota,7,Si
119,IA_facil,17,Derrota,5,Si
119,IA_medio,19,Empate,4,Si
119,IA_dificil,19,Empate,5,Si
120,IA_facil,21,Victoria,6,Si
120,IA_medio,17,Derrota,5,Si
120,IA_dificil,19,Derrota,5,Si
121,IA_facil,21,Victoria,5,Si
121,IA_medio,20,Derrota,5,Si
121,IA_dificil,19,Derrota,5,Si
122,IA_facil,17,Derrota,4,Si
122,IA_medio,20,Empate,6,Si
122,IA_dificil,20,Empate,9,Si
123,IA_facil,22,Derrota,6,Si
123,IA_medio,23,Derrota,5,Si
123,IA_dificil,20,Victoria,4,Si
124,IA_facil,18,Derrota,7,Si
124,IA_medio,20,Empate,6,Si
124,IA_dificil,20,Empate,4,Si
125,IA_facil,17,Empate,6,Si
125,IA_medio,23,Derrota,7,Si
125,IA_dificil,17,Empate,7,Si
126,IA_facil,18,Derrota,5,Si
126,IA_medio,21,Victoria,5,Si
126,IA_dificil,17,Derrota,6,Si
127,IA_facil,21,Victoria,6,Si
127,IA_medio,19,Derrota,5,Si
127,IA_dificil,18,Derrota,3,Si
128,IA_facil,18,Derrota,4,Si
128,IA_medio,20,Empate,7,Si
128,IA_dificil,20,Empate,5,Si
129,IA_facil,18,Derrota,6,Si
129,IA_medio,18,Derrota,6,Si
129,IA_dificil,19,Victoria,4,Si
130,IA_facil,18,Derrota,5,Si
130,IA_medio,22,Derrota,9,Si
130,IA_dificil,19,Victoria,7,Si
131,IA_facil,17,Derrota,4,Si
131,IA_medio,22,Derrota,6,Si
131,IA_dificil,20,Victoria,4,Si
132,IA_facil,22,Derrota,7,Si
132,IA_medio,19,Empate,5,Si
132,IA_dificil,19,Empate,4,Si
133,IA_facil,18,Victoria,4,Si
133,IA_medio,17,Derrota,4,Si
133,IA_dificil,24,Derrota,5,Si
134,IA_facil,17,Empate,5,Si
134,IA_medio,25,Derrota,6,Si
134,IA_dificil,17,Empate,5,Si
135,IA_facil,20,Derrota,4,Si
135,IA_medio,18,Derrota,5,Si
135,IA_dificil,21,Victoria,5,Si
136,IA_facil,18,Derrota,7,Si
136,IA_medio,20,Victoria,6,Si
136,IA_dificil,18,Derrota,5,Si
137,IA_facil,20,Empate,7,Si
137,IA_medio,17,Derrota,5,Si
137,IA_dificil,20,Empate,4,Si
138,IA_facil,19,Derrota,5,Si
138,IA_medio,22,Derrota,6,Si
138,IA_dificil,20,Victoria,7,Si
139,IA_facil,20,Derrota,6,Si
139,IA_medio,20,Derrota,5,Si
139,IA_dificil,21,Victoria,7,Si
140,IA_facil,17,Derrota,6,Si
140,IA_medio,18,Empate,5,Si
140,IA_dificil,18,Empate,3,Si
141,IA_facil,19,Derrota,6,Si
141,IA_medio,21,Empate,5,Si
141,IA_dificil,21,Empate,7,Si
142,IA_facil,17,Derrota,5,Si
142,IA_medio,21,Victoria,5,Si
142,IA_dificil,18,Derrota,4,Si
143,IA_facil,17,Derrota,6,Si
143,IA_medio,20,Victoria,5,Si
143,IA_dificil,18,Derrota,7,Si
144,IA_facil,18,Derrota,4,Si
144,IA_medio,20,Victoria,5,Si
144,IA_dificil,19,Derrota,5,Si
145,IA_facil,20,Derrota,4,Si
145,IA_medio,21,Victoria,5,Si
145,IA_dificil,17,Derrota,6,Si
146,IA_facil,18,Derrota,3,Si
146,IA_medio,20,Victoria,5,Si
146,IA_dificil,23,Derrota,7,Si
147,IA_facil,20,Victoria,8,Si
147,IA_medio,17,Derrota,5,Si
147,IA_dificil,17,Derrota,4,Si
148,IA_facil,20,Victoria,8,Si
148,IA_medio,24,Derrota,5,Si
148,IA_dificil,19,Derrota,8,Si
149,IA_facil,18,Victoria,5,Si
149,IA_medio,17,Derrota,6,Si
149,IA_dificil,17,Derrota,5,Si
150,IA_facil,21,Victoria,5,Si
150,IA_medio,19,Derrota,6,Si
150,IA_dificil,17,Derrota,4,Si
151,IA_facil,19,Derrota,6,Si
151,IA_medio,21,Victoria,6,Si
151,IA_dificil,17,Derrota,5,Si
152,IA_facil,20,Victoria,4,Si
152,IA_medio,22,Derrota,5,Si
152,IA_dificil,19,Derrota,6,Si
153,IA_facil,18,Empate,5,Si
153,IA_medio,18,Empate,5,Si
153,IA_dificil,18,Empate,5,Si
154,IA_facil,18,Derrota,5,Si
154,IA_medio,22,Derrota,7,Si
154,IA_dificil,19,Victoria,4,Si
155,IA_facil,17,Derrota,5,Si
155,IA_medio,20,Victoria,5,Si
155,IA_dificil,23,Derrota,6,Si
156,IA_facil,22,Derrota,6,Si
156,IA_medio,22,Derrota,4,Si
156,IA_dificil,21,Victoria,5,Si
157,IA_facil,17,Derrota,4,Si
157,IA_medio,25,Derrota,6,Si
157,IA_dificil,21,Victoria,6,Si
158,IA_facil,17,Empate,4,Si
158,IA_medio,22,Derrota,6,Si
158,IA_dificil,17,Empate,4,Si
159,IA_facil,17,Victoria,4,Si
159,IA_medio,23,Derrota,5,Si
159,IA_dificil,22,Derrota,5,Si
160,IA_facil,18,Derrota,6,Si
160,IA_medio,22,Derrota,5,Si
160,IA_dificil,20,Victoria,7,Si
161,IA_facil,17,Derrota,4,Si
161,IA_medio,24,Derrota,7,Si
161,IA_dificil,21,Victoria,8,Si
162,IA_facil,18,Empate,5,Si
162,IA_medio,18,Empate,6,Si
162,IA_dificil,18,Empate,7,Si
163,IA_facil,19,Derrota,5,Si
163,IA_medio,18,Derrota,6,Si
163,IA_dificil,20,Victoria,5,Si
164,IA_facil,20,Derrota,5,Si
164,IA_medio,20,Derrota,6,Si
164,IA_dificil,21,Victoria,7,Si
165,IA_facil,18,Derrota,5,Si
165,IA_medio,18,Derrota,6,Si
165,IA_dificil,21,Victoria,7,Si
166,IA_facil,20,Derrota,8,Si
166,IA_medio,21,Victoria,6,Si
166,IA_dificil,17,Derrota,4,Si
167,IA_facil,20,Empate,8,Si
167,IA_medio,20,Empate,6,Si
167,IA_dificil,20,Empate,4,Si
168,IA_facil,19,Victoria,5,Si
168,IA_medio,25,Derrota,6,Si
168,IA_dificil,18,Derrota,8,Si
169,IA_facil,21,Victoria,6,Si
169,IA_medio,19,Derrota,6,Si
169,IA_dificil,23,Derrota,7,Si
170,IA_facil,18,Derrota,5,Si
170,IA_medio,21,Victoria,8,Si
170,IA_dificil,17,Derrota,4,Si
171,IA_facil,17,Derrota,4,Si
171,IA_medio,22,Derrota,5,Si
171,IA_dificil,19,Victoria,5,Si
172,IA_facil,17,Empate,4,Si
172,IA_medio,17,Empate,6,Si
172,IA_dificil,25,Derrota,6,Si
173,IA_facil,19,Derrota,5,Si
173,IA_medio,18,Derrota,6,Si
173,IA_dificil,21,Victoria,6,Si
174,IA_facil,20,Victoria,7,Si
174,IA_medio,17,Derrota,6,Si
174,IA_dificil,18,Derrota,4,Si
175,IA_facil,18,Derrota,7,Si
175,IA_medio,21,Victoria,7,Si
175,IA_dificil,19,Derrota,7,Si
176,IA_facil,20,Derrota,6,Si
176,IA_medio,22,Derrota,6,Si
176,IA_dificil,21,Victoria,7,Si
177,IA_facil,19,Empate,6,Si
177,IA_medio,19,Empate,7,Si
177,IA_dificil,18,Derrota,5,Si
178,IA_facil,21,Empate,7,Si
178,IA_medio,18,Derrota,6,Si
178,IA_dificil,21,Empate,6,Si
179,IA_facil,21,Victoria,4,Si
179,IA_medio,19,Derrota,6,Si
179,IA_dificil,18,Derrota,7,Si
180,IA_facil,18,Empate,6,Si
180,IA_medio,18,Empate,6,Si
180,IA_dificil,22,Derrota,7,Si
181,IA_facil,18,Derrota,4,Si
181,IA_medio,17,Derrota,6,Si
181,IA_dificil,21,Victoria,9,Si
182,IA_facil,17,Derrota,4,Si
182,IA_medio,20,Victoria,5,Si
182,IA_dificil,17,Derrota,5,Si
183,IA_facil,21,Victoria,7,Si
183,IA_medio,18,Derrota,6,Si
183,IA_dificil,19,Derrota,7,Si
184,IA_facil,18,Derrota,6,Si
184,IA_medio,23,Derrota,8,Si
184,IA_dificil,21,Victoria,5,Si
185,IA_facil,21,Empate,5,Si
185,IA_medio,21,Empate,7,Si
185,IA_dificil,20,Derrota,5,Si
186,IA_facil,20,Derrota,5,Si
186,IA_medio,20,Derrota,6,Si
186,IA_dificil,21,Victoria,5,Si
187,IA_facil,17,Empate,5,Si
187,IA_medio,17,Empate,4,Si
187,IA_dificil,22,Derrota,5,Si
188,IA_facil,17,Derrota,7,Si
188,IA_medio,23,Derrota,7,Si
188,IA_dificil,20,Victoria,11,Si
189,IA_facil,17,Derrota,6,Si
189,IA_medio,25,Derrota,6,Si
189,IA_dificil,19,Victoria,6,Si
190,IA_facil,19,Derrota,6,Si
190,IA_medio,20,Victoria,6,Si
190,IA_dificil,18,Derrota,6,Si
191,IA_facil,17,Derrota,5,Si
191,IA_medio,18,Empate,5,Si
191,IA_dificil,18,Empate,7,Si
192,IA_facil,19,Empate,6,Si
192,IA_medio,18,Derrota,4,Si
192,IA_dificil,19,Empate,8,Si
193,IA_facil,17,Victoria,5,Si
193,IA_medio,23,Derrota,6,Si
193,IA_dificil,22,Derrota,5,Si
194,IA_facil,19,Empate,5,Si
194,IA_medio,22,Derrota,7,Si
194,IA_dificil,19,Empate,6,Si
195,IA_facil,17,Derrota,7,Si
195,IA_medio,20,Victoria,5,Si
195,IA_dificil,17,Derrota,5,Si
196,IA_facil,18,Derrota,5,Si
196,IA_medio,21,Victoria,10,Si
196,IA_dificil,19,Derrota,5,Si
197,IA_facil,21,Victoria,5,Si
197,IA_medio,20,Derrota,7,Si
197,IA_dificil,22,Derrota,8,Si
198,IA_facil,19,Victoria,5,Si
198,IA_medio,25,Derrota,6,Si
198,IA_dificil,17,Derrota,5,Si
199,IA_facil,19,Derrota,5,Si
199,IA_medio,20,Victoria,6,Si
199,IA_dificil,18,Derrota,7,Si
200,IA_facil,17,Derrota,4,Si
200,IA_medio,19,Victoria,5,Si
200,IA_dificil,18,Derrota,6,Si
201,IA_facil,21,Victoria,6,Si
201,IA_medio,17,Derrota,6,Si
201,IA_dificil,18,Derrota,6,Si
202,IA_facil,18,Derrota,5,Si
202,IA_medio,20,Victoria,4,Si
202,IA_dificil,19,Derrota,5,Si
203,IA_facil,17,Derrota,6,Si
203,IA_medio,18,Derrota,6,Si
203,IA_dificil,19,Victoria,5,Si
204,IA_facil,21,Victoria,6,Si
204,IA_medio,20,Derrota,5,Si
204,IA_dificil,17,Derrota,7,Si
205,IA_facil,18,Derrota,4,Si
205,IA_medio,17,Derrota,6,Si
205,IA_dificil,20,Victoria,8,Si
206,IA_facil,19,Derrota,5,Si
206,IA_medio,22,Derrota,5,Si
206,IA_dificil,21,Victoria,6,Si
207,IA_facil,17,Derrota,3,Si
207,IA_medio,18,Derrota,5,Si
207,IA_dificil,21,Victoria,7,Si
208,IA_facil,18,Derrota,5,Si
208,IA_medio,24,Derrota,5,Si
208,IA_dificil,20,Victoria,8,Si
209,IA_facil,17,Derrota,4,Si
209,IA_medio,21,Victoria,6,Si
209,IA_dificil,18,Derrota,5,Si
210,IA_facil,17,Derrota,5,Si
210,IA_medio,25,Derrota,7,Si
210,IA_dificil,18,Victoria,4,Si
211,IA_facil,18,Empate,7,Si
211,IA_medio,23,Derrota,7,Si
211,IA_dificil,18,Empate,7,Si
212,IA_facil,17,Derrota,6,Si
212,IA_medio,18,Derrota,5,Si
212,IA_dificil,21,Victoria,8,Si
213,IA_facil,18,Derrota,6,Si
213,IA_medio,18,Derrota,6,Si
213,IA_dificil,19,Victoria,5,Si
214,IA_facil,21,Victoria,4,Si
214,IA_medio,17,Derrota,4,Si
214,IA_dificil,20,Derrota,6,Si
215,IA_facil,19,Derrota,4,Si
215,IA_medio,20,Empate,5,Si
215,IA_dificil,20,Empate,6,Si
216,IA_facil,20,Empate,8,Si
216,IA_medio,19,Derrota,5,Si
216,IA_dificil,20,Empate,4,Si
217,IA_facil,19,Derrota,4,Si
217,IA_medio,20,Victoria,6,Si
217,IA_dificil,19,Derrota,5,Si
218,IA_facil,17,Derrota,6,Si
218,IA_medio,23,Derrota,6,Si
218,IA_dificil,21,Victoria,6,Si
219,IA_facil,18,Derrota,5,Si
219,IA_medio,19,Victoria,5,Si
219,IA_dificil,22,Derrota,6,Si
220,IA_facil,20,Victoria,4,Si
220,IA_medio,19,Derrota,7,Si
220,IA_dificil,17,Derrota,5,Si
221,IA_facil,18,Derrota,9,Si
221,IA_medio,19,Derrota,4,Si
221,IA_dificil,21,Victoria,5,Si
222,IA_facil,18,Derrota,6,Si
222,IA_medio,19,Victoria,5,Si
222,IA_dificil,23,Derrota,8,Si
223,IA_facil,22,Derrota,6,Si
223,IA_medio,23,Derrota,5,Si
223,IA_dificil,22,Derrota,7,Si
224,IA_facil,19,Victoria,6,Si
224,IA_medio,17,Derrota,7,Si
224,IA_dificil,22,Derrota,6,Si
225,IA_facil,20,Derrota,7,Si
225,IA_medio,21,Victoria,8,Si
225,IA_dificil,22,Derrota,5,Si
226,IA_facil,21,Victoria,7,Si
226,IA_medio,23,Derrota,7,Si
226,IA_dificil,17,Derrota,7,Si
227,IA_facil,17,Derrota,5,Si
227,IA_medio,18,Derrota,6,Si
227,IA_dificil,19,Victoria,6,Si
228,IA_facil,18,Victoria,5,Si
228,IA_medio,22,Derrota,5,Si
228,IA_dificil,22,Derrota,6,Si
229,IA_facil,18,Derrota,4,Si
229,IA_medio,20,Victoria,6,Si
229,IA_dificil,19,Derrota,5,Si
230,IA_facil,17,Derrota,6,Si
230,IA_medio,20,Victoria,5,Si
230,IA_dificil,22,Derrota,4,Si
231,IA_facil,18,Victoria,4,Si
231,IA_medio,22,Derrota,4,Si
231,IA_dificil,22,Derrota,5,Si
232,IA_facil,19,Derrota,4,Si
232,IA_medio,17,Derrota,7,Si
232,IA_dificil,21,Victoria,5,Si
233,IA_facil,17,Derrota,5,Si
233,IA_medio,18,Victoria,4,Si
233,IA_dificil,24,Derrota,6,Si
234,IA_facil,19,Derrota,5,Si
234,IA_medio,17,Derrota,5,Si
234,IA_dificil,21,Victoria,6,Si
235,IA_facil,20,Victoria,5,Si
235,IA_medio,24,Derrota,5,Si
235,IA_dificil,19,Derrota,4,Si
236,IA_facil,17,Derrota,4,Si
236,IA_medio,20,Victoria,6,Si
236,IA_dificil,17,Derrota,4,Si
237,IA_facil,18,Victoria,4,Si
237,IA_medio,22,Derrota,7,Si
237,IA_dificil,17,Derrota,6,Si
238,IA_facil,19,Derrota,6,Si
238,IA_medio,20,Victoria,7,Si
238,IA_dificil,19,Derrota,9,Si
239,IA_facil,21,Empate,6,Si
239,IA_medio,21,Empate,8,Si
239,IA_dificil,17,Derrota,5,Si
240,IA_facil,20,Victoria,7,Si
240,IA_medio,18,Derrota,4,Si
240,IA_dificil,22,Derrota,7,Si
241,IA_facil,20,Empate,4,Si
241,IA_medio,17,Derrota,4,Si
241,IA_dificil,20,Empate,5,Si
242,IA_facil,17,Derrota,4,Si
242,IA_medio,17,Derrota,6,Si
242,IA_dificil,20,Victoria,8,Si
243,IA_facil,18,Victoria,5,Si
243,IA_medio,17,Derrota,5,Si
243,IA_dificil,17,Derrota,4,Si
244,IA_facil,20,Victoria,4,Si
244,IA_medio,17,Derrota,6,Si
244,IA_dificil,19,Derrota,5,Si
245,IA_facil,18,Derrota,5,Si
245,IA_medio,23,Derrota,7,Si
245,IA_dificil,20,Victoria,7,Si
246,IA_facil,17,Derrota,5,Si
246,IA_medio,20,Victoria,6,Si
246,IA_dificil,17,Derrota,5,Si
247,IA_facil,17,Derrota,4,Si
247,IA_medio,22,Derrota,9,Si
247,IA_dificil,19,Victoria,7,Si
248,IA_facil,20,Derrota,6,Si
248,IA_medio,19,Derrota,7,Si
248,IA_dificil,21,Victoria,5,Si
249,IA_facil,17,Derrota,6,Si
249,IA_medio,21,Victoria,5,Si
249,IA_dificil,19,Derrota,6,Si
250,IA_facil,19,Derrota,5,Si
250,IA_medio,20,Empate,7,Si
250,IA_dificil,20,Empate,6,Si
251,IA_facil,21,Victoria,6,Si
251,IA_medio,22,Derrota,6,Si
251,IA_dificil,19,Derrota,7,Si
252,IA_facil,21,Victoria,7,Si
252,IA_medio,17,Derrota,4,Si
252,IA_dificil,20,Derrota,5,Si
253,IA_facil,21,Victoria,5,Si
253,IA_medio,20,Derrota,6,Si
253,IA_dificil,18,Derrota,5,Si
254,IA_facil,17,Derrota,7,Si
254,IA_medio,21,Victoria,6,Si
254,IA_dificil,19,Derrota,6,Si
255,IA_facil,18,Victoria,5,Si
255,IA_medio,22,Derrota,5,Si
255,IA_dificil,24,Derrota,6,Si
256,IA_facil,18,Derrota,6,Si
256,IA_medio,20,Victoria,8,Si
256,IA_dificil,19,Derrota,5,Si
257,IA_facil,19,Empate,8,Si
257,IA_medio,19,Empate,5,Si
257,IA_dificil,17,Derrota,4,Si
258,IA_facil,21,Victoria,4,Si
258,IA_medio,18,Derrota,6,Si
258,IA_dificil,20,Derrota,6,Si
259,IA_facil,17,Derrota,5,Si
259,IA_medio,17,Derrota,6,Si
259,IA_dificil,21,Victoria,6,Si
260,IA_facil,20,Victoria,6,Si
260,IA_medio,18,Derrota,6,Si
260,IA_dificil,18,Derrota,5,Si
261,IA_facil,17,Derrota,3,Si
261,IA_medio,20,Victoria,6,Si
261,IA_dificil,22,Derrota,8,Si
262,IA_facil,18,Empate,4,Si
262,IA_medio,24,Derrota,6,Si
262,IA_dificil,18,Empate,4,Si
263,IA_facil,17,Derrota,4,Si
263,IA_medio,18,Empate,6,Si
263,IA_dificil,18,Empate,5,Si
264,IA_facil,17,Derrota,5,Si
264,IA_medio,22,Derrota,4,Si
264,IA_dificil,19,Victoria,4,Si
265,IA_facil,18,Empate,6,Si
265,IA_medio,25,Derrota,6,Si
265,IA_dificil,18,Empate,5,Si
266,IA_facil,17,Derrota,4,Si
266,IA_medio,20,Victoria,7,Si
266,IA_dificil,17,Derrota,6,Si
267,IA_facil,18,Empate,5,Si
267,IA_medio,18,Empate,6,Si
267,IA_dificil,17,Derrota,5,Si
268,IA_facil,19,Derrota,6,Si
268,IA_medio,20,Victoria,7,Si
268,IA_dificil,17,Derrota,4,Si
269,IA_facil,20,Empate,5,Si
269,IA_medio,22,Derrota,4,Si
269,IA_dificil,20,Empate,7,Si
270,IA_facil,17,Derrota,7,Si
270,IA_medio,23,Derrota,9,Si
270,IA_dificil,21,Victoria,5,Si
271,IA_facil,20,Victoria,6,Si
271,IA_medio,18,Derrota,4,Si
271,IA_dificil,18,Derrota,4,Si
272,IA_facil,20,Empate,4,Si
272,IA_medio,20,Empate,8,Si
272,IA_dificil,17,Derrota,6,Si
273,IA_facil,18,Victoria,5,Si
273,IA_medio,22,Derrota,6,Si
273,IA_dificil,17,Derrota,8,Si
274,IA_facil,17,Derrota,5,Si
274,IA_medio,21,Empate,5,Si
274,IA_dificil,21,Empate,7,Si
275,IA_facil,19,Victoria,7,Si
275,IA_medio,22,Derrota,7,Si
275,IA_dificil,18,Derrota,5,Si
276,IA_facil,17,Derrota,4,Si
276,IA_medio,22,Derrota,8,Si
276,IA_dificil,21,Victoria,5,Si
277,IA_facil,18,Derrota,5,Si
277,IA_medio,19,Victoria,6,Si
277,IA_dificil,17,Derrota,7,Si
278,IA_facil,20,Victoria,6,Si
278,IA_medio,19,Derrota,6,Si
278,IA_dificil,19,Derrota,6,Si
279,IA_facil,22,Derrota,6,Si
279,IA_medio,18,Derrota,5,Si
279,IA_dificil,21,Victoria,5,Si
280,IA_facil,17,Derrota,6,Si
280,IA_medio,22,Derrota,6,Si
280,IA_dificil,18,Victoria,4,Si
281,IA_facil,21,Victoria,7,Si
281,IA_medio,17,Derrota,7,Si
281,IA_dificil,17,Derrota,7,Si
282,IA_facil,19,Derrota,4,Si
282,IA_medio,20,Victoria,7,Si
282,IA_dificil,17,Derrota,4,Si
283,IA_facil,19,Derrota,6,Si
283,IA_medio,21,Victoria,7,Si
283,IA_dificil,22,Derrota,6,Si
284,IA_facil,17,Empate,5,Si
284,IA_medio,17,Empate,5,Si
284,IA_dificil,22,Derrota,6,Si
285,IA_facil,17,Derrota,5,Si
285,IA_medio,19,Victoria,5,Si
285,IA_dificil,23,Derrota,5,Si
286,IA_facil,18,Derrota,5,Si
286,IA_medio,20,Empate,5,Si
286,IA_dificil,20,Empate,7,Si
287,IA_facil,18,Victoria,7,Si
287,IA_medio,17,Derrota,7,Si
287,IA_dificil,22,Derrota,5,Si
288,IA_facil,20,Derrota,6,Si
288,IA_medio,21,Victoria,5,Si
288,IA_dificil,20,Derrota,6,Si
289,IA_facil,17,Derrota,5,Si
289,IA_medio,19,Empate,6,Si
289,IA_dificil,19,Empate,4,Si
290,IA_facil,18,Victoria,7,Si
290,IA_medio,22,Derrota,6,Si
290,IA_dificil,22,Derrota,6,Si
291,IA_facil,18,Derrota,5,Si
291,IA_medio,17,Derrota,5,Si
291,IA_dificil,20,Victoria,4,Si
292,IA_facil,21,Empate,4,Si
292,IA_medio,21,Empate,5,Si
292,IA_dificil,21,Empate,4,Si
293,IA_facil,17,Derrota,6,Si
293,IA_medio,19,Derrota,7,Si
293,IA_dificil,21,Victoria,5,Si
294,IA_facil,17,Derrota,5,Si
294,IA_medio,19,Victoria,5,Si
294,IA_dificil,23,Derrota,5,Si
295,IA_facil,21,Victoria,6,Si
295,IA_medio,19,Derrota,7,Si
295,IA_dificil,23,Derrota,5,Si
296,IA_facil,17,Derrota,7,Si
296,IA_medio,20,Victoria,5,Si
296,IA_dificil,22,Derrota,5,Si
297,IA_facil,17,Derrota,3,Si
297,IA_medio,18,Victoria,6,Si
297,IA_dificil,22,Derrota,5,Si
298,IA_facil,17,Derrota,4,Si
298,IA_medio,20,Victoria,6,Si
298,IA_dificil,22,Derrota,5,Si
299,IA_facil,21,Empate,8,Si
299,IA_medio,19,Derrota,7,Si
299,IA_dificil,21,Empate,5,Si
300,IA_facil,20,Victoria,4,Si
300,IA_medio,22,Derrota,6,Si
300,IA_dificil,22,Derrota,5,Si
301,IA_facil,18,Derrota,6,Si
301,IA_medio,17,Derrota,4,Si
301,IA_dificil,19,Victoria,4,Si
302,IA_facil,22,Derrota,5,Si
302,IA_medio,19,Empate,6,Si
302,IA_dificil,19,Empate,4,Si
303,IA_facil,18,Derrota,4,Si
303,IA_medio,20,Derrota,7,Si
303,IA_dificil,21,Victoria,5,Si
304,IA_facil,19,Derrota,4,Si
304,IA_medio,20,Victoria,5,Si
304,IA_dificil,18,Derrota,3,Si
305,IA_facil,18,Derrota,4,Si
305,IA_medio,19,Empate,7,Si
305,IA_dificil,19,Empate,5,Si
306,IA_facil,19,Derrota,5,Si
306,IA_medio,22,Derrota,4,Si
306,IA_dificil,21,Victoria,6,Si
307,IA_facil,17,Derrota,4,Si
307,IA_medio,20,Empate,5,Si
307,IA_dificil,20,Empate,8,Si
308,IA_facil,17,Derrota,6,Si
308,IA_medio,21,Victoria,5,Si
308,IA_dificil,17,Derrota,6,Si
309,IA_facil,17,Derrota,6,Si
309,IA_medio,19,Derrota,4,Si
309,IA_dificil,20,Victoria,5,Si
310,IA_facil,17,Derrota,6,Si
310,IA_medio,20,Victoria,6,Si
310,IA_dificil,17,Derrota,4,Si
311,IA_facil,21,Victoria,6,Si
311,IA_medio,20,Derrota,7,Si
311,IA_dificil,20,Derrota,5,Si
312,IA_facil,19,Derrota,6,Si
312,IA_medio,22,Derrota,7,Si
312,IA_dificil,21,Victoria,9,Si
313,IA_facil,17,Derrota,5,Si
313,IA_medio,23,Derrota,6,Si
313,IA_dificil,19,Victoria,6,Si
314,IA_facil,17,Derrota,5,Si
314,IA_medio,21,Victoria,8,Si
314,IA_dificil,19,Derrota,7,Si
315,IA_facil,19,Derrota,5,Si
315,IA_medio,21,Victoria,5,Si
315,IA_dificil,19,Derrota,4,Si
316,IA_facil,17,Derrota,4,Si
316,IA_medio,18,Derrota,4,Si
316,IA_dificil,20,Victoria,6,Si
317,IA_facil,17,Derrota,5,Si
317,IA_medio,21,Victoria,6,Si
317,IA_dificil,17,Derrota,6,Si
318,IA_facil,21,Victoria,7,Si
318,IA_medio,18,Derrota,4,Si
318,IA_dificil,19,Derrota,6,Si
319,IA_facil,17,Derrota,4,Si
319,IA_medio,20,Empate,5,Si
319,IA_dificil,20,Empate,5,Si
320,IA_facil,18,Victoria,6,Si
320,IA_medio,17,Derrota,6,Si
320,IA_dificil,17,Derrota,7,Si
321,IA_facil,17,Derrota,6,Si
321,IA_medio,21,Empate,5,Si
321,IA_dificil,21,Empate,5,Si
322,IA_facil,19,Victoria,5,Si
322,IA_medio,17,Derrota,5,Si
322,IA_dificil,17,Derrota,4,Si
323,IA_facil,18,Derrota,4,Si
323,IA_medio,21,Victoria,6,Si
323,IA_dificil,17,Derrota,5,Si
324,IA_facil,21,Victoria,5,Si
324,IA_medio,20,Derrota,7,Si
324,IA_dificil,22,Derrota,6,Si
325,IA_facil,19,Victoria,7,Si
325,IA_medio,22,Derrota,6,Si
325,IA_dificil,23,Derrota,7,Si
326,IA_facil,22,Derrota,5,Si
326,IA_medio,17,Derrota,7,Si
326,IA_dificil,21,Victoria,6,Si
327,IA_facil,19,Victoria,6,Si
327,IA_medio,17,Derrota,5,Si
327,IA_dificil,18,Derrota,6,Si
328,IA_facil,18,Empate,5,Si
328,IA_medio,17,Derrota,6,Si
328,IA_dificil,18,Empate,7,Si
329,IA_facil,20,Derrota,6,Si
329,IA_medio,21,Empate,5,Si
329,IA_dificil,21,Empate,5,Si
330,IA_facil,18,Victoria,5,Si
330,IA_medio,17,Derrota,5,Si
330,IA_dificil,24,Derrota,7,Si
331,IA_facil,17,Derrota,6,Si
331,IA_medio,21,Victoria,6,Si
331,IA_dificil,24,Derrota,5,Si
332,IA_facil,17,Derrota,5,Si
332,IA_medio,23,Derrota,7,Si
332,IA_dificil,20,Victoria,7,Si
333,IA_facil,18,Derrota,6,Si
333,IA_medio,17,Derrota,4,Si
333,IA_dificil,19,Victoria,7,Si
334,IA_facil,19,Derrota,5,Si
334,IA_medio,20,Derrota,7,Si
334,IA_dificil,21,Victoria,8,Si
335,IA_facil,19,Victoria,7,Si
335,IA_medio,17,Derrota,5,Si
335,IA_dificil,17,Derrota,6,Si
336,IA_facil,20,Empate,8,Si
336,IA_medio,19,Derrota,6,Si
336,IA_dificil,20,Empate,7,Si
337,IA_facil,17,Derrota,7,Si
337,IA_medio,19,Victoria,4,Si
337,IA_dificil,18,Derrota,8,Si
338,IA_facil,18,Victoria,6,Si
338,IA_medio,22,Derrota,5,Si
338,IA_dificil,22,Derrota,5,Si
339,IA_facil,17,Derrota,4,Si
339,IA_medio,18,Victoria,4,Si
339,IA_dificil,24,Derrota,5,Si
340,IA_facil,18,Derrota,6,Si
340,IA_medio,23,Derrota,5,Si
340,IA_dificil,20,Victoria,4,Si
341,IA_facil,17,Derrota,4,Si
341,IA_medio,18,Victoria,5,Si
341,IA_dificil,24,Derrota,11,Si
342,IA_facil,18,Derrota,5,Si
342,IA_medio,19,Victoria,6,Si
342,IA_dificil,18,Derrota,8,Si
343,IA_facil,20,Victoria,6,Si
343,IA_medio,22,Derrota,7,Si
343,IA_dificil,17,Derrota,5,Si
344,IA_facil,19,Victoria,5,Si
344,IA_medio,17,Derrota,5,Si
344,IA_dificil,17,Derrota,4,Si
345,IA_facil,18,Derrota,5,Si
345,IA_medio,19,Derrota,5,Si
345,IA_dificil,21,Victoria,6,Si
346,IA_facil,18,Empate,5,Si
346,IA_medio,24,Derrota,5,Si
346,IA_dificil,18,Empate,3,Si
347,IA_facil,17,Derrota,3,Si
347,IA_medio,20,Victoria,7,Si
347,IA_dificil,22,Derrota,5,Si
348,IA_facil,22,Derrota,6,Si
348,IA_medio,24,Derrota,6,Si
348,IA_dificil,17,Victoria,5,Si
349,IA_facil,22,Derrota,6,Si
349,IA_medio,20,Victoria,4,Si
349,IA_dificil,18,Derrota,5,Si
350,IA_facil,17,Derrota,5,Si
350,IA_medio,18,Victoria,5,Si
350,IA_dificil,25,Derrota,7,Si
351,IA_facil,17,Empate,6,Si
351,IA_medio,17,Empate,5,Si
351,IA_dificil,24,Derrota,7,Si
352,IA_facil,17,Empate,3,Si
352,IA_medio,24,Derrota,6,Si
352,IA_dificil,17,Empate,5,Si
353,IA_facil,22,Derrota,6,Si
353,IA_medio,23,Derrota,6,Si
353,IA_dificil,20,Victoria,5,Si
354,IA_facil,20,Derrota,8,Si
354,IA_medio,21,Victoria,7,Si
354,IA_dificil,19,Derrota,6,Si
355,IA_facil,18,Derrota,6,Si
355,IA_medio,25,Derrota,7,Si
355,IA_dificil,19,Victoria,5,Si
356,IA_facil,22,Derrota,5,Si
356,IA_medio,18,Empate,6,Si
356,IA_dificil,18,Empate,6,Si
357,IA_facil,18,Derrota,5,Si
357,IA_medio,20,Empate,4,Si
357,IA_dificil,20,Empate,8,Si
358,IA_facil,19,Derrota,5,Si
358,IA_medio,21,Victoria,8,Si
358,IA_dificil,17,Derrota,5,Si
359,IA_facil,17,Empate,5,Si
359,IA_medio,17,Empate,4,Si
359,IA_dificil,17,Empate,6,Si
360,IA_facil,19,Derrota,7,Si
360,IA_medio,21,Victoria,5,Si
360,IA_dificil,17,Derrota,4,Si
361,IA_facil,22,Derrota,6,Si
361,IA_medio,21,Empate,5,Si
361,IA_dificil,21,Empate,7,Si
362,IA_facil,18,Derrota,4,Si
362,IA_medio,17,Derrota,4,Si
362,IA_dificil,20,Victoria,7,Si
363,IA_facil,18,Empate,3,Si
363,IA_medio,18,Empate,5,Si
363,IA_dificil,23,Derrota,6,Si
364,IA_facil,17,Derrota,5,Si
364,IA_medio,25,Derrota,9,Si
364,IA_dificil,20,Victoria,4,Si
365,IA_facil,21,Victoria,6,Si
365,IA_medio,17,Derrota,6,Si
365,IA_dificil,22,Derrota,10,Si
366,IA_facil,17,Derrota,5,Si
366,IA_medio,18,Empate,4,Si
366,IA_dificil,18,Empate,4,Si
367,IA_facil,20,Derrota,5,Si
367,IA_medio,17,Derrota,6,Si
367,IA_dificil,21,Victoria,7,Si
368,IA_facil,18,Derrota,5,Si
368,IA_medio,19,Empate,6,Si
368,IA_dificil,19,Empate,5,Si
369,IA_facil,20,Victoria,7,Si
369,IA_medio,17,Derrota,4,Si
369,IA_dificil,17,Derrota,6,Si
370,IA_facil,17,Derrota,7,Si
370,IA_medio,21,Victoria,6,Si
370,IA_dificil,24,Derrota,6,Si
371,IA_facil,22,Derrota,5,Si
371,IA_medio,20,Empate,9,Si
371,IA_dificil,20,Empate,6,Si
372,IA_facil,20,Victoria,5,Si
372,IA_medio,19,Derrota,4,Si
372,IA_dificil,18,Derrota,6,Si
373,IA_facil,18,Victoria,8,Si
373,IA_medio,17,Derrota,5,Si
373,IA_dificil,17,Derrota,6,Si
374,IA_facil,18,Derrota,6,Si
374,IA_medio,17,Derrota,4,Si
374,IA_dificil,19,Victoria,5,Si
375,IA_facil,18,Victoria,5,Si
375,IA_medio,17,Derrota,5,Si
375,IA_dificil,17,Derrota,4,Si
376,IA_facil,17,Derrota,4,Si
376,IA_medio,21,Empate,6,Si
376,IA_dificil,21,Empate,7,Si
377,IA_facil,18,Derrota,4,Si
377,IA_medio,21,Victoria,5,Si
377,IA_dificil,20,Derrota,4,Si
378,IA_facil,22,Derrota,5,Si
378,IA_medio,20,Victoria,5,Si
378,IA_dificil,17,Derrota,4,Si
379,IA_facil,20,Empate,5,Si
379,IA_medio,19,Derrota,5,Si
379,IA_dificil,20,Empate,5,Si
380,IA_facil,21,Empate,5,Si
380,IA_medio,23,Derrota,7,Si
380,IA_dificil,21,Empate,6,Si
381,IA_facil,18,Victoria,6,Si
381,IA_medio,17,Derrota,4,Si
381,IA_dificil,17,Derrota,4,Si
382,IA_facil,17,Derrota,6,Si
382,IA_medio,22,Derrota,7,Si
382,IA_dificil,18,Victoria,5,Si
383,IA_facil,20,Empate,5,Si
383,IA_medio,20,Empate,4,Si
383,IA_dificil,20,Empate,6,Si
384,IA_facil,19,Victoria,5,Si
384,IA_medio,17,Derrota,5,Si
384,IA_dificil,18,Derrota,4,Si
385,IA_facil,18,Derrota,5,Si
385,IA_medio,21,Victoria,5,Si
385,IA_dificil,17,Derrota,4,Si
386,IA_facil,21,Victoria,6,Si
386,IA_medio,20,Derrota,8,Si
386,IA_dificil,20,Derrota,4,Si
387,IA_facil,18,Derrota,4,Si
387,IA_medio,17,Derrota,4,Si
387,IA_dificil,20,Victoria,7,Si
388,IA_facil,18,Derrota,5,Si
388,IA_medio,21,Victoria,7,Si
388,IA_dificil,20,Derrota,6,Si
389,IA_facil,17,Derrota,4,Si
389,IA_medio,21,Victoria,7,Si
389,IA_dificil,19,Derrota,7,Si
390,IA_facil,19,Victoria,7,Si
390,IA_medio,22,Derrota,6,Si
390,IA_dificil,22,Derrota,4,Si
391,IA_facil,19,Derrota,5,Si
391,IA_medio,21,Victoria,5,Si
391,IA_dificil,17,Derrota,5,Si
392,IA_facil,20,Victoria,6,Si
392,IA_medio,25,Derrota,7,Si
392,IA_dificil,22,Derrota,4,Si
393,IA_facil,18,Derrota,4,Si
393,IA_medio,19,Empate,6,Si
393,IA_dificil,19,Empate,4,Si
394,IA_facil,18,Victoria,4,Si
394,IA_medio,17,Derrota,6,Si
394,IA_dificil,22,Derrota,8,Si
395,IA_facil,22,Derrota,6,Si
395,IA_medio,24,Derrota,5,Si
395,IA_dificil,18,Victoria,5,Si
396,IA_facil,18,Derrota,5,Si
396,IA_medio,17,Derrota,4,Si
396,IA_dificil,21,Victoria,6,Si
397,IA_facil,17,Derrota,4,Si
397,IA_medio,22,Derrota,6,Si
397,IA_dificil,21,Victoria,5,Si
398,IA_facil,17,Derrota,6,Si
398,IA_medio,21,Victoria,5,Si
398,IA_dificil,20,Derrota,7,Si
399,IA_facil,22,Derrota,5,Si
399,IA_medio,18,Empate,6,Si
399,IA_dificil,18,Empate,3,Si
400,IA_facil,21,Victoria,5,Si
400,IA_medio,22,Derrota,5,Si
400,IA_dificil,19,Derrota,5,Si
401,IA_facil,17,Derrota,6,Si
401,IA_medio,17,Derrota,6,Si
401,IA_dificil,19,Victoria,6,Si
402,IA_facil,18,Derrota,5,Si
402,IA_medio,19,Victoria,6,Si
402,IA_dificil,18,Derrota,4,Si
403,IA_facil,18,Derrota,8,Si
403,IA_medio,24,Derrota,7,Si
403,IA_dificil,20,Victoria,4,Si
404,IA_facil,17,Derrota,5,Si
404,IA_medio,21,Victoria,5,Si
404,IA_dificil,17,Derrota,6,Si
405,IA_facil,20,Victoria,8,Si
405,IA_medio,18,Derrota,5,Si
405,IA_dificil,19,Derrota,4,Si
406,IA_facil,20,Victoria,5,Si
406,IA_medio,17,Derrota,5,Si
406,IA_dificil,22,Derrota,6,Si
407,IA_facil,19,Victoria,6,Si
407,IA_medio,17,Derrota,5,Si
407,IA_dificil,18,Derrota,6,Si
408,IA_facil,21,Victoria,5,Si
408,IA_medio,22,Derrota,8,Si
408,IA_dificil,18,Derrota,6,Si
409,IA_facil,17,Derrota,3,Si
409,IA_medio,19,Derrota,6,Si
409,IA_dificil,21,Victoria,6,Si
410,IA_facil,21,Victoria,5,Si
410,IA_medio,18,Derrota,7,Si
410,IA_dificil,18,Derrota,5,Si
411,IA_facil,21,Empate,6,Si
411,IA_medio,21,Empate,7,Si
411,IA_dificil,21,Empate,7,Si
412,IA_facil,18,Derrota,6,Si
412,IA_medio,19,Victoria,5,Si
412,IA_dificil,24,Derrota,6,Si
413,IA_facil,21,Victoria,5,Si
413,IA_medio,20,Derrota,5,Si
413,IA_dificil,24,Derrota,6,Si
414,IA_facil,20,Derrota,6,Si
414,IA_medio,20,Derrota,5,Si
414,IA_dificil,21,Victoria,7,Si
415,IA_facil,20,Derrota,6,Si
415,IA_medio,18,Derrota,5,Si
415,IA_dificil,21,Victoria,6,Si
416,IA_facil,20,Derrota,5,Si
416,IA_medio,21,Empate,7,Si
416,IA_dificil,21,Empate,5,Si
417,IA_facil,20,Victoria,6,Si
417,IA_medio,18,Derrota,5,Si
417,IA_dificil,22,Derrota,5,Si
418,IA_facil,19,Derrota,5,Si
418,IA_medio,20,Victoria,6,Si
418,IA_dificil,19,Derrota,7,Si
419,IA_facil,18,Victoria,5,Si
419,IA_medio,17,Derrota,6,Si
419,IA_dificil,24,Derrota,7,Si
420,IA_facil,19,Derrota,4,Si
420,IA_medio,23,Derrota,5,Si
420,IA_dificil,21,Victoria,6,Si
421,IA_facil,18,Derrota,4,Si
421,IA_medio,19,Empate,4,Si
421,IA_dificil,19,Empate,5,Si
422,IA_facil,21,Victoria,7,Si
422,IA_medio,17,Derrota,5,Si
422,IA_dificil,22,Derrota,6,Si
423,IA_facil,21,Empate,6,Si
423,IA_medio,21,Empate,4,Si
423,IA_dificil,18,Derrota,5,Si
424,IA_facil,21,Victoria,4,Si
424,IA_medio,17,Derrota,7,Si
424,IA_dificil,17,Derrota,8,Si
425,IA_facil,17,Derrota,5,Si
425,IA_medio,17,Derrota,6,Si
425,IA_dificil,18,Victoria,6,Si
426,IA_facil,21,Victoria,5,Si
426,IA_medio,20,Derrota,6,Si
426,IA_dificil,20,Derrota,6,Si
427,IA_facil,19,Derrota,4,Si
427,IA_medio,25,Derrota,6,Si
427,IA_dificil,20,Victoria,4,Si
428,IA_facil,21,Victoria,5,Si
428,IA_medio,18,Derrota,6,Si
428,IA_dificil,17,Derrota,5,Si
429,IA_facil,18,Derrota,6,Si
429,IA_medio,18,Derrota,5,Si
429,IA_dificil,19,Victoria,4,Si
430,IA_facil,20,Victoria,6,Si
430,IA_medio,17,Derrota,4,Si
430,IA_dificil,22,Derrota,6,Si
431,IA_facil,20,Empate,5,Si
431,IA_medio,18,Derrota,6,Si
431,IA_dificil,20,Empate,4,Si
432,IA_facil,17,Derrota,4,Si
432,IA_medio,20,Victoria,6,Si
432,IA_dificil,19,Derrota,5,Si
433,IA_facil,20,Derrota,6,Si
433,IA_medio,20,Derrota,5,Si
433,IA_dificil,21,Victoria,5,Si
434,IA_facil,19,Derrota,4,Si
434,IA_medio,20,Derrota,5,Si
434,IA_dificil,21,Victoria,6,Si
435,IA_facil,17,Derrota,5,Si
435,IA_medio,19,Victoria,6,Si
435,IA_dificil,18,Derrota,5,Si
436,IA_facil,20,Empate,6,Si
436,IA_medio,20,Empate,6,Si
436,IA_dificil,20,Empate,6,Si
437,IA_facil,20,Empate,6,Si
437,IA_medio,18,Derrota,6,Si
437,IA_dificil,20,Empate,5,Si
438,IA_facil,18,Empate,5,Si
438,IA_medio,24,Derrota,7,Si
438,IA_dificil,18,Empate,4,Si
439,IA_facil,20,Victoria,8,Si
439,IA_medio,18,Derrota,5,Si
439,IA_dificil,17,Derrota,4,Si
440,IA_facil,17,Derrota,4,Si
440,IA_medio,20,Victoria,5,Si
440,IA_dificil,17,Derrota,5,Si
441,IA_facil,17,Derrota,6,Si
441,IA_medio,20,Derrota,9,Si
441,IA_dificil,21,Victoria,5,Si
442,IA_facil,18,Derrota,5,Si
442,IA_medio,21,Victoria,5,Si
442,IA_dificil,23,Derrota,6,Si
443,IA_facil,17,Derrota,4,Si
443,IA_medio,17,Derrota,6,Si
443,IA_dificil,18,Victoria,7,Si
444,IA_facil,18,Derrota,6,Si
444,IA_medio,18,Derrota,6,Si
444,IA_dificil,20,Victoria,7,Si
445,IA_facil,19,Victoria,7,Si
445,IA_medio,18,Derrota,6,Si
445,IA_dificil,17,Derrota,4,Si
446,IA_facil,21,Victoria,4,Si
446,IA_medio,18,Derrota,7,Si
446,IA_dificil,18,Derrota,5,Si
447,IA_facil,17,Derrota,6,Si
447,IA_medio,21,Victoria,5,Si
447,IA_dificil,20,Derrota,4,Si
448,IA_facil,17,Derrota,6,Si
448,IA_medio,20,Victoria,6,Si
448,IA_dificil,22,Derrota,6,Si
449,IA_facil,20,Derrota,4,Si
449,IA_medio,21,Empate,4,Si
449,IA_dificil,21,Empate,5,Si
450,IA_facil,20,Victoria,10,Si
450,IA_medio,18,Derrota,6,Si
450,IA_dificil,17,Derrota,5,Si
451,IA_facil,20,Empate,5,Si
451,IA_medio,20,Empate,7,Si
451,IA_dificil,22,Derrota,6,Si
452,IA_facil,18,Victoria,7,Si
452,IA_medio,22,Derrota,7,Si
452,IA_dificil,22,Derrota,4,Si
453,IA_facil,17,Derrota,7,Si
453,IA_medio,21,Victoria,5,Si
453,IA_dificil,18,Derrota,6,Si
454,IA_facil,22,Derrota,5,Si
454,IA_medio,17,Derrota,5,Si
454,IA_dificil,20,Victoria,5,Si
455,IA_facil,17,Victoria,6,Si
455,IA_medio,24,Derrota,6,Si
455,IA_dificil,22,Derrota,6,Si
456,IA_facil,18,Derrota,4,Si
456,IA_medio,20,Victoria,5,Si
456,IA_dificil,17,Derrota,7,Si
457,IA_facil,18,Derrota,4,Si
457,IA_medio,20,Derrota,5,Si
457,IA_dificil,21,Victoria,7,Si
458,IA_facil,21,Victoria,6,Si
458,IA_medio,20,Derrota,6,Si
458,IA_dificil,20,Derrota,7,Si
459,IA_facil,17,Derrota,6,Si
459,IA_medio,18,Victoria,6,Si
459,IA_dificil,22,Derrota,6,Si
460,IA_facil,17,Derrota,7,Si
460,IA_medio,21,Victoria,4,Si
460,IA_dificil,20,Derrota,5,Si
461,IA_facil,19,Derrota,5,Si
461,IA_medio,20,Victoria,5,Si
461,IA_dificil,23,Derrota,6,Si
462,IA_facil,17,Derrota,5,Si
462,IA_medio,21,Victoria,5,Si
462,IA_dificil,20,Derrota,5,Si
463,IA_facil,17,Derrota,4,Si
463,IA_medio,22,Derrota,6,Si
463,IA_dificil,18,Victoria,5,Si
464,IA_facil,20,Derrota,4,Si
464,IA_medio,21,Victoria,5,Si
464,IA_dificil,18,Derrota,6,Si
465,IA_facil,21,Empate,5,Si
465,IA_medio,21,Empate,7,Si
465,IA_dificil,17,Derrota,7,Si
466,IA_facil,19,Derrota,5,Si
466,IA_medio,22,Derrota,7,Si
466,IA_dificil,21,Victoria,5,Si
467,IA_facil,18,Derrota,5,Si
467,IA_medio,20,Victoria,4,Si
467,IA_dificil,22,Derrota,5,Si
468,IA_facil,20,Victoria,6,Si
468,IA_medio,24,Derrota,5,Si
468,IA_dificil,24,Derrota,5,Si
469,IA_facil,19,Empate,6,Si
469,IA_medio,18,Derrota,5,Si
469,IA_dificil,19,Empate,5,Si
470,IA_facil,17,Derrota,7,Si
470,IA_medio,25,Derrota,6,Si
470,IA_dificil,19,Victoria,5,Si
471,IA_facil,17,Derrota,3,Si
471,IA_medio,19,Derrota,7,Si
471,IA_dificil,20,Victoria,5,Si
472,IA_facil,18,Empate,5,Si
472,IA_medio,18,Empate,7,Si
472,IA_dificil,22,Derrota,6,Si
473,IA_facil,17,Empate,5,Si
473,IA_medio,17,Empate,4,Si
473,IA_dificil,17,Empate,4,Si
474,IA_facil,22,Derrota,5,Si
474,IA_medio,19,Empate,4,Si
474,IA_dificil,19,Empate,5,Si
475,IA_facil,18,Derrota,4,Si
475,IA_medio,22,Derrota,7,Si
475,IA_dificil,19,Victoria,5,Si
476,IA_facil,22,Derrota,6,Si
476,IA_medio,17,Derrota,5,Si
476,IA_dificil,20,Victoria,5,Si
477,IA_facil,19,Victoria,4,Si
477,IA_medio,23,Derrota,8,Si
477,IA_dificil,18,Derrota,6,Si
478,IA_facil,21,Empate,5,Si
478,IA_medio,21,Empate,7,Si
478,IA_dificil,20,Derrota,4,Si
479,IA_facil,20,Derrota,7,Si
479,IA_medio,20,Derrota,6,Si
479,IA_dificil,21,Victoria,7,Si
480,IA_facil,21,Victoria,7,Si
480,IA_medio,20,Derrota,4,Si
480,IA_dificil,17,Derrota,6,Si
481,IA_facil,17,Derrota,5,Si
481,IA_medio,18,Derrota,4,Si
481,IA_dificil,21,Victoria,11,Si
482,IA_facil,20,Derrota,5,Si
482,IA_medio,21,Victoria,5,Si
482,IA_dificil,20,Derrota,6,Si
483,IA_facil,17,Derrota,7,Si
483,IA_medio,18,Victoria,4,Si
483,IA_dificil,17,Derrota,6,Si
484,IA_facil,18,Empate,4,Si
484,IA_medio,17,Derrota,4,Si
484,IA_dificil,18,Empate,5,Si
485,IA_facil,20,Victoria,4,Si
485,IA_medio,19,Derrota,5,Si
485,IA_dificil,19,Derrota,5,Si
486,IA_facil,22,Derrota,5,Si
486,IA_medio,20,Victoria,7,Si
486,IA_dificil,19,Derrota,4,Si
487,IA_facil,21,Victoria,6,Si
487,IA_medio,23,Derrota,8,Si
487,IA_dificil,22,Derrota,6,Si
488,IA_facil,19,Victoria,7,Si
488,IA_medio,17,Derrota,6,Si
488,IA_dificil,22,Derrota,4,Si
489,IA_facil,17,Empate,6,Si
489,IA_medio,23,Derrota,4,Si
489,IA_dificil,17,Empate,4,Si
490,IA_facil,17,Derrota,5,Si
490,IA_medio,17,Derrota,5,Si
490,IA_dificil,20,Victoria,5,Si
491,IA_facil,18,Derrota,7,Si
491,IA_medio,22,Derrota,6,Si
491,IA_dificil,19,Victoria,6,Si
492,IA_facil,21,Victoria,6,Si
492,IA_medio,19,Derrota,9,Si
492,IA_dificil,20,Derrota,6,Si
493,IA_facil,20,Victoria,6,Si
493,IA_medio,17,Derrota,4,Si
493,IA_dificil,17,Derrota,4,Si
494,IA_facil,18,Derrota,6,Si
494,IA_medio,20,Victoria,5,Si
494,IA_dificil,22,Derrota,6,Si
495,IA_facil,20,Victoria,4,Si
495,IA_medio,22,Derrota,5,Si
495,IA_dificil,18,Derrota,4,Si
496,IA_facil,19,Derrota,5,Si
496,IA_medio,20,Victoria,5,Si
496,IA_dificil,23,Derrota,4,Si
497,IA_facil,17,Derrota,5,Si
497,IA_medio,23,Derrota,9,Si
497,IA_dificil,21,Victoria,5,Si
498,IA_facil,20,Derrota,4,Si
498,IA_medio,20,Derrota,8,Si
498,IA_dificil,21,Victoria,5,Si
499,IA_facil,21,Empate,5,Si
499,IA_medio,23,Derrota,5,Si
499,IA_dificil,21,Empate,7,Si
500,IA_facil,17,Derrota,7,Si
500,IA_medio,22,Derrota,6,Si
500,IA_dificil,20,Victoria,7,Si
501,IA_facil,19,Derrota,5,Si
501,IA_medio,21,Victoria,5,Si
501,IA_dificil,17,Derrota,6,Si
502,IA_facil,18,Derrota,4,Si
502,IA_medio,19,Victoria,6,Si
502,IA_dificil,18,Derrota,5,Si
503,IA_facil,17,Derrota,5,Si
503,IA_medio,18,Empate,6,Si
503,IA_dificil,18,Empate,5,Si
504,IA_facil,18,Derrota,6,Si
504,IA_medio,20,Victoria,8,Si
504,IA_dificil,18,Derrota,4,Si
505,IA_facil,19,Victoria,5,Si
505,IA_medio,23,Derrota,7,Si
505,IA_dificil,17,Derrota,4,Si
506,IA_facil,17,Derrota,4,Si
506,IA_medio,19,Victoria,7,Si
506,IA_dificil,22,Derrota,5,Si
507,IA_facil,17,Victoria,7,Si
507,IA_medio,22,Derrota,5,Si
507,IA_dificil,22,Derrota,5,Si
508,IA_facil,20,Derrota,6,Si
508,IA_medio,18,Derrota,6,Si
508,IA_dificil,21,Victoria,5,Si
509,IA_facil,18,Victoria,8,Si
509,IA_medio,17,Derrota,4,Si
509,IA_dificil,23,Derrota,5,Si
510,IA_facil,17,Derrota,5,Si
510,IA_medio,24,Derrota,5,Si
510,IA_dificil,19,Victoria,8,Si
511,IA_facil,18,Derrota,4,Si
511,IA_medio,24,Derrota,6,Si
511,IA_dificil,21,Victoria,4,Si
512,IA_facil,18,Derrota,4,Si
512,IA_medio,21,Victoria,5,Si
512,IA_dificil,18,Derrota,5,Si
513,IA_facil,18,Victoria,5,Si
513,IA_medio,23,Derrota,8,Si
513,IA_dificil,23,Derrota,5,Si
514,IA_facil,18,Derrota,4,Si
514,IA_medio,17,Derrota,5,Si
514,IA_dificil,19,Victoria,5,Si
515,IA_facil,17,Derrota,5,Si
515,IA_medio,20,Derrota,5,Si
515,IA_dificil,21,Victoria,8,Si
516,IA_facil,18,Derrota,6,Si
516,IA_medio,21,Empate,7,Si
516,IA_dificil,21,Empate,5,Si
517,IA_facil,21,Empate,6,Si
517,IA_medio,23,Derrota,7,Si
517,IA_dificil,21,Empate,5,Si
518,IA_facil,18,Empate,4,Si
518,IA_medio,18,Empate,6,Si
518,IA_dificil,18,Empate,6,Si
519,IA_facil,17,Derrota,5,Si
519,IA_medio,23,Derrota,7,Si
519,IA_dificil,18,Victoria,6,Si
520,IA_facil,17,Derrota,6,Si
520,IA_medio,17,Derrota,5,Si
520,IA_dificil,19,Victoria,5,Si
521,IA_facil,17,Derrota,6,Si
521,IA_medio,21,Victoria,8,Si
521,IA_dificil,22,Derrota,6,Si
522,IA_facil,19,Empate,5,Si
522,IA_medio,19,Empate,5,Si
522,IA_dificil,19,Empate,6,Si
523,IA_facil,17,Derrota,5,Si
523,IA_medio,19,Derrota,7,Si
523,IA_dificil,20,Victoria,6,Si
524,IA_facil,20,Victoria,5,Si
524,IA_medio,17,Derrota,6,Si
524,IA_dificil,22,Derrota,6,Si
525,IA_facil,20,Derrota,5,Si
525,IA_medio,22,Derrota,8,Si
525,IA_dificil,21,Victoria,9,Si
526,IA_facil,20,Victoria,7,Si
526,IA_medio,22,Derrota,6,Si
526,IA_dificil,19,Derrota,4,Si
527,IA_facil,18,Empate,6,Si
527,IA_medio,18,Empate,7,Si
527,IA_dificil,24,Derrota,5,Si
528,IA_facil,19,Victoria,4,Si
528,IA_medio,17,Derrota,4,Si
528,IA_dificil,18,Derrota,4,Si
529,IA_facil,17,Derrota,5,Si
529,IA_medio,18,Derrota,6,Si
529,IA_dificil,21,Victoria,5,Si
530,IA_facil,18,Derrota,6,Si
530,IA_medio,17,Derrota,4,Si
530,IA_dificil,21,Victoria,6,Si
531,IA_facil,19,Derrota,4,Si
531,IA_medio,21,Victoria,5,Si
531,IA_dificil,19,Derrota,6,Si
532,IA_facil,17,Empate,6,Si
532,IA_medio,17,Empate,3,Si
532,IA_dificil,17,Empate,6,Si
533,IA_facil,18,Victoria,5,Si
533,IA_medio,17,Derrota,4,Si
533,IA_dificil,24,Derrota,5,Si
534,IA_facil,18,Empate,5,Si
534,IA_medio,23,Derrota,6,Si
534,IA_dificil,18,Empate,7,Si
535,IA_facil,21,Victoria,6,Si
535,IA_medio,17,Derrota,4,Si
535,IA_dificil,18,Derrota,5,Si
536,IA_facil,20,Derrota,4,Si
536,IA_medio,20,Derrota,5,Si
536,IA_dificil,21,Victoria,6,Si
537,IA_facil,18,Derrota,4,Si
537,IA_medio,20,Victoria,5,Si
537,IA_dificil,19,Derrota,5,Si
538,IA_facil,18,Derrota,6,Si
538,IA_medio,18,Derrota,4,Si
538,IA_dificil,20,Victoria,5,Si
539,IA_facil,17,Derrota,6,Si
539,IA_medio,18,Derrota,4,Si
539,IA_dificil,21,Victoria,5,Si
540,IA_facil,19,Victoria,7,Si
540,IA_medio,18,Derrota,7,Si
540,IA_dificil,18,Derrota,6,Si
541,IA_facil,21,Empate,6,Si
541,IA_medio,21,Empate,6,Si
541,IA_dificil,24,Derrota,5,Si
542,IA_facil,18,Derrota,7,Si
542,IA_medio,20,Victoria,6,Si
542,IA_dificil,18,Derrota,4,Si
543,IA_facil,17,Derrota,4,Si
543,IA_medio,17,Derrota,4,Si
543,IA_dificil,19,Victoria,5,Si
544,IA_facil,19,Derrota,8,Si
544,IA_medio,20,Victoria,6,Si
544,IA_dificil,25,Derrota,6,Si
545,IA_facil,17,Derrota,6,Si
545,IA_medio,20,Derrota,6,Si
545,IA_dificil,21,Victoria,5,Si
546,IA_facil,19,Derrota,4,Si
546,IA_medio,17,Derrota,6,Si
546,IA_dificil,21,Victoria,7,Si
547,IA_facil,19,Victoria,6,Si
547,IA_medio,22,Derrota,6,Si
547,IA_dificil,17,Derrota,4,Si
548,IA_facil,18,Derrota,4,Si
548,IA_medio,24,Derrota,5,Si
548,IA_dificil,20,Victoria,7,Si
549,IA_facil,18,Derrota,4,Si
549,IA_medio,18,Derrota,7,Si
549,IA_dificil,19,Victoria,5,Si
550,IA_facil,17,Empate,7,Si
550,IA_medio,24,Derrota,6,Si
550,IA_dificil,17,Empate,4,Si
551,IA_facil,18,Empate,4,Si
551,IA_medio,18,Empate,4,Si
551,IA_dificil,23,Derrota,5,Si
552,IA_facil,19,Derrota,4,Si
552,IA_medio,21,Victoria,6,Si
552,IA_dificil,19,Derrota,5,Si
553,IA_facil,17,Derrota,7,Si
553,IA_medio,20,Empate,6,Si
553,IA_dificil,20,Empate,6,Si
554,IA_facil,18,Empate,5,Si
554,IA_medio,22,Derrota,5,Si
554,IA_dificil,18,Empate,5,Si
555,IA_facil,17,Derrota,6,Si
555,IA_medio,18,Victoria,5,Si
555,IA_dificil,23,Derrota,7,Si
556,IA_facil,21,Victoria,7,Si
556,IA_medio,20,Derrota,8,Si
556,IA_dificil,18,Derrota,5,Si
557,IA_facil,22,Derrota,5,Si
557,IA_medio,22,Derrota,7,Si
557,IA_dificil,19,Victoria,7,Si
558,IA_facil,19,Empate,4,Si
558,IA_medio,18,Derrota,4,Si
558,IA_dificil,19,Empate,6,Si
559,IA_facil,21,Victoria,6,Si
559,IA_medio,20,Derrota,5,Si
559,IA_dificil,19,Derrota,7,Si
560,IA_facil,19,Empate,6,Si
560,IA_medio,18,Derrota,4,Si
560,IA_dificil,19,Empate,6,Si
561,IA_facil,21,Victoria,7,Si
561,IA_medio,18,Derrota,4,Si
561,IA_dificil,17,Derrota,6,Si
562,IA_facil,21,Empate,6,Si
562,IA_medio,21,Empate,6,Si
562,IA_dificil,22,Derrota,7,Si
563,IA_facil,20,Derrota,6,Si
563,IA_medio,20,Derrota,5,Si
563,IA_dificil,21,Victoria,6,Si
564,IA_facil,18,Derrota,6,Si
564,IA_medio,20,Victoria,7,Si
564,IA_dificil,17,Derrota,8,Si
565,IA_facil,19,Victoria,5,Si
565,IA_medio,18,Derrota,4,Si
565,IA_dificil,17,Derrota,5,Si
566,IA_facil,17,Derrota,5,Si
566,IA_medio,20,Victoria,4,Si
566,IA_dificil,17,Derrota,3,Si
567,IA_facil,17,Derrota,6,Si
567,IA_medio,23,Derrota,6,Si
567,IA_dificil,19,Victoria,5,Si
568,IA_facil,22,Derrota,5,Si
568,IA_medio,21,Victoria,5,Si
568,IA_dificil,17,Derrota,4,Si
569,IA_facil,17,Derrota,5,Si
569,IA_medio,19,Victoria,6,Si
569,IA_dificil,17,Derrota,5,Si
570,IA_facil,17,Derrota,5,Si
570,IA_medio,17,Derrota,4,Si
570,IA_dificil,19,Victoria,5,Si
571,IA_facil,17,Derrota,5,Si
571,IA_medio,19,Victoria,7,Si
571,IA_dificil,17,Derrota,4,Si
572,IA_facil,19,Victoria,5,Si
572,IA_medio,23,Derrota,5,Si
572,IA_dificil,17,Derrota,4,Si
573,IA_facil,17,Derrota,4,Si
573,IA_medio,19,Victoria,6,Si
573,IA_dificil,17,Derrota,6,Si
574,IA_facil,17,Derrota,4,Si
574,IA_medio,20,Victoria,6,Si
574,IA_dificil,24,Derrota,9,Si
575,IA_facil,20,Victoria,6,Si
575,IA_medio,18,Derrota,6,Si
575,IA_dificil,18,Derrota,4,Si
576,IA_facil,17,Derrota,5,Si
576,IA_medio,20,Empate,6,Si
576,IA_dificil,20,Empate,5,Si
577,IA_facil,21,Empate,5,Si
577,IA_medio,21,Empate,5,Si
577,IA_dificil,17,Derrota,5,Si
578,IA_facil,21,Victoria,8,Si
578,IA_medio,17,Derrota,5,Si
578,IA_dificil,17,Derrota,6,Si
579,IA_facil,20,Derrota,6,Si
579,IA_medio,21,Victoria,7,Si
579,IA_dificil,17,Derrota,6,Si
580,IA_facil,17,Derrota,5,Si
580,IA_medio,21,Victoria,5,Si
580,IA_dificil,17,Derrota,5,Si
581,IA_facil,20,Empate,7,Si
581,IA_medio,22,Derrota,6,Si
581,IA_dificil,20,Empate,8,Si
582,IA_facil,17,Derrota,5,Si
582,IA_medio,20,Empate,5,Si
582,IA_dificil,20,Empate,6,Si
583,IA_facil,19,Victoria,5,Si
583,IA_medio,23,Derrota,8,Si
583,IA_dificil,18,Derrota,5,Si
584,IA_facil,17,Derrota,6,Si
584,IA_medio,18,Derrota,5,Si
584,IA_dificil,19,Victoria,6,Si
585,IA_facil,17,Derrota,5,Si
585,IA_medio,19,Victoria,7,Si
585,IA_dificil,23,Derrota,6,Si
586,IA_facil,21,Empate,7,Si
586,IA_medio,19,Derrota,6,Si
586,IA_dificil,21,Empate,6,Si
587,IA_facil,21,Victoria,4,Si
587,IA_medio,18,Derrota,6,Si
587,IA_dificil,24,Derrota,6,Si
588,IA_facil,18,Derrota,5,Si
588,IA_medio,20,Victoria,8,Si
588,IA_dificil,22,Derrota,6,Si
589,IA_facil,17,Derrota,5,Si
589,IA_medio,22,Derrota,5,Si
589,IA_dificil,21,Victoria,4,Si
590,IA_facil,21,Victoria,7,Si
590,IA_medio,24,Derrota,7,Si
590,IA_dificil,20,Derrota,5,Si
591,IA_facil,17,Derrota,5,Si
591,IA_medio,20,Empate,4,Si
591,IA_dificil,20,Empate,4,Si
592,IA_facil,19,Derrota,7,Si
592,IA_medio,21,Victoria,4,Si
592,IA_dificil,23,Derrota,9,Si
593,IA_facil,17,Derrota,5,Si
593,IA_medio,22,Derrota,6,Si
593,IA_dificil,19,Victoria,6,Si
594,IA_facil,21,Victoria,5,Si
594,IA_medio,18,Derrota,5,Si
594,IA_dificil,18,Derrota,4,Si
595,IA_facil,17,Empate,7,Si
595,IA_medio,17,Empate,4,Si
595,IA_dificil,17,Empate,6,Si
596,IA_facil,18,Derrota,5,Si
596,IA_medio,19,Derrota,5,Si
596,IA_dificil,21,Victoria,4,Si
597,IA_facil,19,Derrota,6,Si
597,IA_medio,23,Derrota,8,Si
597,IA_dificil,20,Victoria,7,Si
598,IA_facil,20,Derrota,7,Si
598,IA_medio,21,Victoria,6,Si
598,IA_dificil,22,Derrota,5,Si
599,IA_facil,17,Derrota,6,Si
599,IA_medio,21,Victoria,8,Si
599,IA_dificil,19,Derrota,5,Si
600,IA_facil,17,Victoria,6,Si
600,IA_medio,22,Derrota,5,Si
600,IA_dificil,22,Derrota,6,Si
601,IA_facil,17,Derrota,6,Si
601,IA_medio,19,Victoria,5,Si
601,IA_dificil,18,Derrota,5,Si
602,IA_facil,17,Derrota,6,Si
602,IA_medio,24,Derrota,6,Si
602,IA_dificil,20,Victoria,4,Si
603,IA_facil,18,Derrota,6,Si
603,IA_medio,22,Derrota,5,Si
603,IA_dificil,19,Victoria,5,Si
604,IA_facil,17,Derrota,6,Si
604,IA_medio,21,Victoria,4,Si
604,IA_dificil,22,Derrota,5,Si
605,IA_facil,20,Derrota,5,Si
605,IA_medio,19,Derrota,8,Si
605,IA_dificil,21,Victoria,4,Si
606,IA_facil,20,Victoria,6,Si
606,IA_medio,24,Derrota,8,Si
606,IA_dificil,18,Derrota,4,Si
607,IA_facil,17,Derrota,5,Si
607,IA_medio,21,Victoria,5,Si
607,IA_dificil,17,Derrota,5,Si
608,IA_facil,20,Victoria,6,Si
608,IA_medio,24,Derrota,7,Si
608,IA_dificil,22,Derrota,6,Si
609,IA_facil,18,Derrota,5,Si
609,IA_medio,20,Victoria,8,Si
609,IA_dificil,22,Derrota,5,Si
610,IA_facil,21,Victoria,7,Si
610,IA_medio,17,Derrota,6,Si
610,IA_dificil,22,Derrota,6,Si
611,IA_facil,20,Empate,4,Si
611,IA_medio,20,Empate,5,Si
611,IA_dificil,20,Empate,6,Si
612,IA_facil,19,Derrota,6,Si
612,IA_medio,20,Victoria,6,Si
612,IA_dificil,22,Derrota,6,Si
613,IA_facil,19,Derrota,5,Si
613,IA_medio,20,Empate,4,Si
613,IA_dificil,20,Empate,5,Si
614,IA_facil,22,Derrota,6,Si
614,IA_medio,18,Victoria,6,Si
614,IA_dificil,23,Derrota,8,Si
615,IA_facil,17,Derrota,7,Si
615,IA_medio,20,Victoria,6,Si
615,IA_dificil,19,Derrota,4,Si
616,IA_facil,19,Derrota,6,Si
616,IA_medio,18,Derrota,6,Si
616,IA_dificil,20,Victoria,7,Si
617,IA_facil,18,Empate,4,Si
617,IA_medio,18,Empate,4,Si
617,IA_dificil,17,Derrota,5,Si
618,IA_facil,17,Derrota,6,Si
618,IA_medio,18,Derrota,8,Si
618,IA_dificil,20,Victoria,5,Si
619,IA_facil,17,Derrota,5,Si
619,IA_medio,20,Empate,5,Si
619,IA_dificil,20,Empate,7,Si
620,IA_facil,21,Victoria,7,Si
620,IA_medio,20,Derrota,4,Si
620,IA_dificil,18,Derrota,5,Si
621,IA_facil,17,Derrota,3,Si
621,IA_medio,21,Victoria,6,Si
621,IA_dificil,19,Derrota,5,Si
622,IA_facil,21,Victoria,6,Si
622,IA_medio,20,Derrota,4,Si
622,IA_dificil,20,Derrota,5,Si
623,IA_facil,18,Derrota,5,Si
623,IA_medio,20,Victoria,7,Si
623,IA_dificil,17,Derrota,6,Si
624,IA_facil,21,Victoria,4,Si
624,IA_medio,17,Derrota,5,Si
624,IA_dificil,20,Derrota,5,Si
625,IA_facil,18,Derrota,4,Si
625,IA_medio,19,Empate,5,Si
625,IA_dificil,19,Empate,6,Si
626,IA_facil,21,Victoria,7,Si
626,IA_medio,17,Derrota,6,Si
626,IA_dificil,20,Derrota,6,Si
627,IA_facil,18,Derrota,5,Si
627,IA_medio,19,Victoria,5,Si
627,IA_dificil,22,Derrota,6,Si
628,IA_facil,17,Derrota,4,Si
628,IA_medio,23,Derrota,8,Si
628,IA_dificil,19,Victoria,6,Si
629,IA_facil,17,Derrota,6,Si
629,IA_medio,21,Victoria,6,Si
629,IA_dificil,24,Derrota,7,Si
630,IA_facil,19,Empate,5,Si
630,IA_medio,19,Empate,6,Si
630,IA_dificil,17,Derrota,4,Si
631,IA_facil,20,Derrota,6,Si
631,IA_medio,21,Victoria,6,Si
631,IA_dificil,22,Derrota,8,Si
632,IA_facil,20,Victoria,5,Si
632,IA_medio,18,Derrota,6,Si
632,IA_dificil,18,Derrota,5,Si
633,IA_facil,17,Derrota,5,Si
633,IA_medio,19,Victoria,6,Si
633,IA_dificil,18,Derrota,6,Si
634,IA_facil,19,Derrota,4,Si
634,IA_medio,21,Victoria,6,Si
634,IA_dificil,17,Derrota,5,Si
635,IA_facil,17,Derrota,5,Si
635,IA_medio,23,Derrota,6,Si
635,IA_dificil,20,Victoria,6,Si
636,IA_facil,18,Derrota,6,Si
636,IA_medio,21,Empate,7,Si
636,IA_dificil,21,Empate,5,Si
637,IA_facil,18,Empate,6,Si
637,IA_medio,18,Empate,4,Si
637,IA_dificil,18,Empate,8,Si
638,IA_facil,17,Empate,6,Si
638,IA_medio,24,Derrota,8,Si
638,IA_dificil,17,Empate,3,Si
639,IA_facil,17,Derrota,7,Si
639,IA_medio,20,Victoria,6,Si
639,IA_dificil,19,Derrota,4,Si
640,IA_facil,18,Derrota,5,Si
640,IA_medio,20,Victoria,6,Si
640,IA_dificil,19,Derrota,4,Si
641,IA_facil,18,Derrota,5,Si
641,IA_medio,20,Empate,5,Si
641,IA_dificil,20,Empate,6,Si
642,IA_facil,22,Derrota,5,Si
642,IA_medio,23,Derrota,8,Si
642,IA_dificil,20,Victoria,4,Si
643,IA_facil,19,Derrota,5,Si
643,IA_medio,20,Victoria,5,Si
643,IA_dificil,19,Derrota,4,Si
644,IA_facil,19,Victoria,5,Si
644,IA_medio,22,Derrota,5,Si
644,IA_dificil,18,Derrota,5,Si
645,IA_facil,17,Derrota,4,Si
645,IA_medio,20,Empate,6,Si
645,IA_dificil,20,Empate,6,Si
646,IA_facil,20,Victoria,7,Si
646,IA_medio,18,Derrota,4,Si
646,IA_dificil,17,Derrota,5,Si
647,IA_facil,18,Derrota,5,Si
647,IA_medio,22,Derrota,5,Si
647,IA_dificil,20,Victoria,6,Si
648,IA_facil,19,Derrota,6,Si
648,IA_medio,21,Victoria,4,Si
648,IA_dificil,18,Derrota,6,Si
649,IA_facil,19,Empate,5,Si
649,IA_medio,17,Derrota,4,Si
649,IA_dificil,19,Empate,4,Si
650,IA_facil,19,Empate,5,Si
650,IA_medio,19,Empate,5,Si
650,IA_dificil,17,Derrota,5,Si
651,IA_facil,18,Derrota,6,Si
651,IA_medio,21,Victoria,6,Si
651,IA_dificil,19,Derrota,6,Si
652,IA_facil,18,Derrota,5,Si
652,IA_medio,21,Victoria,5,Si
652,IA_dificil,18,Derrota,6,Si
653,IA_facil,19,Derrota,4,Si
653,IA_medio,20,Empate,8,Si
653,IA_dificil,20,Empate,4,Si
654,IA_facil,18,Victoria,5,Si
654,IA_medio,23,Derrota,6,Si
654,IA_dificil,17,Derrota,7,Si
655,IA_facil,17,Derrota,4,Si
655,IA_medio,22,Derrota,5,Si
655,IA_dificil,19,Victoria,6,Si
656,IA_facil,21,Victoria,5,Si
656,IA_medio,20,Derrota,5,Si
656,IA_dificil,18,Derrota,4,Si
657,IA_facil,17,Derrota,4,Si
657,IA_medio,21,Empate,5,Si
657,IA_dificil,21,Empate,7,Si
658,IA_facil,18,Derrota,6,Si
658,IA_medio,20,Victoria,6,Si
658,IA_dificil,17,Derrota,7,Si
659,IA_facil,17,Derrota,5,Si
659,IA_medio,20,Victoria,4,Si
659,IA_dificil,17,Derrota,4,Si
660,IA_facil,20,Derrota,4,Si
660,IA_medio,21,Empate,5,Si
660,IA_dificil,21,Empate,5,Si
661,IA_facil,17,Derrota,4,Si
661,IA_medio,18,Victoria,7,Si
661,IA_dificil,17,Derrota,4,Si
662,IA_facil,21,Empate,6,Si
662,IA_medio,25,Derrota,5,Si
662,IA_dificil,21,Empate,7,Si
663,IA_facil,19,Derrota,5,Si
663,IA_medio,17,Derrota,6,Si
663,IA_dificil,20,Victoria,7,Si
664,IA_facil,21,Empate,8,Si
664,IA_medio,23,Derrota,5,Si
664,IA_dificil,21,Empate,5,Si
665,IA_facil,18,Derrota,4,Si
665,IA_medio,17,Derrota,7,Si
665,IA_dificil,20,Victoria,5,Si
666,IA_facil,17,Derrota,7,Si
666,IA_medio,21,Empate,6,Si
666,IA_dificil,21,Empate,5,Si
667,IA_facil,19,Empate,4,Si
667,IA_medio,19,Empate,7,Si
667,IA_dificil,17,Derrota,7,Si
668,IA_facil,17,Derrota,5,Si
668,IA_medio,18,Victoria,5,Si
668,IA_dificil,22,Derrota,8,Si
669,IA_facil,17,Derrota,6,Si
669,IA_medio,22,Derrota,5,Si
669,IA_dificil,19,Victoria,4,Si
670,IA_facil,18,Derrota,4,Si
670,IA_medio,18,Derrota,5,Si
670,IA_dificil,19,Victoria,7,Si
671,IA_facil,20,Derrota,6,Si
671,IA_medio,21,Victoria,9,Si
671,IA_dificil,20,Derrota,4,Si
672,IA_facil,19,Derrota,7,Si
672,IA_medio,17,Derrota,4,Si
672,IA_dificil,21,Victoria,6,Si
673,IA_facil,18,Derrota,5,Si
673,IA_medio,17,Derrota,4,Si
673,IA_dificil,19,Victoria,6,Si
674,IA_facil,19,Victoria,5,Si
674,IA_medio,22,Derrota,6,Si
674,IA_dificil,24,Derrota,7,Si
675,IA_facil,21,Victoria,6,Si
675,IA_medio,20,Derrota,6,Si
675,IA_dificil,22,Derrota,6,Si
676,IA_facil,17,Derrota,4,Si
676,IA_medio,21,Victoria,5,Si
676,IA_dificil,18,Derrota,6,Si
677,IA_facil,17,Derrota,5,Si
677,IA_medio,20,Victoria,5,Si
677,IA_dificil,18,Derrota,4,Si
678,IA_facil,18,Derrota,6,Si
678,IA_medio,19,Derrota,5,Si
678,IA_dificil,20,Victoria,5,Si
679,IA_facil,20,Empate,5,Si
679,IA_medio,20,Empate,4,Si
679,IA_dificil,18,Derrota,4,Si
680,IA_facil,18,Victoria,5,Si
680,IA_medio,22,Derrota,6,Si
680,IA_dificil,17,Derrota,6,Si
681,IA_facil,19,Derrota,6,Si
681,IA_medio,21,Victoria,10,Si
681,IA_dificil,20,Derrota,6,Si
682,IA_facil,17,Derrota,7,Si
682,IA_medio,21,Empate,4,Si
682,IA_dificil,21,Empate,5,Si
683,IA_facil,18,Derrota,6,Si
683,IA_medio,17,Derrota,4,Si
683,IA_dificil,20,Victoria,6,Si
684,IA_facil,19,Victoria,4,Si
684,IA_medio,17,Derrota,5,Si
684,IA_dificil,25,Derrota,6,Si
685,IA_facil,21,Victoria,5,Si
685,IA_medio,18,Derrota,4,Si
685,IA_dificil,19,Derrota,6,Si
686,IA_facil,21,Empate,6,Si
686,IA_medio,21,Empate,4,Si
686,IA_dificil,18,Derrota,6,Si
687,IA_facil,18,Derrota,6,Si
687,IA_medio,19,Derrota,5,Si
687,IA_dificil,20,Victoria,7,Si
688,IA_facil,19,Empate,5,Si
688,IA_medio,19,Empate,6,Si
688,IA_dificil,18,Derrota,5,Si
689,IA_facil,19,Victoria,6,Si
689,IA_medio,18,Derrota,5,Si
689,IA_dificil,17,Derrota,5,Si
690,IA_facil,19,Derrota,6,Si
690,IA_medio,20,Empate,8,Si
690,IA_dificil,20,Empate,4,Si
691,IA_facil,22,Derrota,6,Si
691,IA_medio,19,Victoria,6,Si
691,IA_dificil,25,Derrota,6,Si
692,IA_facil,19,Derrota,5,Si
692,IA_medio,17,Derrota,4,Si
692,IA_dificil,20,Victoria,6,Si
693,IA_facil,17,Derrota,4,Si
693,IA_medio,21,Victoria,7,Si
693,IA_dificil,19,Derrota,5,Si
694,IA_facil,17,Derrota,6,Si
694,IA_medio,17,Derrota,5,Si
694,IA_dificil,21,Victoria,5,Si
695,IA_facil,21,Victoria,5,Si
695,IA_medio,20,Derrota,8,Si
695,IA_dificil,17,Derrota,4,Si
696,IA_facil,18,Empate,4,Si
696,IA_medio,18,Empate,6,Si
696,IA_dificil,18,Empate,6,Si
697,IA_facil,20,Victoria,5,Si
697,IA_medio,22,Derrota,6,Si
697,IA_dificil,19,Derrota,7,Si
698,IA_facil,20,Empate,6,Si
698,IA_medio,20,Empate,4,Si
698,IA_dificil,17,Derrota,4,Si
699,IA_facil,18,Derrota,6,Si
699,IA_medio,20,Victoria,8,Si
699,IA_dificil,22,Derrota,6,Si
700,IA_facil,17,Derrota,4,Si
700,IA_medio,21,Victoria,8,Si
700,IA_dificil,18,Derrota,6,Si
701,IA_facil,21,Victoria,6,Si
701,IA_medio,20,Derrota,6,Si
701,IA_dificil,20,Derrota,4,Si
702,IA_facil,19,Derrota,5,Si
702,IA_medio,19,Derrota,5,Si
702,IA_dificil,21,Victoria,5,Si
703,IA_facil,18,Derrota,6,Si
703,IA_medio,21,Victoria,5,Si
703,IA_dificil,17,Derrota,5,Si
704,IA_facil,19,Victoria,6,Si
704,IA_medio,22,Derrota,4,Si
704,IA_dificil,17,Derrota,4,Si
705,IA_facil,18,Derrota,6,Si
705,IA_medio,21,Victoria,7,Si
705,IA_dificil,20,Derrota,6,Si
706,IA_facil,18,Derrota,5,Si
706,IA_medio,21,Victoria,8,Si
706,IA_dificil,17,Derrota,4,Si
707,IA_facil,17,Derrota,4,Si
707,IA_medio,21,Victoria,6,Si
707,IA_dificil,17,Derrota,5,Si
708,IA_facil,20,Victoria,6,Si
708,IA_medio,19,Derrota,6,Si
708,IA_dificil,18,Derrota,5,Si
709,IA_facil,19,Victoria,7,Si
709,IA_medio,24,Derrota,6,Si
709,IA_dificil,17,Derrota,4,Si
710,IA_facil,18,Derrota,5,Si
710,IA_medio,20,Victoria,7,Si
710,IA_dificil,19,Derrota,5,Si
711,IA_facil,18,Derrota,5,Si
711,IA_medio,18,Derrota,6,Si
711,IA_dificil,19,Victoria,5,Si
712,IA_facil,19,Derrota,5,Si
712,IA_medio,18,Derrota,5,Si
712,IA_dificil,21,Victoria,5,Si
713,IA_facil,18,Empate,6,Si
713,IA_medio,18,Empate,6,Si
713,IA_dificil,18,Empate,4,Si
714,IA_facil,17,Derrota,5,Si
714,IA_medio,22,Derrota,6,Si
714,IA_dificil,20,Victoria,7,Si
715,IA_facil,17,Derrota,4,Si
715,IA_medio,20,Victoria,8,Si
715,IA_dificil,17,Derrota,5,Si
716,IA_facil,17,Derrota,5,Si
716,IA_medio,20,Empate,6,Si
716,IA_dificil,20,Empate,6,Si
717,IA_facil,17,Derrota,5,Si
717,IA_medio,21,Victoria,5,Si
717,IA_dificil,17,Derrota,4,Si
718,IA_facil,18,Derrota,5,Si
718,IA_medio,20,Derrota,6,Si
718,IA_dificil,21,Victoria,8,Si
719,IA_facil,19,Derrota,4,Si
719,IA_medio,20,Victoria,7,Si
719,IA_dificil,17,Derrota,5,Si
720,IA_facil,17,Derrota,4,Si
720,IA_medio,19,Victoria,6,Si
720,IA_dificil,22,Derrota,5,Si
721,IA_facil,20,Empate,5,Si
721,IA_medio,20,Empate,10,Si
721,IA_dificil,17,Derrota,4,Si
722,IA_facil,18,Derrota,5,Si
722,IA_medio,20,Derrota,5,Si
722,IA_dificil,21,Victoria,9,Si
723,IA_facil,22,Derrota,8,Si
723,IA_medio,17,Derrota,4,Si
723,IA_dificil,18,Victoria,5,Si
724,IA_facil,18,Victoria,4,Si
724,IA_medio,17,Derrota,5,Si
724,IA_dificil,17,Derrota,5,Si
725,IA_facil,17,Derrota,5,Si
725,IA_medio,21,Victoria,4,Si
725,IA_dificil,17,Derrota,5,Si
726,IA_facil,20,Empate,5,Si
726,IA_medio,17,Derrota,4,Si
726,IA_dificil,20,Empate,7,Si
727,IA_facil,19,Derrota,6,Si
727,IA_medio,20,Derrota,6,Si
727,IA_dificil,21,Victoria,5,Si
728,IA_facil,18,Empate,5,Si
728,IA_medio,18,Empate,4,Si
728,IA_dificil,22,Derrota,6,Si
729,IA_facil,18,Derrota,5,Si
729,IA_medio,18,Derrota,5,Si
729,IA_dificil,21,Victoria,6,Si
730,IA_facil,18,Derrota,7,Si
730,IA_medio,20,Victoria,6,Si
730,IA_dificil,18,Derrota,5,Si
731,IA_facil,18,Derrota,5,Si
731,IA_medio,19,Victoria,5,Si
731,IA_dificil,17,Derrota,5,Si
732,IA_facil,19,Derrota,5,Si
732,IA_medio,20,Victoria,5,Si
732,IA_dificil,19,Derrota,5,Si
733,IA_facil,22,Derrota,7,Si
733,IA_medio,20,Victoria,4,Si
733,IA_dificil,17,Derrota,5,Si
734,IA_facil,18,Empate,5,Si
734,IA_medio,18,Empate,4,Si
734,IA_dificil,22,Derrota,6,Si
735,IA_facil,21,Victoria,7,Si
735,IA_medio,17,Derrota,4,Si
735,IA_dificil,19,Derrota,4,Si
736,IA_facil,18,Derrota,6,Si
736,IA_medio,23,Derrota,5,Si
736,IA_dificil,21,Victoria,6,Si
737,IA_facil,18,Victoria,7,Si
737,IA_medio,23,Derrota,6,Si
737,IA_dificil,17,Derrota,6,Si
738,IA_facil,18,Derrota,5,Si
738,IA_medio,21,Victoria,5,Si
738,IA_dificil,25,Derrota,6,Si
739,IA_facil,19,Derrota,4,Si
739,IA_medio,21,Victoria,5,Si
739,IA_dificil,18,Derrota,6,Si
740,IA_facil,17,Derrota,3,Si
740,IA_medio,17,Derrota,5,Si
740,IA_dificil,20,Victoria,6,Si
741,IA_facil,17,Derrota,6,Si
741,IA_medio,20,Victoria,5,Si
741,IA_dificil,17,Derrota,5,Si
742,IA_facil,18,Derrota,4,Si
742,IA_medio,20,Empate,8,Si
742,IA_dificil,20,Empate,4,Si
743,IA_facil,19,Victoria,4,Si
743,IA_medio,17,Derrota,4,Si
743,IA_dificil,17,Derrota,6,Si
744,IA_facil,21,Victoria,4,Si
744,IA_medio,22,Derrota,6,Si
744,IA_dificil,17,Derrota,8,Si
745,IA_facil,18,Derrota,7,Si
745,IA_medio,21,Victoria,5,Si
745,IA_dificil,19,Derrota,4,Si
746,IA_facil,21,Victoria,7,Si
746,IA_medio,20,Derrota,6,Si
746,IA_dificil,19,Derrota,7,Si
747,IA_facil,19,Victoria,4,Si
747,IA_medio,23,Derrota,6,Si
747,IA_dificil,18,Derrota,4,Si
748,IA_facil,19,Victoria,4,Si
748,IA_medio,22,Derrota,5,Si
748,IA_dificil,18,Derrota,4,Si
749,IA_facil,17,Derrota,4,Si
749,IA_medio,23,Derrota,6,Si
749,IA_dificil,20,Victoria,7,Si
750,IA_facil,21,Empate,4,Si
750,IA_medio,21,Empate,5,Si
750,IA_dificil,21,Empate,4,Si
751,IA_facil,17,Derrota,5,Si
751,IA_medio,17,Derrota,5,Si
751,IA_dificil,18,Victoria,4,Si
752,IA_facil,19,Derrota,5,Si
752,IA_medio,18,Derrota,4,Si
752,IA_dificil,20,Victoria,7,Si
753,IA_facil,17,Derrota,5,Si
753,IA_medio,20,Victoria,8,Si
753,IA_dificil,22,Derrota,5,Si
754,IA_facil,19,Derrota,5,Si
754,IA_medio,20,Victoria,8,Si
754,IA_dificil,19,Derrota,5,Si
755,IA_facil,19,Derrota,5,Si
755,IA_medio,20,Victoria,6,Si
755,IA_dificil,18,Derrota,6,Si
756,IA_facil,18,Derrota,4,Si
756,IA_medio,19,Derrota,4,Si
756,IA_dificil,20,Victoria,7,Si
757,IA_facil,17,Derrota,5,Si
757,IA_medio,18,Victoria,5,Si
757,IA_dificil,17,Derrota,5,Si
758,IA_facil,19,Derrota,4,Si
758,IA_medio,21,Victoria,5,Si
758,IA_dificil,20,Derrota,7,Si
759,IA_facil,17,Derrota,4,Si
759,IA_medio,21,Victoria,5,Si
759,IA_dificil,23,Derrota,5,Si
760,IA_facil,17,Derrota,6,Si
760,IA_medio,18,Empate,5,Si
760,IA_dificil,18,Empate,6,Si
761,IA_facil,17,Derrota,4,Si
761,IA_medio,19,Derrota,4,Si
761,IA_dificil,20,Victoria,6,Si
762,IA_facil,18,Derrota,6,Si
762,IA_medio,22,Derrota,6,Si
762,IA_dificil,20,Victoria,5,Si
763,IA_facil,17,Derrota,4,Si
763,IA_medio,20,Derrota,6,Si
763,IA_dificil,21,Victoria,6,Si
764,IA_facil,18,Empate,5,Si
764,IA_medio,18,Empate,5,Si
764,IA_dificil,18,Empate,6,Si
765,IA_facil,17,Derrota,4,Si
765,IA_medio,21,Victoria,6,Si
765,IA_dificil,19,Derrota,7,Si
766,IA_facil,17,Derrota,5,Si
766,IA_medio,17,Derrota,5,Si
766,IA_dificil,18,Victoria,6,Si
767,IA_facil,19,Empate,6,Si
767,IA_medio,19,Empate,6,Si
767,IA_dificil,17,Derrota,4,Si
768,IA_facil,17,Empate,5,Si
768,IA_medio,22,Derrota,7,Si
768,IA_dificil,17,Empate,6,Si
769,IA_facil,18,Derrota,6,Si
769,IA_medio,21,Victoria,5,Si
769,IA_dificil,19,Derrota,5,Si
770,IA_facil,18,Derrota,5,Si
770,IA_medio,20,Victoria,5,Si
770,IA_dificil,17,Derrota,3,Si
771,IA_facil,20,Empate,5,Si
771,IA_medio,20,Empate,7,Si
771,IA_dificil,20,Empate,7,Si
772,IA_facil,18,Victoria,4,Si
772,IA_medio,17,Derrota,3,Si
772,IA_dificil,17,Derrota,5,Si
773,IA_facil,18,Derrota,5,Si
773,IA_medio,19,Derrota,7,Si
773,IA_dificil,20,Victoria,8,Si
774,IA_facil,17,Empate,4,Si
774,IA_medio,17,Empate,4,Si
774,IA_dificil,17,Empate,4,Si
775,IA_facil,17,Derrota,4,Si
775,IA_medio,20,Victoria,6,Si
775,IA_dificil,18,Derrota,4,Si
776,IA_facil,18,Derrota,5,Si
776,IA_medio,20,Victoria,5,Si
776,IA_dificil,18,Derrota,6,Si
777,IA_facil,20,Victoria,7,Si
777,IA_medio,18,Derrota,6,Si
777,IA_dificil,18,Derrota,7,Si
778,IA_facil,18,Victoria,5,Si
778,IA_medio,23,Derrota,5,Si
778,IA_dificil,23,Derrota,5,Si
779,IA_facil,19,Victoria,6,Si
779,IA_medio,17,Derrota,5,Si
779,IA_dificil,22,Derrota,6,Si
780,IA_facil,18,Empate,5,Si
780,IA_medio,18,Empate,4,Si
780,IA_dificil,18,Empate,6,Si
781,IA_facil,18,Derrota,4,Si
781,IA_medio,21,Victoria,6,Si
781,IA_dificil,18,Derrota,7,Si
782,IA_facil,18,Derrota,4,Si
782,IA_medio,22,Derrota,5,Si
782,IA_dificil,20,Victoria,7,Si
783,IA_facil,22,Derrota,5,Si
783,IA_medio,17,Empate,6,Si
783,IA_dificil,17,Empate,6,Si
784,IA_facil,21,Empate,8,Si
784,IA_medio,20,Derrota,6,Si
784,IA_dificil,21,Empate,7,Si
785,IA_facil,18,Derrota,5,Si
785,IA_medio,20,Victoria,7,Si
785,IA_dificil,19,Derrota,9,Si
786,IA_facil,22,Derrota,5,Si
786,IA_medio,17,Derrota,6,Si
786,IA_dificil,18,Victoria,4,Si
787,IA_facil,20,Derrota,6,Si
787,IA_medio,17,Derrota,6,Si
787,IA_dificil,21,Victoria,5,Si
788,IA_facil,20,Derrota,5,Si
788,IA_medio,21,Victoria,4,Si
788,IA_dificil,17,Derrota,6,Si
789,IA_facil,19,Victoria,7,Si
789,IA_medio,17,Derrota,4,Si
789,IA_dificil,18,Derrota,4,Si
790,IA_facil,18,Empate,7,Si
790,IA_medio,18,Empate,5,Si
790,IA_dificil,17,Derrota,5,Si
791,IA_facil,18,Derrota,4,Si
791,IA_medio,18,Derrota,4,Si
791,IA_dificil,20,Victoria,6,Si
792,IA_facil,22,Derrota,5,Si
792,IA_medio,18,Derrota,6,Si
792,IA_dificil,19,Victoria,5,Si
793,IA_facil,19,Derrota,7,Si
793,IA_medio,22,Derrota,8,Si
793,IA_dificil,20,Victoria,4,Si
794,IA_facil,17,Derrota,5,Si
794,IA_medio,21,Empate,5,Si
794,IA_dificil,21,Empate,8,Si
795,IA_facil,19,Derrota,5,Si
795,IA_medio,20,Victoria,6,Si
795,IA_dificil,18,Derrota,6,Si
796,IA_facil,19,Victoria,4,Si
796,IA_medio,17,Derrota,5,Si
796,IA_dificil,17,Derrota,6,Si
797,IA_facil,17,Derrota,6,Si
797,IA_medio,20,Victoria,4,Si
797,IA_dificil,18,Derrota,5,Si
798,IA_facil,18,Derrota,5,Si
798,IA_medio,21,Victoria,5,Si
798,IA_dificil,19,Derrota,5,Si
799,IA_facil,17,Derrota,3,Si
799,IA_medio,22,Derrota,8,Si
799,IA_dificil,20,Victoria,4,Si
800,IA_facil,18,Derrota,5,Si
800,IA_medio,22,Derrota,10,Si
800,IA_dificil,21,Victoria,4,Si
801,IA_facil,21,Victoria,5,Si
801,IA_medio,18,Derrota,5,Si
801,IA_dificil,17,Derrota,6,Si
802,IA_facil,18,Derrota,5,Si
802,IA_medio,21,Empate,7,Si
802,IA_dificil,21,Empate,4,Si
803,IA_facil,20,Empate,6,Si
803,IA_medio,20,Empate,6,Si
803,IA_dificil,18,Derrota,4,Si
804,IA_facil,18,Victoria,4,Si
804,IA_medio,17,Derrota,3,Si
804,IA_dificil,17,Derrota,5,Si
805,IA_facil,20,Empate,4,Si
805,IA_medio,20,Empate,5,Si
805,IA_dificil,19,Derrota,6,Si
806,IA_facil,18,Derrota,6,Si
806,IA_medio,19,Derrota,7,Si
806,IA_dificil,20,Victoria,4,Si
807,IA_facil,20,Empate,8,Si
807,IA_medio,22,Derrota,6,Si
807,IA_dificil,20,Empate,6,Si
808,IA_facil,17,Derrota,5,Si
808,IA_medio,20,Victoria,5,Si
808,IA_dificil,18,Derrota,4,Si
809,IA_facil,18,Empate,6,Si
809,IA_medio,18,Empate,6,Si
809,IA_dificil,17,Derrota,4,Si
810,IA_facil,17,Derrota,5,Si
810,IA_medio,20,Empate,6,Si
810,IA_dificil,20,Empate,5,Si
811,IA_facil,21,Victoria,5,Si
811,IA_medio,20,Derrota,5,Si
811,IA_dificil,24,Derrota,5,Si
812,IA_facil,22,Derrota,8,Si
812,IA_medio,20,Victoria,8,Si
812,IA_dificil,19,Derrota,5,Si
813,IA_facil,19,Derrota,5,Si
813,IA_medio,20,Victoria,5,Si
813,IA_dificil,19,Derrota,5,Si
814,IA_facil,17,Derrota,5,Si
814,IA_medio,22,Derrota,6,Si
814,IA_dificil,19,Victoria,5,Si
815,IA_facil,18,Empate,7,Si
815,IA_medio,17,Derrota,7,Si
815,IA_dificil,18,Empate,7,Si
816,IA_facil,20,Empate,5,Si
816,IA_medio,20,Empate,5,Si
816,IA_dificil,20,Empate,6,Si
817,IA_facil,19,Derrota,6,Si
817,IA_medio,18,Derrota,5,Si
817,IA_dificil,21,Victoria,5,Si
818,IA_facil,19,Victoria,5,Si
818,IA_medio,18,Derrota,5,Si
818,IA_dificil,17,Derrota,6,Si
819,IA_facil,17,Derrota,4,Si
819,IA_medio,17,Derrota,5,Si
819,IA_dificil,20,Victoria,5,Si
820,IA_facil,18,Derrota,6,Si
820,IA_medio,22,Derrota,5,Si
820,IA_dificil,21,Victoria,5,Si
821,IA_facil,20,Empate,5,Si
821,IA_medio,20,Empate,7,Si
821,IA_dificil,17,Derrota,5,Si
822,IA_facil,18,Derrota,5,Si
822,IA_medio,19,Derrota,6,Si
822,IA_dificil,20,Victoria,4,Si
823,IA_facil,17,Derrota,4,Si
823,IA_medio,20,Victoria,8,Si
823,IA_dificil,19,Derrota,7,Si
824,IA_facil,21,Empate,5,Si
824,IA_medio,21,Empate,6,Si
824,IA_dificil,22,Derrota,8,Si
825,IA_facil,17,Derrota,6,Si
825,IA_medio,23,Derrota,8,Si
825,IA_dificil,21,Victoria,5,Si
826,IA_facil,17,Derrota,4,Si
826,IA_medio,17,Derrota,4,Si
826,IA_dificil,19,Victoria,4,Si
827,IA_facil,19,Victoria,6,Si
827,IA_medio,24,Derrota,5,Si
827,IA_dificil,17,Derrota,4,Si
828,IA_facil,21,Victoria,5,Si
828,IA_medio,17,Derrota,4,Si
828,IA_dificil,17,Derrota,4,Si
829,IA_facil,17,Empate,5,Si
829,IA_medio,17,Empate,6,Si
829,IA_dificil,24,Derrota,6,Si
830,IA_facil,19,Derrota,6,Si
830,IA_medio,23,Derrota,9,Si
830,IA_dificil,21,Victoria,6,Si
831,IA_facil,19,Derrota,5,Si
831,IA_medio,23,Derrota,5,Si
831,IA_dificil,20,Victoria,5,Si
832,IA_facil,18,Derrota,4,Si
832,IA_medio,21,Empate,5,Si
832,IA_dificil,21,Empate,5,Si
833,IA_facil,19,Victoria,6,Si
833,IA_medio,18,Derrota,6,Si
833,IA_dificil,22,Derrota,8,Si
834,IA_facil,17,Derrota,4,Si
834,IA_medio,21,Victoria,6,Si
834,IA_dificil,20,Derrota,5,Si
835,IA_facil,20,Victoria,4,Si
835,IA_medio,22,Derrota,6,Si
835,IA_dificil,18,Derrota,5,Si
836,IA_facil,19,Derrota,8,Si
836,IA_medio,20,Victoria,7,Si
836,IA_dificil,18,Derrota,5,Si
837,IA_facil,19,Victoria,5,Si
837,IA_medio,22,Derrota,5,Si
837,IA_dificil,18,Derrota,8,Si
838,IA_facil,18,Victoria,5,Si
838,IA_medio,17,Derrota,4,Si
838,IA_dificil,17,Derrota,4,Si
839,IA_facil,17,Derrota,5,Si
839,IA_medio,21,Victoria,5,Si
839,IA_dificil,17,Derrota,5,Si
840,IA_facil,20,Victoria,6,Si
840,IA_medio,17,Derrota,6,Si
840,IA_dificil,18,Derrota,5,Si
841,IA_facil,19,Derrota,6,Si
841,IA_medio,21,Empate,6,Si
841,IA_dificil,21,Empate,4,Si
842,IA_facil,17,Derrota,5,Si
842,IA_medio,20,Victoria,4,Si
842,IA_dificil,18,Derrota,6,Si
843,IA_facil,18,Victoria,5,Si
843,IA_medio,22,Derrota,5,Si
843,IA_dificil,17,Derrota,5,Si
844,IA_facil,17,Empate,5,Si
844,IA_medio,17,Empate,6,Si
844,IA_dificil,22,Derrota,6,Si
845,IA_facil,18,Derrota,6,Si
845,IA_medio,19,Victoria,7,Si
845,IA_dificil,17,Derrota,5,Si
846,IA_facil,18,Derrota,4,Si
846,IA_medio,18,Derrota,4,Si
846,IA_dificil,20,Victoria,5,Si
847,IA_facil,21,Empate,8,Si
847,IA_medio,23,Derrota,5,Si
847,IA_dificil,21,Empate,4,Si
848,IA_facil,18,Empate,6,Si
848,IA_medio,18,Empate,4,Si
848,IA_dificil,18,Empate,6,Si
849,IA_facil,18,Victoria,4,Si
849,IA_medio,22,Derrota,5,Si
849,IA_dificil,17,Derrota,5,Si
850,IA_facil,19,Derrota,5,Si
850,IA_medio,21,Empate,5,Si
850,IA_dificil,21,Empate,5,Si
851,IA_facil,18,Empate,4,Si
851,IA_medio,18,Empate,5,Si
851,IA_dificil,17,Derrota,4,Si
852,IA_facil,17,Empate,5,Si
852,IA_medio,23,Derrota,6,Si
852,IA_dificil,17,Empate,6,Si
853,IA_facil,18,Derrota,4,Si
853,IA_medio,20,Victoria,5,Si
853,IA_dificil,18,Derrota,7,Si
854,IA_facil,18,Empate,8,Si
854,IA_medio,18,Empate,4,Si
854,IA_dificil,18,Empate,7,Si
855,IA_facil,21,Empate,7,Si
855,IA_medio,18,Derrota,7,Si
855,IA_dificil,21,Empate,7,Si
856,IA_facil,18,Victoria,6,Si
856,IA_medio,23,Derrota,6,Si
856,IA_dificil,17,Derrota,4,Si
857,IA_facil,18,Derrota,5,Si
857,IA_medio,21,Empate,6,Si
857,IA_dificil,21,Empate,4,Si
858,IA_facil,18,Derrota,9,Si
858,IA_medio,21,Victoria,8,Si
858,IA_dificil,17,Derrota,6,Si
859,IA_facil,18,Victoria,6,Si
859,IA_medio,17,Derrota,7,Si
859,IA_dificil,23,Derrota,6,Si
860,IA_facil,18,Derrota,4,Si
860,IA_medio,20,Victoria,6,Si
860,IA_dificil,17,Derrota,4,Si
861,IA_facil,19,Derrota,5,Si
861,IA_medio,20,Derrota,6,Si
861,IA_dificil,21,Victoria,4,Si
862,IA_facil,18,Derrota,5,Si
862,IA_medio,19,Victoria,8,Si
862,IA_dificil,18,Derrota,7,Si
863,IA_facil,21,Empate,7,Si
863,IA_medio,23,Derrota,6,Si
863,IA_dificil,21,Empate,6,Si
864,IA_facil,21,Empate,8,Si
864,IA_medio,19,Derrota,6,Si
864,IA_dificil,21,Empate,5,Si
865,IA_facil,21,Victoria,4,Si
865,IA_medio,19,Derrota,5,Si
865,IA_dificil,20,Derrota,8,Si
866,IA_facil,19,Empate,4,Si
866,IA_medio,22,Derrota,6,Si
866,IA_dificil,19,Empate,5,Si
867,IA_facil,18,Derrota,5,Si
867,IA_medio,20,Victoria,6,Si
867,IA_dificil,22,Derrota,5,Si
868,IA_facil,18,Derrota,4,Si
868,IA_medio,21,Victoria,9,Si
868,IA_dificil,17,Derrota,5,Si
869,IA_facil,20,Victoria,4,Si
869,IA_medio,19,Derrota,7,Si
869,IA_dificil,17,Derrota,3,Si
870,IA_facil,18,Derrota,8,Si
870,IA_medio,18,Derrota,6,Si
870,IA_dificil,21,Victoria,5,Si
871,IA_facil,18,Derrota,5,Si
871,IA_medio,21,Empate,7,Si
871,IA_dificil,21,Empate,6,Si
872,IA_facil,20,Empate,5,Si
872,IA_medio,22,Derrota,7,Si
872,IA_dificil,20,Empate,5,Si
873,IA_facil,19,Empate,4,Si
873,IA_medio,18,Derrota,6,Si
873,IA_dificil,19,Empate,7,Si
874,IA_facil,19,Victoria,4,Si
874,IA_medio,22,Derrota,4,Si
874,IA_dificil,24,Derrota,5,Si
875,IA_facil,17,Derrota,5,Si
875,IA_medio,21,Victoria,8,Si
875,IA_dificil,19,Derrota,5,Si
876,IA_facil,18,Derrota,4,Si
876,IA_medio,20,Derrota,6,Si
876,IA_dificil,21,Victoria,5,Si
877,IA_facil,18,Derrota,4,Si
877,IA_medio,20,Victoria,4,Si
877,IA_dificil,19,Derrota,7,Si
878,IA_facil,21,Victoria,8,Si
878,IA_medio,19,Derrota,4,Si
878,IA_dificil,20,Derrota,5,Si
879,IA_facil,18,Victoria,5,Si
879,IA_medio,17,Derrota,3,Si
879,IA_dificil,22,Derrota,8,Si
880,IA_facil,22,Derrota,6,Si
880,IA_medio,18,Empate,6,Si
880,IA_dificil,18,Empate,7,Si
881,IA_facil,18,Derrota,3,Si
881,IA_medio,22,Derrota,6,Si
881,IA_dificil,20,Victoria,6,Si
882,IA_facil,18,Derrota,5,Si
882,IA_medio,21,Victoria,6,Si
882,IA_dificil,23,Derrota,5,Si
883,IA_facil,18,Derrota,4,Si
883,IA_medio,20,Victoria,6,Si
883,IA_dificil,19,Derrota,6,Si
884,IA_facil,18,Victoria,3,Si
884,IA_medio,22,Derrota,5,Si
884,IA_dificil,17,Derrota,7,Si
885,IA_facil,19,Derrota,4,Si
885,IA_medio,20,Victoria,6,Si
885,IA_dificil,18,Derrota,5,Si
886,IA_facil,19,Victoria,6,Si
886,IA_medio,17,Derrota,4,Si
886,IA_dificil,17,Derrota,4,Si
887,IA_facil,20,Victoria,5,Si
887,IA_medio,17,Derrota,3,Si
887,IA_dificil,22,Derrota,6,Si
888,IA_facil,18,Derrota,4,Si
888,IA_medio,22,Derrota,6,Si
888,IA_dificil,21,Victoria,8,Si
889,IA_facil,17,Derrota,5,Si
889,IA_medio,20,Victoria,6,Si
889,IA_dificil,18,Derrota,6,Si
890,IA_facil,19,Empate,6,Si
890,IA_medio,19,Empate,8,Si
890,IA_dificil,18,Derrota,4,Si
891,IA_facil,19,Victoria,5,Si
891,IA_medio,18,Derrota,5,Si
891,IA_dificil,18,Derrota,4,Si
892,IA_facil,19,Victoria,6,Si
892,IA_medio,18,Derrota,5,Si
892,IA_dificil,18,Derrota,4,Si
893,IA_facil,21,Victoria,7,Si
893,IA_medio,18,Derrota,7,Si
893,IA_dificil,20,Derrota,4,Si
894,IA_facil,18,Derrota,4,Si
894,IA_medio,21,Victoria,6,Si
894,IA_dificil,19,Derrota,5,Si
895,IA_facil,19,Derrota,5,Si
895,IA_medio,21,Victoria,7,Si
895,IA_dificil,23,Derrota,8,Si
896,IA_facil,19,Derrota,4,Si
896,IA_medio,20,Victoria,5,Si
896,IA_dificil,22,Derrota,6,Si
897,IA_facil,19,Derrota,5,Si
897,IA_medio,20,Derrota,6,Si
897,IA_dificil,21,Victoria,5,Si
898,IA_facil,18,Empate,7,Si
898,IA_medio,17,Derrota,6,Si
898,IA_dificil,18,Empate,6,Si
899,IA_facil,18,Victoria,4,Si
899,IA_medio,24,Derrota,10,Si
899,IA_dificil,17,Derrota,5,Si
900,IA_facil,20,Empate,6,Si
900,IA_medio,20,Empate,5,Si
900,IA_dificil,19,Derrota,9,Si
901,IA_facil,20,Empate,5,Si
901,IA_medio,20,Empate,5,Si
901,IA_dificil,17,Derrota,3,Si
902,IA_facil,17,Derrota,5,Si
902,IA_medio,19,Victoria,6,Si
902,IA_dificil,18,Derrota,7,Si
903,IA_facil,17,Derrota,3,Si
903,IA_medio,20,Derrota,6,Si
903,IA_dificil,21,Victoria,6,Si
904,IA_facil,22,Derrota,8,Si
904,IA_medio,22,Derrota,5,Si
904,IA_dificil,17,Victoria,4,Si
905,IA_facil,20,Victoria,5,Si
905,IA_medio,19,Derrota,5,Si
905,IA_dificil,22,Derrota,5,Si
906,IA_facil,19,Derrota,7,Si
906,IA_medio,20,Victoria,5,Si
906,IA_dificil,17,Derrota,7,Si
907,IA_facil,17,Derrota,4,Si
907,IA_medio,19,Victoria,5,Si
907,IA_dificil,18,Derrota,4,Si
908,IA_facil,21,Victoria,5,Si
908,IA_medio,18,Derrota,5,Si
908,IA_dificil,20,Derrota,8,Si
909,IA_facil,20,Victoria,7,Si
909,IA_medio,17,Derrota,5,Si
909,IA_dificil,18,Derrota,3,Si
910,IA_facil,17,Derrota,5,Si
910,IA_medio,19,Victoria,4,Si
910,IA_dificil,18,Derrota,4,Si
911,IA_facil,17,Derrota,4,Si
911,IA_medio,24,Derrota,6,Si
911,IA_dificil,18,Victoria,6,Si
912,IA_facil,21,Victoria,6,Si
912,IA_medio,22,Derrota,6,Si
912,IA_dificil,17,Derrota,8,Si
913,IA_facil,22,Derrota,8,Si
913,IA_medio,17,Derrota,5,Si
913,IA_dificil,18,Victoria,6,Si
914,IA_facil,21,Empate,4,Si
914,IA_medio,21,Empate,5,Si
914,IA_dificil,20,Derrota,6,Si
915,IA_facil,20,Derrota,4,Si
915,IA_medio,21,Victoria,7,Si
915,IA_dificil,22,Derrota,6,Si
916,IA_facil,17,Derrota,5,Si
916,IA_medio,18,Derrota,5,Si
916,IA_dificil,20,Victoria,4,Si
917,IA_facil,22,Derrota,6,Si
917,IA_medio,23,Derrota,6,Si
917,IA_dificil,20,Victoria,6,Si
918,IA_facil,18,Victoria,5,Si
918,IA_medio,23,Derrota,6,Si
918,IA_dificil,22,Derrota,6,Si
919,IA_facil,18,Derrota,6,Si
919,IA_medio,18,Derrota,5,Si
919,IA_dificil,20,Victoria,6,Si
920,IA_facil,18,Derrota,6,Si
920,IA_medio,18,Derrota,6,Si
920,IA_dificil,19,Victoria,5,Si
921,IA_facil,17,Derrota,6,Si
921,IA_medio,20,Victoria,6,Si
921,IA_dificil,18,Derrota,4,Si
922,IA_facil,21,Empate,6,Si
922,IA_medio,21,Empate,9,Si
922,IA_dificil,23,Derrota,7,Si
923,IA_facil,17,Derrota,6,Si
923,IA_medio,20,Victoria,5,Si
923,IA_dificil,18,Derrota,5,Si
924,IA_facil,19,Derrota,6,Si
924,IA_medio,18,Derrota,5,Si
924,IA_dificil,20,Victoria,6,Si
925,IA_facil,18,Derrota,4,Si
925,IA_medio,17,Derrota,5,Si
925,IA_dificil,19,Victoria,7,Si
926,IA_facil,20,Victoria,5,Si
926,IA_medio,23,Derrota,7,Si
926,IA_dificil,19,Derrota,5,Si
927,IA_facil,17,Derrota,5,Si
927,IA_medio,20,Empate,7,Si
927,IA_dificil,20,Empate,6,Si
928,IA_facil,21,Victoria,5,Si
928,IA_medio,23,Derrota,7,Si
928,IA_dificil,17,Derrota,4,Si
929,IA_facil,18,Derrota,5,Si
929,IA_medio,19,Victoria,6,Si
929,IA_dificil,24,Derrota,8,Si
930,IA_facil,18,Empate,5,Si
930,IA_medio,18,Empate,4,Si
930,IA_dificil,18,Empate,4,Si
931,IA_facil,17,Derrota,4,Si
931,IA_medio,22,Derrota,5,Si
931,IA_dificil,20,Victoria,5,Si
932,IA_facil,18,Derrota,4,Si
932,IA_medio,18,Derrota,6,Si
932,IA_dificil,20,Victoria,6,Si
933,IA_facil,20,Derrota,5,Si
933,IA_medio,20,Derrota,6,Si
933,IA_dificil,21,Victoria,5,Si
934,IA_facil,19,Victoria,4,Si
934,IA_medio,22,Derrota,7,Si
934,IA_dificil,22,Derrota,6,Si
935,IA_facil,19,Victoria,5,Si
935,IA_medio,18,Derrota,6,Si
935,IA_dificil,17,Derrota,5,Si
936,IA_facil,19,Victoria,6,Si
936,IA_medio,17,Derrota,6,Si
936,IA_dificil,17,Derrota,5,Si
937,IA_facil,18,Derrota,4,Si
937,IA_medio,17,Derrota,4,Si
937,IA_dificil,19,Victoria,5,Si
938,IA_facil,19,Derrota,5,Si
938,IA_medio,21,Victoria,7,Si
938,IA_dificil,19,Derrota,7,Si
939,IA_facil,21,Victoria,5,Si
939,IA_medio,18,Derrota,4,Si
939,IA_dificil,17,Derrota,5,Si
940,IA_facil,17,Derrota,4,Si
940,IA_medio,17,Derrota,5,Si
940,IA_dificil,21,Victoria,5,Si
941,IA_facil,17,Derrota,6,Si
941,IA_medio,21,Victoria,5,Si
941,IA_dificil,17,Derrota,7,Si
942,IA_facil,18,Victoria,4,Si
942,IA_medio,22,Derrota,5,Si
942,IA_dificil,22,Derrota,7,Si
943,IA_facil,18,Derrota,5,Si
943,IA_medio,25,Derrota,6,Si
943,IA_dificil,20,Victoria,7,Si
944,IA_facil,18,Derrota,6,Si
944,IA_medio,21,Victoria,6,Si
944,IA_dificil,17,Derrota,5,Si
945,IA_facil,18,Derrota,4,Si
945,IA_medio,21,Empate,5,Si
945,IA_dificil,21,Empate,8,Si
946,IA_facil,17,Victoria,7,Si
946,IA_medio,22,Derrota,7,Si
946,IA_dificil,22,Derrota,7,Si
947,IA_facil,17,Empate,7,Si
947,IA_medio,25,Derrota,6,Si
947,IA_dificil,17,Empate,5,Si
948,IA_facil,17,Derrota,4,Si
948,IA_medio,21,Victoria,5,Si
948,IA_dificil,18,Derrota,4,Si
949,IA_facil,18,Derrota,4,Si
949,IA_medio,22,Derrota,7,Si
949,IA_dificil,20,Victoria,5,Si
950,IA_facil,18,Derrota,4,Si
950,IA_medio,18,Derrota,5,Si
950,IA_dificil,20,Victoria,5,Si
951,IA_facil,20,Victoria,6,Si
951,IA_medio,24,Derrota,6,Si
951,IA_dificil,17,Derrota,3,Si
952,IA_facil,18,Derrota,5,Si
952,IA_medio,22,Derrota,5,Si
952,IA_dificil,21,Victoria,5,Si
953,IA_facil,20,Derrota,6,Si
953,IA_medio,20,Derrota,5,Si
953,IA_dificil,21,Victoria,8,Si
954,IA_facil,18,Derrota,7,Si
954,IA_medio,19,Empate,6,Si
954,IA_dificil,19,Empate,6,Si
955,IA_facil,17,Derrota,4,Si
955,IA_medio,21,Victoria,8,Si
955,IA_dificil,17,Derrota,4,Si
956,IA_facil,17,Derrota,6,Si
956,IA_medio,19,Derrota,7,Si
956,IA_dificil,20,Victoria,5,Si
957,IA_facil,17,Derrota,8,Si
957,IA_medio,19,Victoria,5,Si
957,IA_dificil,17,Derrota,6,Si
958,IA_facil,18,Derrota,4,Si
958,IA_medio,19,Empate,6,Si
958,IA_dificil,19,Empate,6,Si
959,IA_facil,19,Derrota,5,Si
959,IA_medio,21,Victoria,7,Si
959,IA_dificil,23,Derrota,5,Si
960,IA_facil,22,Derrota,8,Si
960,IA_medio,20,Victoria,5,Si
960,IA_dificil,17,Derrota,5,Si
961,IA_facil,19,Derrota,5,Si
961,IA_medio,20,Derrota,5,Si
961,IA_dificil,21,Victoria,5,Si
962,IA_facil,18,Derrota,6,Si
962,IA_medio,21,Victoria,7,Si
962,IA_dificil,23,Derrota,6,Si
963,IA_facil,17,Derrota,6,Si
963,IA_medio,18,Victoria,4,Si
963,IA_dificil,22,Derrota,5,Si
964,IA_facil,21,Victoria,6,Si
964,IA_medio,17,Derrota,7,Si
964,IA_dificil,17,Derrota,7,Si
965,IA_facil,17,Derrota,5,Si
965,IA_medio,20,Victoria,5,Si
965,IA_dificil,23,Derrota,5,Si
966,IA_facil,18,Derrota,6,Si
966,IA_medio,22,Derrota,6,Si
966,IA_dificil,19,Victoria,4,Si
967,IA_facil,18,Empate,5,Si
967,IA_medio,23,Derrota,6,Si
967,IA_dificil,18,Empate,5,Si
968,IA_facil,18,Derrota,3,Si
968,IA_medio,22,Derrota,6,Si
968,IA_dificil,21,Victoria,7,Si
969,IA_facil,18,Derrota,5,Si
969,IA_medio,19,Derrota,5,Si
969,IA_dificil,20,Victoria,7,Si
970,IA_facil,18,Derrota,5,Si
970,IA_medio,21,Empate,5,Si
970,IA_dificil,21,Empate,6,Si
971,IA_facil,19,Derrota,5,Si
971,IA_medio,20,Victoria,6,Si
971,IA_dificil,18,Derrota,5,Si
972,IA_facil,18,Derrota,6,Si
972,IA_medio,22,Derrota,5,Si
972,IA_dificil,20,Victoria,8,Si
973,IA_facil,17,Victoria,6,Si
973,IA_medio,22,Derrota,7,Si
973,IA_dificil,23,Derrota,6,Si
974,IA_facil,19,Derrota,5,Si
974,IA_medio,19,Derrota,5,Si
974,IA_dificil,21,Victoria,5,Si
975,IA_facil,20,Empate,5,Si
975,IA_medio,25,Derrota,5,Si
975,IA_dificil,20,Empate,5,Si
976,IA_facil,20,Empate,4,Si
976,IA_medio,20,Empate,7,Si
976,IA_dificil,17,Derrota,6,Si
977,IA_facil,19,Victoria,4,Si
977,IA_medio,25,Derrota,6,Si
977,IA_dificil,18,Derrota,6,Si
978,IA_facil,18,Derrota,4,Si
978,IA_medio,20,Victoria,8,Si
978,IA_dificil,18,Derrota,6,Si
979,IA_facil,18,Derrota,5,Si
979,IA_medio,18,Derrota,6,Si
979,IA_dificil,19,Victoria,7,Si
980,IA_facil,21,Victoria,5,Si
980,IA_medio,20,Derrota,5,Si
980,IA_dificil,19,Derrota,7,Si
981,IA_facil,21,Victoria,4,Si
981,IA_medio,20,Derrota,5,Si
981,IA_dificil,20,Derrota,7,Si
982,IA_facil,20,Derrota,5,Si
982,IA_medio,21,Victoria,5,Si
982,IA_dificil,17,Derrota,5,Si
983,IA_facil,18,Empate,7,Si
983,IA_medio,18,Empate,6,Si
983,IA_dificil,22,Derrota,6,Si
984,IA_facil,19,Derrota,6,Si
984,IA_medio,20,Victoria,6,Si
984,IA_dificil,18,Derrota,6,Si
985,IA_facil,22,Derrota,7,Si
985,IA_medio,21,Victoria,5,Si
985,IA_dificil,20,Derrota,5,Si
986,IA_facil,18,Derrota,5,Si
986,IA_medio,17,Derrota,4,Si
986,IA_dificil,21,Victoria,5,Si
987,IA_facil,19,Derrota,6,Si
987,IA_medio,17,Derrota,6,Si
987,IA_dificil,20,Victoria,8,Si
988,IA_facil,18,Derrota,4,Si
988,IA_medio,21,Victoria,6,Si
988,IA_dificil,18,Derrota,5,Si
989,IA_facil,17,Derrota,6,Si
989,IA_medio,18,Empate,6,Si
989,IA_dificil,18,Empate,6,Si
990,IA_facil,19,Derrota,5,Si
990,IA_medio,19,Derrota,6,Si
990,IA_dificil,20,Victoria,5,Si
991,IA_facil,18,Derrota,5,Si
991,IA_medio,20,Empate,5,Si
991,IA_dificil,20,Empate,5,Si
992,IA_facil,21,Victoria,4,Si
992,IA_medio,20,Derrota,5,Si
992,IA_dificil,20,Derrota,5,Si
993,IA_facil,17,Derrota,5,Si
993,IA_medio,23,Derrota,8,Si
993,IA_dificil,18,Victoria,4,Si
994,IA_facil,19,Victoria,4,Si
994,IA_medio,22,Derrota,6,Si
994,IA_dificil,17,Derrota,5,Si
995,IA_facil,19,Empate,4,Si
995,IA_medio,24,Derrota,6,Si
995,IA_dificil,19,Empate,4,Si
996,IA_facil,19,Derrota,6,Si
996,IA_medio,20,Victoria,7,Si
996,IA_dificil,17,Derrota,6,Si
997,IA_facil,19,Victoria,5,Si
997,IA_medio,17,Derrota,5,Si
997,IA_dificil,22,Derrota,4,Si
998,IA_facil,17,Derrota,3,Si
998,IA_medio,21,Victoria,4,Si
998,IA_dificil,24,Derrota,7,Si
999,IA_facil,19,Derrota,7,Si
999,IA_medio,21,Victoria,5,Si
999,IA_dificil,19,Derrota,6,Si
1000,IA_facil,17,Derrota,8,Si
1000,IA_medio,20,Victoria,8,Si
1000,IA_dificil,23,Derrota,6,Si
1001,IA_facil,22,Derrota,7,Si
1001,IA_medio,21,Empate,5,Si
1001,IA_dificil,21,Empate,5,Si
1002,IA_facil,20,Victoria,4,Si
1002,IA_medio,19,Derrota,6,Si
1002,IA_dificil,18,Derrota,4,Si
1003,IA_facil,20,Derrota,6,Si
1003,IA_medio,21,Victoria,5,Si
1003,IA_dificil,22,Derrota,4,Si
1004,IA_facil,17,Derrota,6,Si
1004,IA_medio,24,Derrota,7,Si
1004,IA_dificil,20,Victoria,5,Si
1005,IA_facil,20,Empate,4,Si
1005,IA_medio,20,Empate,6,Si
1005,IA_dificil,22,Derrota,6,Si
1006,IA_facil,17,Derrota,5,Si
1006,IA_medio,19,Empate,5,Si
1006,IA_dificil,19,Empate,4,Si
1007,IA_facil,19,Derrota,5,Si
1007,IA_medio,23,Derrota,6,Si
1007,IA_dificil,20,Victoria,5,Si
1008,IA_facil,18,Derrota,6,Si
1008,IA_medio,19,Empate,6,Si
1008,IA_dificil,19,Empate,5,Si
1009,IA_facil,19,Derrota,5,Si
1009,IA_medio,20,Victoria,6,Si
1009,IA_dificil,22,Derrota,6,Si
1010,IA_facil,19,Derrota,5,Si
1010,IA_medio,21,Victoria,7,Si
1010,IA_dificil,20,Derrota,6,Si
1011,IA_facil,19,Derrota,6,Si
1011,IA_medio,20,Victoria,4,Si
1011,IA_dificil,22,Derrota,6,Si
1012,IA_facil,20,Empate,5,Si
1012,IA_medio,23,Derrota,8,Si
1012,IA_dificil,20,Empate,5,Si
1013,IA_facil,22,Derrota,7,Si
1013,IA_medio,21,Victoria,6,Si
1013,IA_dificil,19,Derrota,7,Si
1014,IA_facil,17,Derrota,6,Si
1014,IA_medio,20,Victoria,7,Si
1014,IA_dificil,17,Derrota,7,Si
1015,IA_facil,17,Derrota,5,Si
1015,IA_medio,20,Empate,6,Si
1015,IA_dificil,20,Empate,5,Si
1016,IA_facil,21,Victoria,4,Si
1016,IA_medio,24,Derrota,8,Si
1016,IA_dificil,23,Derrota,6,Si
1017,IA_facil,18,Derrota,6,Si
1017,IA_medio,22,Derrota,5,Si
1017,IA_dificil,20,Victoria,4,Si
1018,IA_facil,18,Derrota,5,Si
1018,IA_medio,21,Victoria,6,Si
1018,IA_dificil,17,Derrota,7,Si
1019,IA_facil,20,Victoria,5,Si
1019,IA_medio,23,Derrota,8,Si
1019,IA_dificil,19,Derrota,4,Si
1020,IA_facil,18,Derrota,6,Si
1020,IA_medio,19,Derrota,6,Si
1020,IA_dificil,20,Victoria,4,Si
1021,IA_facil,20,Victoria,6,Si
1021,IA_medio,24,Derrota,7,Si
1021,IA_dificil,18,Derrota,6,Si
1022,IA_facil,18,Derrota,4,Si
1022,IA_medio,23,Derrota,5,Si
1022,IA_dificil,19,Victoria,4,Si
1023,IA_facil,18,Derrota,5,Si
1023,IA_medio,20,Victoria,5,Si
1023,IA_dificil,22,Derrota,5,Si
1024,IA_facil,21,Empate,5,Si
1024,IA_medio,18,Derrota,5,Si
1024,IA_dificil,21,Empate,7,Si
1025,IA_facil,17,Derrota,3,Si
1025,IA_medio,17,Derrota,5,Si
1025,IA_dificil,19,Victoria,7,Si
1026,IA_facil,18,Derrota,6,Si
1026,IA_medio,17,Derrota,6,Si
1026,IA_dificil,21,Victoria,6,Si
1027,IA_facil,18,Derrota,5,Si
1027,IA_medio,20,Derrota,4,Si
1027,IA_dificil,21,Victoria,5,Si
1028,IA_facil,19,Derrota,6,Si
1028,IA_medio,20,Empate,6,Si
1028,IA_dificil,20,Empate,5,Si
1029,IA_facil,17,Derrota,4,Si
1029,IA_medio,17,Derrota,4,Si
1029,IA_dificil,20,Victoria,6,Si
1030,IA_facil,17,Derrota,6,Si
1030,IA_medio,25,Derrota,5,Si
1030,IA_dificil,19,Victoria,6,Si
1031,IA_facil,17,Empate,5,Si
1031,IA_medio,17,Empate,4,Si
1031,IA_dificil,22,Derrota,9,Si
1032,IA_facil,21,Victoria,7,Si
1032,IA_medio,19,Derrota,4,Si
1032,IA_dificil,18,Derrota,4,Si
1033,IA_facil,19,Empate,6,Si
1033,IA_medio,19,Empate,5,Si
1033,IA_dificil,17,Derrota,3,Si
1034,IA_facil,18,Victoria,4,Si
1034,IA_medio,22,Derrota,9,Si
1034,IA_dificil,17,Derrota,5,Si
1035,IA_facil,20,Empate,5,Si
1035,IA_medio,20,Empate,7,Si
1035,IA_dificil,18,Derrota,5,Si
1036,IA_facil,17,Derrota,5,Si
1036,IA_medio,21,Victoria,5,Si
1036,IA_dificil,19,Derrota,4,Si
1037,IA_facil,20,Derrota,5,Si
1037,IA_medio,21,Victoria,7,Si
1037,IA_dificil,17,Derrota,5,Si
1038,IA_facil,18,Derrota,4,Si
1038,IA_medio,24,Derrota,5,Si
1038,IA_dificil,19,Victoria,5,Si
1039,IA_facil,19,Derrota,6,Si
1039,IA_medio,21,Empate,5,Si
1039,IA_dificil,21,Empate,9,Si
1040,IA_facil,18,Derrota,5,Si
1040,IA_medio,18,Derrota,4,Si
1040,IA_dificil,21,Victoria,4,Si
1041,IA_facil,18,Derrota,4,Si
1041,IA_medio,21,Victoria,8,Si
1041,IA_dificil,20,Derrota,5,Si
1042,IA_facil,20,Derrota,4,Si
1042,IA_medio,21,Empate,6,Si
1042,IA_dificil,21,Empate,6,Si
1043,IA_facil,18,Victoria,7,Si
1043,IA_medio,24,Derrota,6,Si
1043,IA_dificil,17,Derrota,3,Si
1044,IA_facil,17,Derrota,5,Si
1044,IA_medio,25,Derrota,8,Si
1044,IA_dificil,18,Victoria,5,Si
1045,IA_facil,21,Victoria,5,Si
1045,IA_medio,19,Derrota,4,Si
1045,IA_dificil,19,Derrota,5,Si
1046,IA_facil,21,Victoria,7,Si
1046,IA_medio,18,Derrota,6,Si
1046,IA_dificil,19,Derrota,5,Si
1047,IA_facil,22,Derrota,5,Si
1047,IA_medio,20,Victoria,7,Si
1047,IA_dificil,17,Derrota,4,Si
1048,IA_facil,18,Derrota,5,Si
1048,IA_medio,23,Derrota,6,Si
1048,IA_dificil,19,Victoria,6,Si
1049,IA_facil,19,Derrota,5,Si
1049,IA_medio,18,Derrota,5,Si
1049,IA_dificil,20,Victoria,7,Si
1050,IA_facil,17,Derrota,7,Si
1050,IA_medio,18,Derrota,3,Si
1050,IA_dificil,19,Victoria,6,Si
1051,IA_facil,18,Victoria,7,Si
1051,IA_medio,17,Derrota,7,Si
1051,IA_dificil,17,Derrota,5,Si
1052,IA_facil,17,Derrota,4,Si
1052,IA_medio,20,Victoria,6,Si
1052,IA_dificil,24,Derrota,7,Si
1053,IA_facil,21,Victoria,5,Si
1053,IA_medio,23,Derrota,6,Si
1053,IA_dificil,17,Derrota,4,Si
1054,IA_facil,21,Victoria,5,Si
1054,IA_medio,20,Derrota,6,Si
1054,IA_dificil,19,Derrota,7,Si
1055,IA_facil,17,Derrota,5,Si
1055,IA_medio,20,Derrota,5,Si
1055,IA_dificil,21,Victoria,5,Si
1056,IA_facil,19,Derrota,7,Si
1056,IA_medio,19,Derrota,5,Si
1056,IA_dificil,20,Victoria,6,Si
1057,IA_facil,18,Derrota,5,Si
1057,IA_medio,19,Empate,5,Si
1057,IA_dificil,19,Empate,5,Si
1058,IA_facil,20,Victoria,6,Si
1058,IA_medio,19,Derrota,5,Si
1058,IA_dificil,17,Derrota,4,Si
1059,IA_facil,17,Derrota,5,Si
1059,IA_medio,20,Victoria,4,Si
1059,IA_dificil,19,Derrota,6,Si
1060,IA_facil,21,Victoria,5,Si
1060,IA_medio,17,Derrota,5,Si
1060,IA_dificil,17,Derrota,4,Si
1061,IA_facil,21,Victoria,5,Si
1061,IA_medio,22,Derrota,7,Si
1061,IA_dificil,17,Derrota,5,Si
1062,IA_facil,18,Victoria,4,Si
1062,IA_medio,22,Derrota,7,Si
1062,IA_dificil,17,Derrota,7,Si
1063,IA_facil,18,Derrota,4,Si
1063,IA_medio,19,Victoria,7,Si
1063,IA_dificil,18,Derrota,5,Si
1064,IA_facil,18,Derrota,5,Si
1064,IA_medio,24,Derrota,6,Si
1064,IA_dificil,21,Victoria,6,Si
1065,IA_facil,18,Victoria,6,Si
1065,IA_medio,22,Derrota,5,Si
1065,IA_dificil,22,Derrota,5,Si
1066,IA_facil,18,Victoria,5,Si
1066,IA_medio,23,Derrota,7,Si
1066,IA_dificil,17,Derrota,6,Si
1067,IA_facil,19,Victoria,7,Si
1067,IA_medio,18,Derrota,3,Si
1067,IA_dificil,18,Derrota,5,Si
1068,IA_facil,20,Empate,5,Si
1068,IA_medio,17,Derrota,4,Si
1068,IA_dificil,20,Empate,5,Si
1069,IA_facil,19,Victoria,5,Si
1069,IA_medio,22,Derrota,5,Si
1069,IA_dificil,18,Derrota,6,Si
1070,IA_facil,18,Derrota,4,Si
1070,IA_medio,19,Empate,4,Si
1070,IA_dificil,19,Empate,4,Si
1071,IA_facil,17,Derrota,4,Si
1071,IA_medio,18,Empate,4,Si
1071,IA_dificil,18,Empate,5,Si
1072,IA_facil,22,Derrota,6,Si
1072,IA_medio,22,Derrota,5,Si
1072,IA_dificil,20,Victoria,7,Si
1073,IA_facil,18,Derrota,5,Si
1073,IA_medio,20,Victoria,5,Si
1073,IA_dificil,18,Derrota,4,Si
1074,IA_facil,19,Derrota,4,Si
1074,IA_medio,20,Victoria,7,Si
1074,IA_dificil,19,Derrota,5,Si
1075,IA_facil,18,Empate,4,Si
1075,IA_medio,18,Empate,4,Si
1075,IA_dificil,18,Empate,7,Si
1076,IA_facil,18,Derrota,4,Si
1076,IA_medio,21,Victoria,5,Si
1076,IA_dificil,17,Derrota,4,Si
1077,IA_facil,18,Derrota,5,Si
1077,IA_medio,22,Derrota,6,Si
1077,IA_dificil,19,Victoria,7,Si
1078,IA_facil,18,Derrota,6,Si
1078,IA_medio,21,Empate,5,Si
1078,IA_dificil,21,Empate,5,Si
1079,IA_facil,17,Derrota,6,Si
1079,IA_medio,19,Victoria,5,Si
1079,IA_dificil,22,Derrota,7,Si
1080,IA_facil,19,Derrota,4,Si
1080,IA_medio,21,Victoria,5,Si
1080,IA_dificil,17,Derrota,5,Si
1081,IA_facil,18,Derrota,7,Si
1081,IA_medio,21,Victoria,8,Si
1081,IA_dificil,17,Derrota,5,Si
1082,IA_facil,17,Derrota,5,Si
1082,IA_medio,21,Victoria,5,Si
1082,IA_dificil,17,Derrota,5,Si
1083,IA_facil,19,Derrota,7,Si
1083,IA_medio,18,Derrota,4,Si
1083,IA_dificil,21,Victoria,7,Si
1084,IA_facil,18,Derrota,4,Si
1084,IA_medio,20,Victoria,5,Si
1084,IA_dificil,17,Derrota,7,Si
1085,IA_facil,19,Victoria,5,Si
1085,IA_medio,24,Derrota,7,Si
1085,IA_dificil,17,Derrota,4,Si
1086,IA_facil,17,Derrota,4,Si
1086,IA_medio,19,Victoria,6,Si
1086,IA_dificil,17,Derrota,6,Si
1087,IA_facil,17,Derrota,5,Si
1087,IA_medio,22,Derrota,5,Si
1087,IA_dificil,18,Victoria,6,Si
1088,IA_facil,17,Derrota,4,Si
1088,IA_medio,20,Victoria,4,Si
1088,IA_dificil,17,Derrota,5,Si
1089,IA_facil,21,Victoria,5,Si
1089,IA_medio,18,Derrota,5,Si
1089,IA_dificil,19,Derrota,7,Si
1090,IA_facil,19,Derrota,6,Si
1090,IA_medio,19,Derrota,8,Si
1090,IA_dificil,20,Victoria,6,Si
1091,IA_facil,17,Derrota,4,Si
1091,IA_medio,20,Victoria,6,Si
1091,IA_dificil,17,Derrota,7,Si
1092,IA_facil,17,Derrota,3,Si
1092,IA_medio,18,Victoria,4,Si
1092,IA_dificil,22,Derrota,6,Si
1093,IA_facil,19,Victoria,7,Si
1093,IA_medio,24,Derrota,7,Si
1093,IA_dificil,17,Derrota,5,Si
1094,IA_facil,18,Victoria,7,Si
1094,IA_medio,24,Derrota,5,Si
1094,IA_dificil,22,Derrota,5,Si
1095,IA_facil,17,Empate,5,Si
1095,IA_medio,22,Derrota,7,Si
1095,IA_dificil,17,Empate,6,Si
1096,IA_facil,17,Derrota,3,Si
1096,IA_medio,21,Victoria,6,Si
1096,IA_dificil,17,Derrota,5,Si
1097,IA_facil,17,Derrota,5,Si
1097,IA_medio,20,Victoria,7,Si
1097,IA_dificil,17,Derrota,4,Si
1098,IA_facil,18,Derrota,5,Si
1098,IA_medio,19,Derrota,5,Si
1098,IA_dificil,20,Victoria,4,Si
1099,IA_facil,19,Derrota,6,Si
1099,IA_medio,21,Empate,7,Si
1099,IA_dificil,21,Empate,5,Si
1100,IA_facil,22,Derrota,6,Si
1100,IA_medio,20,Victoria,8,Si
1100,IA_dificil,24,Derrota,5,Si
1101,IA_facil,22,Derrota,6,Si
1101,IA_medio,22,Derrota,6,Si
1101,IA_dificil,17,Victoria,5,Si
1102,IA_facil,18,Derrota,5,Si
1102,IA_medio,19,Victoria,4,Si
1102,IA_dificil,17,Derrota,5,Si
1103,IA_facil,20,Derrota,5,Si
1103,IA_medio,22,Derrota,5,Si
1103,IA_dificil,21,Victoria,7,Si
1104,IA_facil,18,Derrota,7,Si
1104,IA_medio,20,Derrota,5,Si
1104,IA_dificil,21,Victoria,5,Si
1105,IA_facil,17,Empate,5,Si
1105,IA_medio,22,Derrota,5,Si
1105,IA_dificil,17,Empate,6,Si
1106,IA_facil,19,Derrota,5,Si
1106,IA_medio,21,Victoria,8,Si
1106,IA_dificil,18,Derrota,7,Si
1107,IA_facil,18,Victoria,5,Si
1107,IA_medio,24,Derrota,6,Si
1107,IA_dificil,17,Derrota,6,Si
1108,IA_facil,19,Derrota,6,Si
1108,IA_medio,23,Derrota,6,Si
1108,IA_dificil,21,Victoria,5,Si
1109,IA_facil,17,Derrota,5,Si
1109,IA_medio,17,Derrota,3,Si
1109,IA_dificil,19,Victoria,5,Si
1110,IA_facil,22,Derrota,6,Si
1110,IA_medio,19,Victoria,4,Si
1110,IA_dificil,22,Derrota,6,Si
1111,IA_facil,20,Empate,9,Si
1111,IA_medio,20,Empate,4,Si
1111,IA_dificil,19,Derrota,5,Si
1112,IA_facil,22,Derrota,5,Si
1112,IA_medio,20,Victoria,5,Si
1112,IA_dificil,17,Derrota,5,Si
1113,IA_facil,17,Derrota,4,Si
1113,IA_medio,18,Derrota,4,Si
1113,IA_dificil,20,Victoria,4,Si
1114,IA_facil,18,Victoria,5,Si
1114,IA_medio,17,Derrota,5,Si
1114,IA_dificil,22,Derrota,5,Si
1115,IA_facil,19,Derrota,5,Si
1115,IA_medio,24,Derrota,6,Si
1115,IA_dificil,20,Victoria,7,Si
1116,IA_facil,20,Empate,5,Si
1116,IA_medio,20,Empate,5,Si
1116,IA_dificil,20,Empate,6,Si
1117,IA_facil,17,Derrota,5,Si
1117,IA_medio,18,Victoria,5,Si
1117,IA_dificil,24,Derrota,5,Si
1118,IA_facil,21,Victoria,6,Si
1118,IA_medio,19,Derrota,6,Si
1118,IA_dificil,19,Derrota,6,Si
1119,IA_facil,17,Derrota,4,Si
1119,IA_medio,22,Derrota,5,Si
1119,IA_dificil,19,Victoria,5,Si
1120,IA_facil,19,Derrota,5,Si
1120,IA_medio,21,Victoria,5,Si
1120,IA_dificil,18,Derrota,5,Si
1121,IA_facil,17,Derrota,6,Si
1121,IA_medio,20,Empate,5,Si
1121,IA_dificil,20,Empate,7,Si
1122,IA_facil,21,Victoria,4,Si
1122,IA_medio,18,Derrota,6,Si
1122,IA_dificil,17,Derrota,5,Si
1123,IA_facil,17,Victoria,5,Si
1123,IA_medio,22,Derrota,7,Si
1123,IA_dificil,25,Derrota,5,Si
1124,IA_facil,20,Victoria,6,Si
1124,IA_medio,17,Derrota,4,Si
1124,IA_dificil,19,Derrota,4,Si
1125,IA_facil,20,Victoria,7,Si
1125,IA_medio,25,Derrota,8,Si
1125,IA_dificil,18,Derrota,5,Si
1126,IA_facil,19,Derrota,5,Si
1126,IA_medio,21,Victoria,6,Si
1126,IA_dificil,17,Derrota,5,Si
1127,IA_facil,18,Derrota,4,Si
1127,IA_medio,18,Derrota,7,Si
1127,IA_dificil,20,Victoria,5,Si
1128,IA_facil,17,Derrota,5,Si
1128,IA_medio,20,Derrota,6,Si
1128,IA_dificil,21,Victoria,6,Si
1129,IA_facil,17,Derrota,4,Si
1129,IA_medio,17,Derrota,5,Si
1129,IA_dificil,20,Victoria,5,Si
1130,IA_facil,21,Empate,4,Si
1130,IA_medio,21,Empate,6,Si
1130,IA_dificil,20,Derrota,5,Si
1131,IA_facil,19,Derrota,4,Si
1131,IA_medio,20,Derrota,8,Si
1131,IA_dificil,21,Victoria,5,Si
1132,IA_facil,18,Derrota,4,Si
1132,IA_medio,17,Derrota,6,Si
1132,IA_dificil,21,Victoria,4,Si
1133,IA_facil,20,Empate,5,Si
1133,IA_medio,20,Empate,5,Si
1133,IA_dificil,22,Derrota,4,Si
1134,IA_facil,19,Derrota,5,Si
1134,IA_medio,18,Derrota,5,Si
1134,IA_dificil,21,Victoria,8,Si
1135,IA_facil,17,Derrota,4,Si
1135,IA_medio,20,Victoria,6,Si
1135,IA_dificil,18,Derrota,4,Si
1136,IA_facil,18,Derrota,4,Si
1136,IA_medio,23,Derrota,6,Si
1136,IA_dificil,21,Victoria,5,Si
1137,IA_facil,18,Victoria,5,Si
1137,IA_medio,22,Derrota,6,Si
1137,IA_dificil,22,Derrota,5,Si
1138,IA_facil,21,Victoria,8,Si
1138,IA_medio,17,Derrota,5,Si
1138,IA_dificil,19,Derrota,6,Si
1139,IA_facil,17,Derrota,5,Si
1139,IA_medio,20,Victoria,6,Si
1139,IA_dificil,22,Derrota,5,Si
1140,IA_facil,20,Victoria,6,Si
1140,IA_medio,22,Derrota,6,Si
1140,IA_dificil,19,Derrota,5,Si
1141,IA_facil,18,Empate,5,Si
1141,IA_medio,17,Derrota,4,Si
1141,IA_dificil,18,Empate,4,Si
1142,IA_facil,17,Derrota,7,Si
1142,IA_medio,20,Victoria,4,Si
1142,IA_dificil,17,Derrota,3,Si
1143,IA_facil,20,Derrota,5,Si
1143,IA_medio,21,Victoria,6,Si
1143,IA_dificil,18,Derrota,4,Si
1144,IA_facil,18,Derrota,8,Si
1144,IA_medio,19,Empate,6,Si
1144,IA_dificil,19,Empate,6,Si
1145,IA_facil,20,Victoria,6,Si
1145,IA_medio,19,Derrota,6,Si
1145,IA_dificil,23,Derrota,5,Si
1146,IA_facil,20,Victoria,6,Si
1146,IA_medio,25,Derrota,6,Si
1146,IA_dificil,18,Derrota,6,Si
1147,IA_facil,17,Derrota,6,Si
1147,IA_medio,17,Derrota,6,Si
1147,IA_dificil,18,Victoria,6,Si
1148,IA_facil,19,Derrota,4,Si
1148,IA_medio,21,Victoria,6,Si
1148,IA_dificil,19,Derrota,9,Si
1149,IA_facil,18,Derrota,7,Si
1149,IA_medio,20,Derrota,6,Si
1149,IA_dificil,21,Victoria,6,Si
1150,IA_facil,19,Victoria,6,Si
1150,IA_medio,17,Derrota,7,Si
1150,IA_dificil,18,Derrota,7,Si
1151,IA_facil,19,Derrota,6,Si
1151,IA_medio,17,Derrota,5,Si
1151,IA_dificil,20,Victoria,5,Si
1152,IA_facil,19,Derrota,4,Si
1152,IA_medio,21,Victoria,7,Si
1152,IA_dificil,18,Derrota,5,Si
1153,IA_facil,17,Victoria,4,Si
1153,IA_medio,22,Derrota,6,Si
1153,IA_dificil,22,Derrota,8,Si
1154,IA_facil,21,Victoria,5,Si
1154,IA_medio,19,Derrota,5,Si
1154,IA_dificil,17,Derrota,7,Si
1155,IA_facil,21,Victoria,5,Si
1155,IA_medio,20,Derrota,6,Si
1155,IA_dificil,20,Derrota,6,Si
1156,IA_facil,21,Victoria,5,Si
1156,IA_medio,18,Derrota,8,Si
1156,IA_dificil,18,Derrota,5,Si
1157,IA_facil,19,Empate,5,Si
1157,IA_medio,18,Derrota,4,Si
1157,IA_dificil,19,Empate,6,Si
1158,IA_facil,19,Victoria,4,Si
1158,IA_medio,17,Derrota,4,Si
1158,IA_dificil,17,Derrota,5,Si
1159,IA_facil,19,Derrota,5,Si
1159,IA_medio,20,Victoria,5,Si
1159,IA_dificil,18,Derrota,5,Si
1160,IA_facil,18,Derrota,5,Si
1160,IA_medio,21,Victoria,4,Si
1160,IA_dificil,20,Derrota,6,Si
1161,IA_facil,19,Victoria,8,Si
1161,IA_medio,17,Derrota,6,Si
1161,IA_dificil,18,Derrota,5,Si
1162,IA_facil,18,Empate,6,Si
1162,IA_medio,23,Derrota,7,Si
1162,IA_dificil,18,Empate,5,Si
1163,IA_facil,18,Derrota,4,Si
1163,IA_medio,21,Victoria,5,Si
1163,IA_dificil,19,Derrota,5,Si
1164,IA_facil,19,Derrota,6,Si
1164,IA_medio,17,Derrota,6,Si
1164,IA_dificil,20,Victoria,7,Si
1165,IA_facil,17,Derrota,4,Si
1165,IA_medio,17,Derrota,7,Si
1165,IA_dificil,20,Victoria,5,Si
1166,IA_facil,19,Derrota,5,Si
1166,IA_medio,24,Derrota,5,Si
1166,IA_dificil,21,Victoria,5,Si
1167,IA_facil,20,Victoria,6,Si
1167,IA_medio,19,Derrota,4,Si
1167,IA_dificil,17,Derrota,4,Si
1168,IA_facil,21,Victoria,6,Si
1168,IA_medio,17,Derrota,3,Si
1168,IA_dificil,18,Derrota,6,Si
1169,IA_facil,17,Victoria,5,Si
1169,IA_medio,22,Derrota,7,Si
1169,IA_dificil,22,Derrota,5,Si
1170,IA_facil,19,Victoria,5,Si
1170,IA_medio,17,Derrota,4,Si
1170,IA_dificil,22,Derrota,8,Si
1171,IA_facil,20,Derrota,7,Si
1171,IA_medio,21,Empate,6,Si
1171,IA_dificil,21,Empate,5,Si
1172,IA_facil,18,Derrota,4,Si
1172,IA_medio,19,Derrota,6,Si
1172,IA_dificil,21,Victoria,5,Si
1173,IA_facil,18,Derrota,4,Si
1173,IA_medio,22,Derrota,5,Si
1173,IA_dificil,21,Victoria,6,Si
1174,IA_facil,22,Derrota,5,Si
1174,IA_medio,24,Derrota,7,Si
1174,IA_dificil,24,Derrota,6,Si
1175,IA_facil,17,Derrota,5,Si
1175,IA_medio,21,Victoria,6,Si
1175,IA_dificil,19,Derrota,5,Si
1176,IA_facil,19,Empate,6,Si
1176,IA_medio,19,Empate,5,Si
1176,IA_dificil,19,Empate,6,Si
1177,IA_facil,18,Derrota,6,Si
1177,IA_medio,21,Empate,6,Si
1177,IA_dificil,21,Empate,7,Si
1178,IA_facil,19,Derrota,6,Si
1178,IA_medio,20,Victoria,6,Si
1178,IA_dificil,18,Derrota,5,Si
1179,IA_facil,17,Derrota,3,Si
1179,IA_medio,19,Derrota,6,Si
1179,IA_dificil,20,Victoria,5,Si
1180,IA_facil,17,Derrota,7,Si
1180,IA_medio,20,Victoria,5,Si
1180,IA_dificil,19,Derrota,7,Si
1181,IA_facil,18,Derrota,4,Si
1181,IA_medio,17,Derrota,5,Si
1181,IA_dificil,20,Victoria,5,Si
1182,IA_facil,17,Derrota,4,Si
1182,IA_medio,24,Derrota,7,Si
1182,IA_dificil,19,Victoria,6,Si
1183,IA_facil,17,Derrota,4,Si
1183,IA_medio,20,Victoria,7,Si
1183,IA_dificil,19,Derrota,5,Si
1184,IA_facil,19,Empate,5,Si
1184,IA_medio,19,Empate,5,Si
1184,IA_dificil,23,Derrota,6,Si
1185,IA_facil,22,Derrota,7,Si
1185,IA_medio,18,Derrota,6,Si
1185,IA_dificil,21,Victoria,7,Si
1186,IA_facil,18,Derrota,3,Si
1186,IA_medio,20,Derrota,5,Si
1186,IA_dificil,21,Victoria,6,Si
1187,IA_facil,17,Derrota,4,Si
1187,IA_medio,21,Victoria,7,Si
1187,IA_dificil,20,Derrota,5,Si
1188,IA_facil,18,Derrota,7,Si
1188,IA_medio,21,Victoria,7,Si
1188,IA_dificil,19,Derrota,6,Si
1189,IA_facil,22,Derrota,5,Si
1189,IA_medio,18,Derrota,7,Si
1189,IA_dificil,19,Victoria,5,Si
1190,IA_facil,18,Empate,5,Si
1190,IA_medio,18,Empate,8,Si
1190,IA_dificil,18,Empate,4,Si
1191,IA_facil,18,Derrota,4,Si
1191,IA_medio,17,Derrota,7,Si
1191,IA_dificil,19,Victoria,6,Si
1192,IA_facil,18,Derrota,6,Si
1192,IA_medio,19,Victoria,5,Si
1192,IA_dificil,18,Derrota,6,Si
1193,IA_facil,18,Derrota,5,Si
1193,IA_medio,21,Victoria,6,Si
1193,IA_dificil,18,Derrota,5,Si
1194,IA_facil,17,Derrota,5,Si
1194,IA_medio,18,Derrota,6,Si
1194,IA_dificil,19,Victoria,7,Si
1195,IA_facil,20,Victoria,5,Si
1195,IA_medio,23,Derrota,6,Si
1195,IA_dificil,17,Derrota,6,Si
1196,IA_facil,20,Derrota,6,Si
1196,IA_medio,20,Derrota,5,Si
1196,IA_dificil,21,Victoria,5,Si
1197,IA_facil,19,Victoria,7,Si
1197,IA_medio,24,Derrota,8,Si
1197,IA_dificil,18,Derrota,5,Si
1198,IA_facil,17,Derrota,4,Si
1198,IA_medio,21,Victoria,4,Si
1198,IA_dificil,20,Derrota,8,Si
1199,IA_facil,22,Derrota,6,Si
1199,IA_medio,19,Victoria,4,Si
1199,IA_dificil,17,Derrota,5,Si
1200,IA_facil,18,Derrota,3,Si
1200,IA_medio,20,Derrota,6,Si
1200,IA_dificil,21,Victoria,6,Si
1201,IA_facil,19,Derrota,6,Si
1201,IA_medio,22,Derrota,6,Si
1201,IA_dificil,20,Victoria,6,Si
1202,IA_facil,18,Derrota,7,Si
1202,IA_medio,21,Victoria,5,Si
1202,IA_dificil,18,Derrota,5,Si
1203,IA_facil,20,Derrota,5,Si
1203,IA_medio,21,Victoria,9,Si
1203,IA_dificil,20,Derrota,4,Si
1204,IA_facil,17,Derrota,4,Si
1204,IA_medio,21,Victoria,9,Si
1204,IA_dificil,20,Derrota,8,Si
1205,IA_facil,17,Derrota,5,Si
1205,IA_medio,20,Victoria,4,Si
1205,IA_dificil,17,Derrota,4,Si
1206,IA_facil,17,Derrota,5,Si
1206,IA_medio,20,Empate,5,Si
1206,IA_dificil,20,Empate,5,Si
1207,IA_facil,18,Derrota,5,Si
1207,IA_medio,20,Victoria,7,Si
1207,IA_dificil,18,Derrota,5,Si
1208,IA_facil,17,Derrota,6,Si
1208,IA_medio,20,Victoria,6,Si
1208,IA_dificil,17,Derrota,6,Si
1209,IA_facil,19,Derrota,8,Si
1209,IA_medio,17,Derrota,5,Si
1209,IA_dificil,20,Victoria,5,Si
1210,IA_facil,17,Derrota,5,Si
1210,IA_medio,23,Derrota,5,Si
1210,IA_dificil,18,Victoria,6,Si
1211,IA_facil,18,Derrota,6,Si
1211,IA_medio,18,Derrota,5,Si
1211,IA_dificil,21,Victoria,4,Si
1212,IA_facil,21,Empate,6,Si
1212,IA_medio,21,Empate,7,Si
1212,IA_dificil,18,Derrota,4,Si
1213,IA_facil,20,Derrota,4,Si
1213,IA_medio,21,Victoria,5,Si
1213,IA_dificil,20,Derrota,5,Si
1214,IA_facil,20,Victoria,6,Si
1214,IA_medio,22,Derrota,5,Si
1214,IA_dificil,22,Derrota,6,Si
1215,IA_facil,18,Victoria,6,Si
1215,IA_medio,24,Derrota,5,Si
1215,IA_dificil,17,Derrota,4,Si
1216,IA_facil,21,Victoria,4,Si
1216,IA_medio,19,Derrota,4,Si
1216,IA_dificil,20,Derrota,6,Si
1217,IA_facil,19,Empate,5,Si
1217,IA_medio,19,Empate,5,Si
1217,IA_dificil,18,Derrota,4,Si
1218,IA_facil,19,Victoria,5,Si
1218,IA_medio,22,Derrota,6,Si
1218,IA_dificil,18,Derrota,4,Si
1219,IA_facil,19,Derrota,4,Si
1219,IA_medio,21,Empate,6,Si
1219,IA_dificil,21,Empate,6,Si
1220,IA_facil,18,Derrota,6,Si
1220,IA_medio,19,Victoria,6,Si
1220,IA_dificil,17,Derrota,5,Si
1221,IA_facil,18,Victoria,4,Si
1221,IA_medio,17,Derrota,5,Si
1221,IA_dificil,23,Derrota,5,Si
1222,IA_facil,17,Victoria,4,Si
1222,IA_medio,23,Derrota,6,Si
1222,IA_dificil,22,Derrota,4,Si
1223,IA_facil,20,Victoria,4,Si
1223,IA_medio,24,Derrota,5,Si
1223,IA_dificil,22,Derrota,5,Si
1224,IA_facil,19,Empate,7,Si
1224,IA_medio,19,Empate,6,Si
1224,IA_dificil,22,Derrota,7,Si
1225,IA_facil,17,Derrota,4,Si
1225,IA_medio,20,Empate,7,Si
1225,IA_dificil,20,Empate,6,Si
1226,IA_facil,18,Derrota,5,Si
1226,IA_medio,20,Victoria,6,Si
1226,IA_dificil,25,Derrota,6,Si
1227,IA_facil,18,Derrota,5,Si
1227,IA_medio,19,Victoria,5,Si
1227,IA_dificil,18,Derrota,5,Si
1228,IA_facil,21,Victoria,5,Si
1228,IA_medio,20,Derrota,5,Si
1228,IA_dificil,18,Derrota,5,Si
1229,IA_facil,22,Derrota,6,Si
1229,IA_medio,21,Victoria,6,Si
1229,IA_dificil,22,Derrota,5,Si
1230,IA_facil,18,Derrota,5,Si
1230,IA_medio,21,Victoria,5,Si
1230,IA_dificil,17,Derrota,6,Si
1231,IA_facil,18,Derrota,5,Si
1231,IA_medio,20,Derrota,6,Si
1231,IA_dificil,21,Victoria,6,Si
1232,IA_facil,19,Empate,4,Si
1232,IA_medio,19,Empate,5,Si
1232,IA_dificil,18,Derrota,4,Si
1233,IA_facil,20,Derrota,6,Si
1233,IA_medio,24,Derrota,6,Si
1233,IA_dificil,21,Victoria,7,Si
1234,IA_facil,17,Derrota,4,Si
1234,IA_medio,21,Empate,5,Si
1234,IA_dificil,21,Empate,5,Si
1235,IA_facil,19,Victoria,5,Si
1235,IA_medio,18,Derrota,7,Si
1235,IA_dificil,17,Derrota,4,Si
1236,IA_facil,18,Derrota,6,Si
1236,IA_medio,20,Victoria,8,Si
1236,IA_dificil,17,Derrota,6,Si
1237,IA_facil,18,Derrota,8,Si
1237,IA_medio,19,Derrota,5,Si
1237,IA_dificil,21,Victoria,7,Si
1238,IA_facil,20,Derrota,4,Si
1238,IA_medio,21,Victoria,6,Si
1238,IA_dificil,23,Derrota,6,Si
1239,IA_facil,17,Victoria,5,Si
1239,IA_medio,22,Derrota,7,Si
1239,IA_dificil,22,Derrota,8,Si
1240,IA_facil,20,Derrota,5,Si
1240,IA_medio,24,Derrota,5,Si
1240,IA_dificil,21,Victoria,8,Si
1241,IA_facil,19,Empate,5,Si
1241,IA_medio,22,Derrota,7,Si
1241,IA_dificil,19,Empate,8,Si
1242,IA_facil,17,Derrota,5,Si
1242,IA_medio,21,Victoria,5,Si
1242,IA_dificil,17,Derrota,6,Si
1243,IA_facil,22,Derrota,7,Si
1243,IA_medio,20,Victoria,7,Si
1243,IA_dificil,19,Derrota,6,Si
1244,IA_facil,17,Empate,5,Si
1244,IA_medio,17,Empate,6,Si
1244,IA_dificil,24,Derrota,6,Si
1245,IA_facil,18,Derrota,4,Si
1245,IA_medio,22,Derrota,7,Si
1245,IA_dificil,19,Victoria,5,Si
1246,IA_facil,17,Derrota,4,Si
1246,IA_medio,18,Derrota,4,Si
1246,IA_dificil,20,Victoria,4,Si
1247,IA_facil,19,Derrota,8,Si
1247,IA_medio,20,Victoria,6,Si
1247,IA_dificil,19,Derrota,7,Si
1248,IA_facil,17,Derrota,7,Si
1248,IA_medio,19,Victoria,7,Si
1248,IA_dificil,18,Derrota,5,Si
1249,IA_facil,19,Victoria,6,Si
1249,IA_medio,17,Derrota,4,Si
1249,IA_dificil,17,Derrota,5,Si
1250,IA_facil,19,Derrota,5,Si
1250,IA_medio,17,Derrota,4,Si
1250,IA_dificil,21,Victoria,6,Si
1251,IA_facil,22,Derrota,5,Si
1251,IA_medio,17,Victoria,7,Si
1251,IA_dificil,24,Derrota,7,Si
1252,IA_facil,17,Derrota,4,Si
1252,IA_medio,20,Empate,6,Si
1252,IA_dificil,20,Empate,6,Si
1253,IA_facil,20,Empate,5,Si
1253,IA_medio,22,Derrota,7,Si
1253,IA_dificil,20,Empate,5,Si
1254,IA_facil,17,Derrota,5,Si
1254,IA_medio,18,Victoria,6,Si
1254,IA_dificil,22,Derrota,6,Si
1255,IA_facil,20,Derrota,6,Si
1255,IA_medio,21,Victoria,5,Si
1255,IA_dificil,23,Derrota,4,Si
1256,IA_facil,17,Derrota,4,Si
1256,IA_medio,20,Empate,5,Si
1256,IA_dificil,20,Empate,7,Si
1257,IA_facil,22,Derrota,7,Si
1257,IA_medio,22,Derrota,6,Si
1257,IA_dificil,21,Victoria,6,Si
1258,IA_facil,17,Derrota,5,Si
1258,IA_medio,25,Derrota,5,Si
1258,IA_dificil,21,Victoria,5,Si
1259,IA_facil,21,Victoria,5,Si
1259,IA_medio,22,Derrota,6,Si
1259,IA_dificil,17,Derrota,5,Si
1260,IA_facil,19,Derrota,4,Si
1260,IA_medio,18,Derrota,5,Si
1260,IA_dificil,20,Victoria,6,Si
1261,IA_facil,20,Victoria,5,Si
1261,IA_medio,22,Derrota,5,Si
1261,IA_dificil,22,Derrota,4,Si
1262,IA_facil,17,Derrota,5,Si
1262,IA_medio,19,Empate,5,Si
1262,IA_dificil,19,Empate,5,Si
1263,IA_facil,17,Derrota,4,Si
1263,IA_medio,19,Victoria,7,Si
1263,IA_dificil,22,Derrota,7,Si
1264,IA_facil,21,Victoria,6,Si
1264,IA_medio,22,Derrota,7,Si
1264,IA_dificil,18,Derrota,6,Si
1265,IA_facil,18,Derrota,6,Si
1265,IA_medio,21,Victoria,6,Si
1265,IA_dificil,20,Derrota,6,Si
1266,IA_facil,17,Derrota,5,Si
1266,IA_medio,22,Derrota,7,Si
1266,IA_dificil,21,Victoria,7,Si
1267,IA_facil,17,Victoria,6,Si
1267,IA_medio,24,Derrota,6,Si
1267,IA_dificil,22,Derrota,6,Si
1268,IA_facil,19,Victoria,6,Si
1268,IA_medio,17,Derrota,5,Si
1268,IA_dificil,17,Derrota,5,Si
1269,IA_facil,18,Derrota,8,Si
1269,IA_medio,18,Derrota,5,Si
1269,IA_dificil,20,Victoria,7,Si
1270,IA_facil,17,Derrota,6,Si
1270,IA_medio,21,Victoria,4,Si
1270,IA_dificil,19,Derrota,5,Si
1271,IA_facil,19,Victoria,4,Si
1271,IA_medio,17,Derrota,6,Si
1271,IA_dificil,17,Derrota,4,Si
1272,IA_facil,17,Empate,3,Si
1272,IA_medio,17,Empate,5,Si
1272,IA_dificil,24,Derrota,6,Si
1273,IA_facil,18,Victoria,7,Si
1273,IA_medio,23,Derrota,4,Si
1273,IA_dificil,17,Derrota,5,Si
1274,IA_facil,18,Derrota,6,Si
1274,IA_medio,22,Derrota,5,Si
1274,IA_dificil,20,Victoria,5,Si
1275,IA_facil,22,Derrota,6,Si
1275,IA_medio,19,Derrota,5,Si
1275,IA_dificil,21,Victoria,7,Si
1276,IA_facil,18,Derrota,4,Si
1276,IA_medio,22,Derrota,5,Si
1276,IA_dificil,20,Victoria,6,Si
1277,IA_facil,20,Empate,7,Si
1277,IA_medio,20,Empate,4,Si
1277,IA_dificil,23,Derrota,5,Si
1278,IA_facil,20,Victoria,6,Si
1278,IA_medio,17,Derrota,7,Si
1278,IA_dificil,19,Derrota,7,Si
1279,IA_facil,19,Derrota,6,Si
1279,IA_medio,20,Victoria,5,Si
1279,IA_dificil,18,Derrota,4,Si
1280,IA_facil,20,Victoria,6,Si
1280,IA_medio,19,Derrota,6,Si
1280,IA_dificil,25,Derrota,6,Si
1281,IA_facil,18,Victoria,6,Si
1281,IA_medio,17,Derrota,5,Si
1281,IA_dificil,17,Derrota,3,Si
1282,IA_facil,18,Empate,5,Si
1282,IA_medio,18,Empate,5,Si
1282,IA_dificil,18,Empate,5,Si
1283,IA_facil,21,Victoria,4,Si
1283,IA_medio,23,Derrota,6,Si
1283,IA_dificil,20,Derrota,6,Si
1284,IA_facil,19,Derrota,6,Si
1284,IA_medio,20,Victoria,5,Si
1284,IA_dificil,17,Derrota,5,Si
1285,IA_facil,19,Victoria,5,Si
1285,IA_medio,17,Derrota,6,Si
1285,IA_dificil,18,Derrota,4,Si
1286,IA_facil,19,Derrota,7,Si
1286,IA_medio,17,Derrota,4,Si
1286,IA_dificil,20,Victoria,7,Si
1287,IA_facil,17,Derrota,5,Si
1287,IA_medio,17,Derrota,5,Si
1287,IA_dificil,20,Victoria,5,Si
1288,IA_facil,19,Empate,7,Si
1288,IA_medio,17,Derrota,5,Si
1288,IA_dificil,19,Empate,6,Si
1289,IA_facil,19,Derrota,5,Si
1289,IA_medio,20,Victoria,6,Si
1289,IA_dificil,18,Derrota,7,Si
1290,IA_facil,17,Derrota,5,Si
1290,IA_medio,18,Derrota,6,Si
1290,IA_dificil,21,Victoria,6,Si
1291,IA_facil,19,Derrota,7,Si
1291,IA_medio,21,Victoria,6,Si
1291,IA_dificil,20,Derrota,8,Si
1292,IA_facil,21,Victoria,7,Si
1292,IA_medio,19,Derrota,5,Si
1292,IA_dificil,19,Derrota,5,Si
1293,IA_facil,19,Derrota,7,Si
1293,IA_medio,20,Empate,5,Si
1293,IA_dificil,20,Empate,6,Si
1294,IA_facil,18,Victoria,6,Si
1294,IA_medio,23,Derrota,6,Si
1294,IA_dificil,17,Derrota,4,Si
1295,IA_facil,18,Derrota,5,Si
1295,IA_medio,18,Derrota,6,Si
1295,IA_dificil,19,Victoria,4,Si
1296,IA_facil,18,Derrota,4,Si
1296,IA_medio,20,Victoria,5,Si
1296,IA_dificil,22,Derrota,6,Si
1297,IA_facil,19,Victoria,4,Si
1297,IA_medio,17,Derrota,5,Si
1297,IA_dificil,18,Derrota,4,Si
1298,IA_facil,17,Derrota,5,Si
1298,IA_medio,19,Victoria,5,Si
1298,IA_dificil,17,Derrota,5,Si
1299,IA_facil,20,Derrota,6,Si
1299,IA_medio,17,Derrota,5,Si
1299,IA_dificil,21,Victoria,5,Si
1300,IA_facil,17,Derrota,5,Si
1300,IA_medio,17,Derrota,5,Si
1300,IA_dificil,19,Victoria,6,Si
1301,IA_facil,19,Empate,5,Si
1301,IA_medio,19,Empate,7,Si
1301,IA_dificil,19,Empate,5,Si
1302,IA_facil,17,Derrota,5,Si
1302,IA_medio,20,Victoria,5,Si
1302,IA_dificil,22,Derrota,5,Si
1303,IA_facil,17,Derrota,6,Si
1303,IA_medio,20,Victoria,7,Si
1303,IA_dificil,17,Derrota,6,Si
1304,IA_facil,18,Derrota,5,Si
1304,IA_medio,22,Derrota,7,Si
1304,IA_dificil,20,Victoria,5,Si
1305,IA_facil,17,Empate,6,Si
1305,IA_medio,17,Empate,4,Si
1305,IA_dificil,23,Derrota,7,Si
1306,IA_facil,22,Derrota,5,Si
1306,IA_medio,17,Derrota,5,Si
1306,IA_dificil,20,Victoria,7,Si
1307,IA_facil,22,Derrota,5,Si
1307,IA_medio,19,Victoria,6,Si
1307,IA_dificil,18,Derrota,6,Si
1308,IA_facil,20,Victoria,5,Si
1308,IA_medio,19,Derrota,6,Si
1308,IA_dificil,17,Derrota,6,Si
1309,IA_facil,19,Derrota,5,Si
1309,IA_medio,18,Derrota,5,Si
1309,IA_dificil,21,Victoria,5,Si
1310,IA_facil,17,Derrota,4,Si
1310,IA_medio,20,Derrota,7,Si
1310,IA_dificil,21,Victoria,6,Si
1311,IA_facil,17,Derrota,5,Si
1311,IA_medio,22,Derrota,6,Si
1311,IA_dificil,20,Victoria,5,Si
1312,IA_facil,18,Derrota,4,Si
1312,IA_medio,22,Derrota,6,Si
1312,IA_dificil,19,Victoria,5,Si
1313,IA_facil,19,Derrota,7,Si
1313,IA_medio,21,Victoria,6,Si
1313,IA_dificil,19,Derrota,5,Si
1314,IA_facil,18,Victoria,4,Si
1314,IA_medio,17,Derrota,8,Si
1314,IA_dificil,23,Derrota,5,Si
1315,IA_facil,17,Derrota,4,Si
1315,IA_medio,20,Victoria,6,Si
1315,IA_dificil,17,Derrota,6,Si
1316,IA_facil,18,Derrota,5,Si
1316,IA_medio,23,Derrota,5,Si
1316,IA_dificil,19,Victoria,5,Si
1317,IA_facil,17,Derrota,6,Si
1317,IA_medio,22,Derrota,8,Si
1317,IA_dificil,21,Victoria,6,Si
1318,IA_facil,18,Derrota,6,Si
1318,IA_medio,18,Derrota,6,Si
1318,IA_dificil,19,Victoria,5,Si
1319,IA_facil,19,Derrota,5,Si
1319,IA_medio,20,Victoria,5,Si
1319,IA_dificil,18,Derrota,7,Si
1320,IA_facil,17,Derrota,6,Si
1320,IA_medio,20,Victoria,6,Si
1320,IA_dificil,24,Derrota,6,Si
1321,IA_facil,21,Victoria,5,Si
1321,IA_medio,17,Derrota,7,Si
1321,IA_dificil,18,Derrota,5,Si
1322,IA_facil,20,Derrota,6,Si
1322,IA_medio,21,Empate,5,Si
1322,IA_dificil,21,Empate,7,Si
1323,IA_facil,20,Victoria,4,Si
1323,IA_medio,17,Derrota,6,Si
1323,IA_dificil,17,Derrota,7,Si
1324,IA_facil,20,Empate,6,Si
1324,IA_medio,20,Empate,9,Si
1324,IA_dificil,17,Derrota,3,Si
1325,IA_facil,19,Derrota,5,Si
1325,IA_medio,18,Derrota,4,Si
1325,IA_dificil,20,Victoria,4,Si
1326,IA_facil,19,Derrota,6,Si
1326,IA_medio,20,Derrota,5,Si
1326,IA_dificil,21,Victoria,7,Si
1327,IA_facil,22,Derrota,7,Si
1327,IA_medio,21,Victoria,6,Si
1327,IA_dificil,18,Derrota,6,Si
1328,IA_facil,18,Derrota,5,Si
1328,IA_medio,21,Victoria,7,Si
1328,IA_dificil,20,Derrota,6,Si
1329,IA_facil,17,Derrota,5,Si
1329,IA_medio,23,Derrota,5,Si
1329,IA_dificil,21,Victoria,6,Si
1330,IA_facil,21,Empate,6,Si
1330,IA_medio,21,Empate,5,Si
1330,IA_dificil,17,Derrota,5,Si
1331,IA_facil,19,Derrota,5,Si
1331,IA_medio,20,Victoria,4,Si
1331,IA_dificil,22,Derrota,5,Si
1332,IA_facil,21,Victoria,5,Si
1332,IA_medio,17,Derrota,6,Si
1332,IA_dificil,20,Derrota,5,Si
1333,IA_facil,18,Empate,5,Si
1333,IA_medio,22,Derrota,7,Si
1333,IA_dificil,18,Empate,5,Si
1334,IA_facil,19,Derrota,6,Si
1334,IA_medio,21,Victoria,6,Si
1334,IA_dificil,18,Derrota,6,Si
1335,IA_facil,18,Derrota,5,Si
1335,IA_medio,21,Victoria,5,Si
1335,IA_dificil,18,Derrota,4,Si
1336,IA_facil,17,Derrota,7,Si
1336,IA_medio,18,Derrota,5,Si
1336,IA_dificil,21,Victoria,5,Si
1337,IA_facil,18,Derrota,7,Si
1337,IA_medio,20,Derrota,7,Si
1337,IA_dificil,21,Victoria,5,Si
1338,IA_facil,19,Victoria,5,Si
1338,IA_medio,22,Derrota,7,Si
1338,IA_dificil,18,Derrota,4,Si
1339,IA_facil,18,Victoria,4,Si
1339,IA_medio,22,Derrota,6,Si
1339,IA_dificil,22,Derrota,6,Si
1340,IA_facil,21,Victoria,5,Si
1340,IA_medio,23,Derrota,7,Si
1340,IA_dificil,23,Derrota,7,Si
1341,IA_facil,20,Empate,5,Si
1341,IA_medio,18,Derrota,6,Si
1341,IA_dificil,20,Empate,7,Si
1342,IA_facil,19,Derrota,5,Si
1342,IA_medio,23,Derrota,6,Si
1342,IA_dificil,20,Victoria,6,Si
1343,IA_facil,21,Empate,8,Si
1343,IA_medio,22,Derrota,6,Si
1343,IA_dificil,21,Empate,10,Si
1344,IA_facil,17,Derrota,4,Si
1344,IA_medio,19,Victoria,6,Si
1344,IA_dificil,22,Derrota,7,Si
1345,IA_facil,17,Derrota,7,Si
1345,IA_medio,22,Derrota,6,Si
1345,IA_dificil,18,Victoria,9,Si
1346,IA_facil,19,Victoria,6,Si
1346,IA_medio,17,Derrota,4,Si
1346,IA_dificil,17,Derrota,4,Si
1347,IA_facil,20,Victoria,4,Si
1347,IA_medio,17,Derrota,4,Si
1347,IA_dificil,17,Derrota,7,Si
1348,IA_facil,22,Derrota,7,Si
1348,IA_medio,19,Victoria,4,Si
1348,IA_dificil,18,Derrota,5,Si
1349,IA_facil,20,Derrota,5,Si
1349,IA_medio,21,Victoria,6,Si
1349,IA_dificil,17,Derrota,5,Si
1350,IA_facil,18,Empate,6,Si
1350,IA_medio,22,Derrota,7,Si
1350,IA_dificil,18,Empate,5,Si
1351,IA_facil,18,Victoria,5,Si
1351,IA_medio,24,Derrota,6,Si
1351,IA_dificil,17,Derrota,7,Si
1352,IA_facil,21,Empate,5,Si
1352,IA_medio,21,Empate,5,Si
1352,IA_dificil,19,Derrota,5,Si
1353,IA_facil,18,Derrota,5,Si
1353,IA_medio,20,Victoria,6,Si
1353,IA_dificil,19,Derrota,5,Si
1354,IA_facil,22,Derrota,5,Si
1354,IA_medio,20,Victoria,6,Si
1354,IA_dificil,19,Derrota,4,Si
1355,IA_facil,21,Empate,5,Si
1355,IA_medio,19,Derrota,8,Si
1355,IA_dificil,21,Empate,5,Si
1356,IA_facil,17,Derrota,4,Si
1356,IA_medio,18,Empate,4,Si
1356,IA_dificil,18,Empate,4,Si
1357,IA_facil,17,Derrota,7,Si
1357,IA_medio,21,Victoria,5,Si
1357,IA_dificil,18,Derrota,5,Si
1358,IA_facil,17,Derrota,4,Si
1358,IA_medio,21,Victoria,7,Si
1358,IA_dificil,23,Derrota,7,Si
1359,IA_facil,20,Derrota,6,Si
1359,IA_medio,22,Derrota,5,Si
1359,IA_dificil,21,Victoria,5,Si
1360,IA_facil,20,Empate,5,Si
1360,IA_medio,20,Empate,6,Si
1360,IA_dificil,17,Derrota,5,Si
1361,IA_facil,18,Victoria,5,Si
1361,IA_medio,23,Derrota,7,Si
1361,IA_dificil,17,Derrota,6,Si
1362,IA_facil,21,Victoria,5,Si
1362,IA_medio,20,Derrota,7,Si
1362,IA_dificil,17,Derrota,4,Si
1363,IA_facil,19,Empate,4,Si
1363,IA_medio,19,Empate,5,Si
1363,IA_dificil,18,Derrota,5,Si
1364,IA_facil,19,Victoria,5,Si
1364,IA_medio,17,Derrota,4,Si
1364,IA_dificil,17,Derrota,4,Si
1365,IA_facil,18,Derrota,5,Si
1365,IA_medio,21,Victoria,7,Si
1365,IA_dificil,23,Derrota,6,Si
1366,IA_facil,19,Derrota,4,Si
1366,IA_medio,17,Derrota,4,Si
1366,IA_dificil,21,Victoria,6,Si
1367,IA_facil,18,Derrota,8,Si
1367,IA_medio,23,Derrota,6,Si
1367,IA_dificil,21,Victoria,6,Si
1368,IA_facil,21,Empate,4,Si
1368,IA_medio,21,Empate,8,Si
1368,IA_dificil,20,Derrota,6,Si
1369,IA_facil,18,Derrota,6,Si
1369,IA_medio,19,Victoria,6,Si
1369,IA_dificil,17,Derrota,4,Si
1370,IA_facil,17,Empate,5,Si
1370,IA_medio,17,Empate,5,Si
1370,IA_dificil,17,Empate,7,Si
1371,IA_facil,22,Derrota,5,Si
1371,IA_medio,19,Victoria,6,Si
1371,IA_dificil,18,Derrota,6,Si
1372,IA_facil,17,Derrota,4,Si
1372,IA_medio,20,Derrota,5,Si
1372,IA_dificil,21,Victoria,5,Si
1373,IA_facil,21,Empate,6,Si
1373,IA_medio,20,Derrota,7,Si
1373,IA_dificil,21,Empate,5,Si
1374,IA_facil,17,Derrota,7,Si
1374,IA_medio,20,Victoria,4,Si
1374,IA_dificil,22,Derrota,6,Si
1375,IA_facil,18,Derrota,5,Si
1375,IA_medio,21,Victoria,6,Si
1375,IA_dificil,20,Derrota,6,Si
1376,IA_facil,19,Derrota,4,Si
1376,IA_medio,20,Victoria,7,Si
1376,IA_dificil,22,Derrota,6,Si
1377,IA_facil,17,Derrota,4,Si
1377,IA_medio,18,Derrota,5,Si
1377,IA_dificil,20,Victoria,5,Si
1378,IA_facil,21,Victoria,5,Si
1378,IA_medio,22,Derrota,6,Si
1378,IA_dificil,19,Derrota,5,Si
1379,IA_facil,21,Victoria,6,Si
1379,IA_medio,24,Derrota,7,Si
1379,IA_dificil,23,Derrota,6,Si
1380,IA_facil,18,Derrota,5,Si
1380,IA_medio,20,Victoria,5,Si
1380,IA_dificil,22,Derrota,5,Si
1381,IA_facil,17,Derrota,4,Si
1381,IA_medio,24,Derrota,6,Si
1381,IA_dificil,18,Victoria,4,Si
1382,IA_facil,21,Victoria,6,Si
1382,IA_medio,20,Derrota,5,Si
1382,IA_dificil,17,Derrota,4,Si
1383,IA_facil,20,Derrota,4,Si
1383,IA_medio,23,Derrota,6,Si
1383,IA_dificil,21,Victoria,7,Si
1384,IA_facil,20,Victoria,5,Si
1384,IA_medio,19,Derrota,5,Si
1384,IA_dificil,22,Derrota,7,Si
1385,IA_facil,19,Derrota,5,Si
1385,IA_medio,22,Derrota,5,Si
1385,IA_dificil,21,Victoria,5,Si
1386,IA_facil,17,Derrota,6,Si
1386,IA_medio,20,Empate,5,Si
1386,IA_dificil,20,Empate,6,Si
1387,IA_facil,20,Victoria,5,Si
1387,IA_medio,22,Derrota,6,Si
1387,IA_dificil,22,Derrota,6,Si
1388,IA_facil,20,Victoria,5,Si
1388,IA_medio,17,Derrota,7,Si
1388,IA_dificil,19,Derrota,6,Si
1389,IA_facil,21,Victoria,6,Si
1389,IA_medio,18,Derrota,5,Si
1389,IA_dificil,17,Derrota,6,Si
1390,IA_facil,22,Derrota,5,Si
1390,IA_medio,22,Derrota,5,Si
1390,IA_dificil,20,Victoria,7,Si
1391,IA_facil,17,Derrota,4,Si
1391,IA_medio,18,Derrota,3,Si
1391,IA_dificil,19,Victoria,6,Si
1392,IA_facil,19,Derrota,6,Si
1392,IA_medio,20,Victoria,4,Si
1392,IA_dificil,22,Derrota,5,Si
1393,IA_facil,18,Derrota,5,Si
1393,IA_medio,20,Derrota,6,Si
1393,IA_dificil,21,Victoria,8,Si
1394,IA_facil,19,Empate,6,Si
1394,IA_medio,19,Empate,5,Si
1394,IA_dificil,19,Empate,5,Si
1395,IA_facil,20,Empate,5,Si
1395,IA_medio,23,Derrota,5,Si
1395,IA_dificil,20,Empate,7,Si
1396,IA_facil,19,Derrota,5,Si
1396,IA_medio,24,Derrota,6,Si
1396,IA_dificil,20,Victoria,6,Si
1397,IA_facil,19,Victoria,5,Si
1397,IA_medio,17,Derrota,5,Si
1397,IA_dificil,22,Derrota,7,Si
1398,IA_facil,19,Derrota,5,Si
1398,IA_medio,21,Victoria,7,Si
1398,IA_dificil,17,Derrota,3,Si
1399,IA_facil,18,Derrota,5,Si
1399,IA_medio,21,Victoria,6,Si
1399,IA_dificil,19,Derrota,9,Si
1400,IA_facil,19,Empate,6,Si
1400,IA_medio,25,Derrota,8,Si
1400,IA_dificil,19,Empate,6,Si
1401,IA_facil,18,Victoria,4,Si
1401,IA_medio,22,Derrota,6,Si
1401,IA_dificil,17,Derrota,6,Si
1402,IA_facil,17,Derrota,4,Si
1402,IA_medio,19,Derrota,4,Si
1402,IA_dificil,20,Victoria,7,Si
1403,IA_facil,20,Derrota,5,Si
1403,IA_medio,21,Victoria,5,Si
1403,IA_dificil,20,Derrota,6,Si
1404,IA_facil,18,Empate,6,Si
1404,IA_medio,23,Derrota,5,Si
1404,IA_dificil,18,Empate,4,Si
1405,IA_facil,17,Derrota,4,Si
1405,IA_medio,18,Empate,4,Si
1405,IA_dificil,18,Empate,8,Si
1406,IA_facil,17,Derrota,4,Si
1406,IA_medio,19,Victoria,5,Si
1406,IA_dificil,22,Derrota,8,Si
1407,IA_facil,17,Empate,5,Si
1407,IA_medio,17,Empate,5,Si
1407,IA_dificil,22,Derrota,7,Si
1408,IA_facil,19,Derrota,6,Si
1408,IA_medio,25,Derrota,6,Si
1408,IA_dificil,21,Victoria,6,Si
1409,IA_facil,18,Derrota,5,Si
1409,IA_medio,23,Derrota,7,Si
1409,IA_dificil,21,Victoria,8,Si
1410,IA_facil,18,Victoria,5,Si
1410,IA_medio,17,Derrota,5,Si
1410,IA_dificil,25,Derrota,6,Si
1411,IA_facil,17,Derrota,6,Si
1411,IA_medio,21,Victoria,4,Si
1411,IA_dificil,20,Derrota,6,Si
1412,IA_facil,21,Victoria,7,Si
1412,IA_medio,22,Derrota,5,Si
1412,IA_dificil,19,Derrota,4,Si
1413,IA_facil,18,Derrota,6,Si
1413,IA_medio,22,Derrota,7,Si
1413,IA_dificil,21,Victoria,6,Si
1414,IA_facil,20,Empate,5,Si
1414,IA_medio,20,Empate,4,Si
1414,IA_dificil,17,Derrota,6,Si
1415,IA_facil,21,Victoria,8,Si
1415,IA_medio,20,Derrota,7,Si
1415,IA_dificil,22,Derrota,7,Si
1416,IA_facil,22,Derrota,5,Si
1416,IA_medio,17,Empate,6,Si
1416,IA_dificil,17,Empate,8,Si
1417,IA_facil,20,Derrota,7,Si
1417,IA_medio,21,Empate,7,Si
1417,IA_dificil,21,Empate,4,Si
1418,IA_facil,17,Derrota,7,Si
1418,IA_medio,20,Victoria,5,Si
1418,IA_dificil,17,Derrota,8,Si
1419,IA_facil,18,Victoria,5,Si
1419,IA_medio,22,Derrota,5,Si
1419,IA_dificil,24,Derrota,5,Si
1420,IA_facil,19,Derrota,5,Si
1420,IA_medio,20,Victoria,5,Si
1420,IA_dificil,17,Derrota,4,Si
1421,IA_facil,18,Derrota,4,Si
1421,IA_medio,20,Derrota,6,Si
1421,IA_dificil,21,Victoria,7,Si
1422,IA_facil,19,Derrota,4,Si
1422,IA_medio,21,Victoria,6,Si
1422,IA_dificil,18,Derrota,5,Si
1423,IA_facil,17,Empate,6,Si
1423,IA_medio,17,Empate,4,Si
1423,IA_dificil,25,Derrota,8,Si
1424,IA_facil,17,Derrota,4,Si
1424,IA_medio,20,Victoria,7,Si
1424,IA_dificil,19,Derrota,5,Si
1425,IA_facil,19,Empate,5,Si
1425,IA_medio,19,Empate,6,Si
1425,IA_dificil,17,Derrota,6,Si
1426,IA_facil,17,Derrota,5,Si
1426,IA_medio,19,Victoria,6,Si
1426,IA_dificil,17,Derrota,6,Si
1427,IA_facil,18,Derrota,5,Si
1427,IA_medio,21,Victoria,9,Si
1427,IA_dificil,18,Derrota,8,Si
1428,IA_facil,21,Empate,5,Si
1428,IA_medio,18,Derrota,7,Si
1428,IA_dificil,21,Empate,6,Si
1429,IA_facil,17,Derrota,8,Si
1429,IA_medio,22,Derrota,7,Si
1429,IA_dificil,20,Victoria,5,Si
1430,IA_facil,20,Victoria,6,Si
1430,IA_medio,18,Derrota,5,Si
1430,IA_dificil,17,Derrota,4,Si
1431,IA_facil,19,Derrota,4,Si
1431,IA_medio,23,Derrota,6,Si
1431,IA_dificil,20,Victoria,5,Si
1432,IA_facil,19,Derrota,5,Si
1432,IA_medio,22,Derrota,7,Si
1432,IA_dificil,21,Victoria,6,Si
1433,IA_facil,17,Derrota,7,Si
1433,IA_medio,17,Derrota,5,Si
1433,IA_dificil,19,Victoria,5,Si
1434,IA_facil,18,Derrota,3,Si
1434,IA_medio,20,Victoria,5,Si
1434,IA_dificil,19,Derrota,5,Si
1435,IA_facil,20,Empate,5,Si
1435,IA_medio,20,Empate,6,Si
1435,IA_dificil,19,Derrota,5,Si
1436,IA_facil,21,Empate,7,Si
1436,IA_medio,21,Empate,5,Si
1436,IA_dificil,21,Empate,6,Si
1437,IA_facil,17,Victoria,5,Si
1437,IA_medio,22,Derrota,6,Si
1437,IA_dificil,24,Derrota,7,Si
1438,IA_facil,20,Derrota,5,Si
1438,IA_medio,21,Empate,6,Si
1438,IA_dificil,21,Empate,6,Si
1439,IA_facil,17,Derrota,7,Si
1439,IA_medio,20,Victoria,7,Si
1439,IA_dificil,17,Derrota,4,Si
1440,IA_facil,19,Derrota,6,Si
1440,IA_medio,21,Victoria,8,Si
1440,IA_dificil,25,Derrota,7,Si
1441,IA_facil,17,Derrota,5,Si
1441,IA_medio,21,Victoria,8,Si
1441,IA_dificil,23,Derrota,7,Si
1442,IA_facil,18,Victoria,5,Si
1442,IA_medio,17,Derrota,4,Si
1442,IA_dificil,22,Derrota,6,Si
1443,IA_facil,21,Victoria,5,Si
1443,IA_medio,22,Derrota,6,Si
1443,IA_dificil,20,Derrota,5,Si
1444,IA_facil,18,Derrota,4,Si
1444,IA_medio,19,Empate,4,Si
1444,IA_dificil,19,Empate,6,Si
1445,IA_facil,17,Derrota,6,Si
1445,IA_medio,17,Derrota,6,Si
1445,IA_dificil,19,Victoria,5,Si
1446,IA_facil,19,Derrota,5,Si
1446,IA_medio,19,Derrota,5,Si
1446,IA_dificil,21,Victoria,5,Si
1447,IA_facil,18,Derrota,5,Si
1447,IA_medio,20,Victoria,6,Si
1447,IA_dificil,24,Derrota,8,Si
1448,IA_facil,17,Derrota,5,Si
1448,IA_medio,22,Derrota,6,Si
1448,IA_dificil,21,Victoria,5,Si
1449,IA_facil,21,Empate,4,Si
1449,IA_medio,21,Empate,6,Si
1449,IA_dificil,24,Derrota,5,Si
1450,IA_facil,20,Derrota,7,Si
1450,IA_medio,25,Derrota,7,Si
1450,IA_dificil,21,Victoria,6,Si
1451,IA_facil,19,Derrota,5,Si
1451,IA_medio,21,Empate,6,Si
1451,IA_dificil,21,Empate,7,Si
1452,IA_facil,19,Victoria,4,Si
1452,IA_medio,17,Derrota,5,Si
1452,IA_dificil,17,Derrota,4,Si
1453,IA_facil,18,Derrota,6,Si
1453,IA_medio,19,Derrota,4,Si
1453,IA_dificil,20,Victoria,5,Si
1454,IA_facil,19,Derrota,7,Si
1454,IA_medio,18,Derrota,6,Si
1454,IA_dificil,21,Victoria,6,Si
1455,IA_facil,18,Derrota,6,Si
1455,IA_medio,19,Victoria,7,Si
1455,IA_dificil,24,Derrota,9,Si
1456,IA_facil,22,Derrota,7,Si
1456,IA_medio,17,Derrota,5,Si
1456,IA_dificil,20,Victoria,7,Si
1457,IA_facil,19,Victoria,6,Si
1457,IA_medio,18,Derrota,8,Si
1457,IA_dificil,18,Derrota,7,Si
1458,IA_facil,18,Empate,9,Si
1458,IA_medio,24,Derrota,6,Si
1458,IA_dificil,18,Empate,3,Si
1459,IA_facil,18,Victoria,4,Si
1459,IA_medio,17,Derrota,13,Si
1459,IA_dificil,17,Derrota,4,Si
1460,IA_facil,17,Derrota,5,Si
1460,IA_medio,23,Derrota,6,Si
1460,IA_dificil,19,Victoria,6,Si
1461,IA_facil,20,Empate,5,Si
1461,IA_medio,18,Derrota,4,Si
1461,IA_dificil,20,Empate,5,Si
1462,IA_facil,18,Derrota,6,Si
1462,IA_medio,18,Derrota,7,Si
1462,IA_dificil,19,Victoria,5,Si
1463,IA_facil,17,Empate,7,Si
1463,IA_medio,24,Derrota,7,Si
1463,IA_dificil,17,Empate,5,Si
1464,IA_facil,18,Derrota,5,Si
1464,IA_medio,20,Victoria,5,Si
1464,IA_dificil,17,Derrota,5,Si
1465,IA_facil,20,Victoria,5,Si
1465,IA_medio,17,Derrota,7,Si
1465,IA_dificil,19,Derrota,5,Si
1466,IA_facil,22,Derrota,4,Si
1466,IA_medio,17,Derrota,5,Si
1466,IA_dificil,20,Victoria,5,Si
1467,IA_facil,17,Derrota,5,Si
1467,IA_medio,22,Derrota,6,Si
1467,IA_dificil,18,Victoria,7,Si
1468,IA_facil,17,Derrota,5,Si
1468,IA_medio,21,Victoria,6,Si
1468,IA_dificil,18,Derrota,6,Si
1469,IA_facil,17,Derrota,5,Si
1469,IA_medio,18,Victoria,6,Si
1469,IA_dificil,17,Derrota,6,Si
1470,IA_facil,22,Derrota,6,Si
1470,IA_medio,20,Victoria,7,Si
1470,IA_dificil,19,Derrota,4,Si
1471,IA_facil,18,Derrota,5,Si
1471,IA_medio,19,Derrota,4,Si
1471,IA_dificil,20,Victoria,8,Si
1472,IA_facil,18,Derrota,4,Si
1472,IA_medio,23,Derrota,8,Si
1472,IA_dificil,19,Victoria,4,Si
1473,IA_facil,21,Empate,7,Si
1473,IA_medio,21,Empate,5,Si
1473,IA_dificil,19,Derrota,6,Si
1474,IA_facil,17,Derrota,4,Si
1474,IA_medio,20,Empate,5,Si
1474,IA_dificil,20,Empate,6,Si
1475,IA_facil,17,Derrota,7,Si
1475,IA_medio,17,Derrota,6,Si
1475,IA_dificil,18,Victoria,4,Si
1476,IA_facil,19,Empate,5,Si
1476,IA_medio,19,Empate,6,Si
1476,IA_dificil,22,Derrota,5,Si
1477,IA_facil,19,Victoria,5,Si
1477,IA_medio,18,Derrota,6,Si
1477,IA_dificil,17,Derrota,3,Si
1478,IA_facil,21,Victoria,6,Si
1478,IA_medio,19,Derrota,5,Si
1478,IA_dificil,20,Derrota,6,Si
1479,IA_facil,22,Derrota,6,Si
1479,IA_medio,20,Empate,5,Si
1479,IA_dificil,20,Empate,7,Si
1480,IA_facil,17,Derrota,3,Si
1480,IA_medio,18,Derrota,7,Si
1480,IA_dificil,20,Victoria,5,Si
1481,IA_facil,17,Derrota,5,Si
1481,IA_medio,24,Derrota,5,Si
1481,IA_dificil,18,Victoria,5,Si
1482,IA_facil,20,Victoria,6,Si
1482,IA_medio,19,Derrota,7,Si
1482,IA_dificil,17,Derrota,5,Si
1483,IA_facil,22,Derrota,5,Si
1483,IA_medio,19,Victoria,5,Si
1483,IA_dificil,18,Derrota,6,Si
1484,IA_facil,17,Derrota,8,Si
1484,IA_medio,18,Derrota,6,Si
1484,IA_dificil,21,Victoria,6,Si
1485,IA_facil,19,Derrota,5,Si
1485,IA_medio,20,Victoria,5,Si
1485,IA_dificil,18,Derrota,5,Si
1486,IA_facil,19,Derrota,6,Si
1486,IA_medio,21,Victoria,4,Si
1486,IA_dificil,19,Derrota,6,Si
1487,IA_facil,17,Derrota,6,Si
1487,IA_medio,20,Victoria,6,Si
1487,IA_dificil,18,Derrota,4,Si
1488,IA_facil,18,Empate,6,Si
1488,IA_medio,18,Empate,7,Si
1488,IA_dificil,17,Derrota,5,Si
1489,IA_facil,17,Derrota,7,Si
1489,IA_medio,18,Victoria,5,Si
1489,IA_dificil,23,Derrota,7,Si
1490,IA_facil,17,Derrota,4,Si
1490,IA_medio,21,Victoria,6,Si
1490,IA_dificil,24,Derrota,7,Si
1491,IA_facil,19,Empate,6,Si
1491,IA_medio,22,Derrota,5,Si
1491,IA_dificil,19,Empate,5,Si
1492,IA_facil,20,Derrota,4,Si
1492,IA_medio,17,Derrota,4,Si
1492,IA_dificil,21,Victoria,6,Si
1493,IA_facil,17,Derrota,7,Si
1493,IA_medio,19,Victoria,7,Si
1493,IA_dificil,22,Derrota,6,Si
1494,IA_facil,18,Empate,4,Si
1494,IA_medio,18,Empate,4,Si
1494,IA_dificil,18,Empate,5,Si
1495,IA_facil,20,Empate,6,Si
1495,IA_medio,20,Empate,5,Si
1495,IA_dificil,22,Derrota,6,Si
1496,IA_facil,17,Derrota,5,Si
1496,IA_medio,18,Empate,5,Si
1496,IA_dificil,18,Empate,5,Si
1497,IA_facil,19,Victoria,4,Si
1497,IA_medio,18,Derrota,4,Si
1497,IA_dificil,18,Derrota,4,Si
1498,IA_facil,20,Derrota,4,Si
1498,IA_medio,19,Derrota,4,Si
1498,IA_dificil,21,Victoria,5,Si
1499,IA_facil,20,Victoria,6,Si
1499,IA_medio,19,Derrota,6,Si
1499,IA_dificil,19,Derrota,4,Si
1500,IA_facil,19,Derrota,5,Si
1500,IA_medio,20,Empate,5,Si
1500,IA_dificil,20,Empate,7,Si
1501,IA_facil,21,Victoria,7,Si
1501,IA_medio,23,Derrota,4,Si
1501,IA_dificil,17,Derrota,5,Si
1502,IA_facil,18,Derrota,6,Si
1502,IA_medio,21,Victoria,7,Si
1502,IA_dificil,20,Derrota,9,Si
1503,IA_facil,19,Derrota,7,Si
1503,IA_medio,23,Derrota,6,Si
1503,IA_dificil,20,Victoria,5,Si
1504,IA_facil,17,Derrota,4,Si
1504,IA_medio,18,Empate,4,Si
1504,IA_dificil,18,Empate,4,Si
1505,IA_facil,19,Victoria,4,Si
1505,IA_medio,22,Derrota,6,Si
1505,IA_dificil,17,Derrota,5,Si
1506,IA_facil,17,Derrota,6,Si
1506,IA_medio,19,Victoria,4,Si
1506,IA_dificil,18,Derrota,6,Si
1507,IA_facil,20,Victoria,4,Si
1507,IA_medio,24,Derrota,7,Si
1507,IA_dificil,24,Derrota,5,Si
1508,IA_facil,19,Derrota,5,Si
1508,IA_medio,20,Victoria,6,Si
1508,IA_dificil,23,Derrota,6,Si
1509,IA_facil,19,Derrota,6,Si
1509,IA_medio,21,Victoria,8,Si
1509,IA_dificil,18,Derrota,7,Si
1510,IA_facil,17,Derrota,6,Si
1510,IA_medio,20,Victoria,7,Si
1510,IA_dificil,18,Derrota,7,Si
1511,IA_facil,17,Derrota,3,Si
1511,IA_medio,20,Victoria,7,Si
1511,IA_dificil,18,Derrota,4,Si
1512,IA_facil,17,Derrota,6,Si
1512,IA_medio,21,Victoria,4,Si
1512,IA_dificil,18,Derrota,4,Si
1513,IA_facil,20,Derrota,5,Si
1513,IA_medio,21,Victoria,6,Si
1513,IA_dificil,18,Derrota,5,Si
1514,IA_facil,18,Derrota,7,Si
1514,IA_medio,23,Derrota,6,Si
1514,IA_dificil,20,Victoria,5,Si
1515,IA_facil,20,Derrota,6,Si
1515,IA_medio,21,Victoria,6,Si
1515,IA_dificil,17,Derrota,7,Si
1516,IA_facil,21,Empate,7,Si
1516,IA_medio,21,Empate,7,Si
1516,IA_dificil,21,Empate,6,Si
1517,IA_facil,17,Derrota,5,Si
1517,IA_medio,19,Empate,6,Si
1517,IA_dificil,19,Empate,7,Si
1518,IA_facil,17,Derrota,6,Si
1518,IA_medio,20,Victoria,6,Si
1518,IA_dificil,17,Derrota,4,Si
1519,IA_facil,17,Empate,8,Si
1519,IA_medio,23,Derrota,8,Si
1519,IA_dificil,17,Empate,5,Si
1520,IA_facil,18,Derrota,4,Si
1520,IA_medio,18,Derrota,5,Si
1520,IA_dificil,19,Victoria,4,Si
1521,IA_facil,18,Derrota,5,Si
1521,IA_medio,20,Victoria,5,Si
1521,IA_dificil,17,Derrota,5,Si
1522,IA_facil,17,Empate,7,Si
1522,IA_medio,22,Derrota,6,Si
1522,IA_dificil,17,Empate,6,Si
1523,IA_facil,18,Empate,4,Si
1523,IA_medio,22,Derrota,5,Si
1523,IA_dificil,18,Empate,6,Si
1524,IA_facil,17,Derrota,5,Si
1524,IA_medio,24,Derrota,8,Si
1524,IA_dificil,18,Victoria,4,Si
1525,IA_facil,21,Victoria,5,Si
1525,IA_medio,19,Derrota,6,Si
1525,IA_dificil,22,Derrota,6,Si
1526,IA_facil,18,Empate,6,Si
1526,IA_medio,17,Derrota,4,Si
1526,IA_dificil,18,Empate,6,Si
1527,IA_facil,18,Empate,5,Si
1527,IA_medio,24,Derrota,7,Si
1527,IA_dificil,18,Empate,4,Si
1528,IA_facil,18,Victoria,5,Si
1528,IA_medio,17,Derrota,5,Si
1528,IA_dificil,22,Derrota,5,Si
1529,IA_facil,20,Derrota,4,Si
1529,IA_medio,21,Victoria,5,Si
1529,IA_dificil,20,Derrota,6,Si
1530,IA_facil,18,Derrota,7,Si
1530,IA_medio,19,Victoria,6,Si
1530,IA_dificil,18,Derrota,6,Si
1531,IA_facil,21,Victoria,5,Si
1531,IA_medio,23,Derrota,6,Si
1531,IA_dificil,25,Derrota,6,Si
1532,IA_facil,19,Derrota,7,Si
1532,IA_medio,20,Victoria,8,Si
1532,IA_dificil,22,Derrota,6,Si
1533,IA_facil,17,Derrota,7,Si
1533,IA_medio,18,Derrota,7,Si
1533,IA_dificil,19,Victoria,4,Si
1534,IA_facil,18,Derrota,5,Si
1534,IA_medio,20,Empate,6,Si
1534,IA_dificil,20,Empate,6,Si
1535,IA_facil,21,Victoria,5,Si
1535,IA_medio,23,Derrota,8,Si
1535,IA_dificil,17,Derrota,4,Si
1536,IA_facil,17,Derrota,5,Si
1536,IA_medio,22,Derrota,5,Si
1536,IA_dificil,18,Victoria,5,Si
1537,IA_facil,20,Victoria,5,Si
1537,IA_medio,23,Derrota,5,Si
1537,IA_dificil,19,Derrota,5,Si
1538,IA_facil,17,Empate,5,Si
1538,IA_medio,23,Derrota,6,Si
1538,IA_dificil,17,Empate,5,Si
1539,IA_facil,17,Derrota,5,Si
1539,IA_medio,21,Victoria,6,Si
1539,IA_dificil,19,Derrota,6,Si
1540,IA_facil,18,Victoria,5,Si
1540,IA_medio,23,Derrota,7,Si
1540,IA_dificil,17,Derrota,4,Si
1541,IA_facil,21,Victoria,6,Si
1541,IA_medio,22,Derrota,4,Si
1541,IA_dificil,19,Derrota,6,Si
1542,IA_facil,20,Empate,7,Si
1542,IA_medio,20,Empate,6,Si
1542,IA_dificil,19,Derrota,6,Si
1543,IA_facil,18,Derrota,6,Si
1543,IA_medio,18,Derrota,6,Si
1543,IA_dificil,20,Victoria,5,Si
1544,IA_facil,19,Derrota,7,Si
1544,IA_medio,23,Derrota,8,Si
1544,IA_dificil,20,Victoria,6,Si
1545,IA_facil,17,Derrota,4,Si
1545,IA_medio,19,Victoria,8,Si
1545,IA_dificil,18,Derrota,5,Si
1546,IA_facil,21,Empate,6,Si
1546,IA_medio,21,Empate,5,Si
1546,IA_dificil,18,Derrota,6,Si
1547,IA_facil,21,Victoria,4,Si
1547,IA_medio,19,Derrota,5,Si
1547,IA_dificil,20,Derrota,5,Si
1548,IA_facil,21,Empate,6,Si
1548,IA_medio,18,Derrota,4,Si
1548,IA_dificil,21,Empate,5,Si
1549,IA_facil,18,Derrota,6,Si
1549,IA_medio,22,Derrota,7,Si
1549,IA_dificil,19,Victoria,6,Si
1550,IA_facil,17,Derrota,4,Si
1550,IA_medio,21,Victoria,7,Si
1550,IA_dificil,20,Derrota,5,Si
1551,IA_facil,20,Derrota,4,Si
1551,IA_medio,17,Derrota,4,Si
1551,IA_dificil,21,Victoria,5,Si
1552,IA_facil,17,Derrota,4,Si
1552,IA_medio,22,Derrota,7,Si
1552,IA_dificil,21,Victoria,5,Si
1553,IA_facil,19,Derrota,6,Si
1553,IA_medio,22,Derrota,5,Si
1553,IA_dificil,21,Victoria,7,Si
1554,IA_facil,17,Derrota,3,Si
1554,IA_medio,25,Derrota,7,Si
1554,IA_dificil,21,Victoria,7,Si
1555,IA_facil,18,Victoria,6,Si
1555,IA_medio,17,Derrota,5,Si
1555,IA_dificil,22,Derrota,4,Si
1556,IA_facil,17,Derrota,6,Si
1556,IA_medio,17,Derrota,5,Si
1556,IA_dificil,20,Victoria,6,Si
1557,IA_facil,21,Victoria,5,Si
1557,IA_medio,20,Derrota,6,Si
1557,IA_dificil,20,Derrota,6,Si
1558,IA_facil,19,Derrota,4,Si
1558,IA_medio,23,Derrota,6,Si
1558,IA_dificil,20,Victoria,5,Si
1559,IA_facil,17,Derrota,7,Si
1559,IA_medio,20,Victoria,5,Si
1559,IA_dificil,24,Derrota,8,Si
1560,IA_facil,17,Derrota,5,Si
1560,IA_medio,21,Victoria,7,Si
1560,IA_dificil,20,Derrota,7,Si
1561,IA_facil,19,Derrota,7,Si
1561,IA_medio,20,Empate,6,Si
1561,IA_dificil,20,Empate,6,Si
1562,IA_facil,17,Derrota,5,Si
1562,IA_medio,18,Empate,7,Si
1562,IA_dificil,18,Empate,5,Si
1563,IA_facil,20,Empate,4,Si
1563,IA_medio,18,Derrota,6,Si
1563,IA_dificil,20,Empate,5,Si
1564,IA_facil,19,Derrota,5,Si
1564,IA_medio,18,Derrota,6,Si
1564,IA_dificil,21,Victoria,7,Si
1565,IA_facil,18,Derrota,7,Si
1565,IA_medio,21,Victoria,5,Si
1565,IA_dificil,18,Derrota,4,Si
1566,IA_facil,22,Derrota,5,Si
1566,IA_medio,23,Derrota,6,Si
1566,IA_dificil,17,Victoria,6,Si
1567,IA_facil,17,Derrota,6,Si
1567,IA_medio,19,Victoria,5,Si
1567,IA_dificil,22,Derrota,6,Si
1568,IA_facil,22,Derrota,7,Si
1568,IA_medio,21,Victoria,6,Si
1568,IA_dificil,17,Derrota,6,Si
1569,IA_facil,19,Empate,5,Si
1569,IA_medio,17,Derrota,4,Si
1569,IA_dificil,19,Empate,6,Si
1570,IA_facil,21,Victoria,7,Si
1570,IA_medio,19,Derrota,4,Si
1570,IA_dificil,20,Derrota,5,Si
1571,IA_facil,19,Victoria,4,Si
1571,IA_medio,18,Derrota,5,Si
1571,IA_dificil,24,Derrota,6,Si
1572,IA_facil,18,Derrota,7,Si
1572,IA_medio,18,Derrota,8,Si
1572,IA_dificil,20,Victoria,5,Si
1573,IA_facil,22,Derrota,4,Si
1573,IA_medio,22,Derrota,7,Si
1573,IA_dificil,18,Victoria,4,Si
1574,IA_facil,17,Derrota,5,Si
1574,IA_medio,23,Derrota,6,Si
1574,IA_dificil,18,Victoria,5,Si
1575,IA_facil,19,Derrota,5,Si
1575,IA_medio,18,Derrota,6,Si
1575,IA_dificil,21,Victoria,5,Si
1576,IA_facil,20,Victoria,7,Si
1576,IA_medio,17,Derrota,4,Si
1576,IA_dificil,17,Derrota,4,Si
1577,IA_facil,21,Empate,6,Si
1577,IA_medio,21,Empate,6,Si
1577,IA_dificil,22,Derrota,6,Si
1578,IA_facil,19,Derrota,4,Si
1578,IA_medio,20,Victoria,6,Si
1578,IA_dificil,18,Derrota,4,Si
1579,IA_facil,19,Empate,4,Si
1579,IA_medio,19,Empate,5,Si
1579,IA_dificil,23,Derrota,5,Si
1580,IA_facil,18,Derrota,4,Si
1580,IA_medio,21,Victoria,8,Si
1580,IA_dificil,18,Derrota,6,Si
1581,IA_facil,17,Derrota,8,Si
1581,IA_medio,20,Victoria,6,Si
1581,IA_dificil,19,Derrota,4,Si
1582,IA_facil,17,Derrota,6,Si
1582,IA_medio,20,Victoria,6,Si
1582,IA_dificil,22,Derrota,7,Si
1583,IA_facil,17,Empate,7,Si
1583,IA_medio,23,Derrota,9,Si
1583,IA_dificil,17,Empate,5,Si
1584,IA_facil,19,Victoria,4,Si
1584,IA_medio,17,Derrota,6,Si
1584,IA_dificil,17,Derrota,7,Si
1585,IA_facil,18,Derrota,5,Si
1585,IA_medio,21,Victoria,6,Si
1585,IA_dificil,22,Derrota,7,Si
1586,IA_facil,17,Derrota,5,Si
1586,IA_medio,18,Derrota,5,Si
1586,IA_dificil,20,Victoria,6,Si
1587,IA_facil,22,Derrota,6,Si
1587,IA_medio,20,Derrota,7,Si
1587,IA_dificil,21,Victoria,6,Si
1588,IA_facil,18,Derrota,5,Si
1588,IA_medio,19,Victoria,6,Si
1588,IA_dificil,18,Derrota,4,Si
1589,IA_facil,17,Derrota,4,Si
1589,IA_medio,21,Victoria,6,Si
1589,IA_dificil,19,Derrota,6,Si
1590,IA_facil,17,Victoria,5,Si
1590,IA_medio,23,Derrota,5,Si
1590,IA_dificil,22,Derrota,5,Si
1591,IA_facil,17,Derrota,4,Si
1591,IA_medio,22,Derrota,6,Si
1591,IA_dificil,21,Victoria,6,Si
1592,IA_facil,19,Derrota,6,Si
1592,IA_medio,21,Victoria,8,Si
1592,IA_dificil,20,Derrota,6,Si
1593,IA_facil,20,Empate,6,Si
1593,IA_medio,22,Derrota,5,Si
1593,IA_dificil,20,Empate,9,Si
1594,IA_facil,19,Victoria,5,Si
1594,IA_medio,22,Derrota,5,Si
1594,IA_dificil,17,Derrota,5,Si
1595,IA_facil,21,Victoria,4,Si
1595,IA_medio,20,Derrota,8,Si
1595,IA_dificil,17,Derrota,6,Si
1596,IA_facil,18,Derrota,5,Si
1596,IA_medio,20,Empate,6,Si
1596,IA_dificil,20,Empate,5,Si
1597,IA_facil,22,Derrota,5,Si
1597,IA_medio,20,Victoria,8,Si
1597,IA_dificil,19,Derrota,7,Si
1598,IA_facil,22,Derrota,6,Si
1598,IA_medio,21,Victoria,5,Si
1598,IA_dificil,20,Derrota,6,Si
1599,IA_facil,18,Derrota,6,Si
1599,IA_medio,18,Derrota,4,Si
1599,IA_dificil,20,Victoria,6,Si
1600,IA_facil,18,Empate,5,Si
1600,IA_medio,18,Empate,4,Si
1600,IA_dificil,23,Derrota,6,Si
1601,IA_facil,20,Empate,6,Si
1601,IA_medio,20,Empate,7,Si
1601,IA_dificil,17,Derrota,6,Si
1602,IA_facil,19,Derrota,6,Si
1602,IA_medio,20,Victoria,8,Si
1602,IA_dificil,17,Derrota,5,Si
1603,IA_facil,18,Derrota,4,Si
1603,IA_medio,19,Victoria,5,Si
1603,IA_dificil,22,Derrota,7,Si
1604,IA_facil,17,Derrota,6,Si
1604,IA_medio,23,Derrota,6,Si
1604,IA_dificil,21,Victoria,6,Si
1605,IA_facil,20,Derrota,5,Si
1605,IA_medio,20,Derrota,5,Si
1605,IA_dificil,21,Victoria,5,Si
1606,IA_facil,17,Derrota,5,Si
1606,IA_medio,19,Victoria,6,Si
1606,IA_dificil,18,Derrota,4,Si
1607,IA_facil,17,Derrota,6,Si
1607,IA_medio,21,Victoria,6,Si
1607,IA_dificil,17,Derrota,5,Si
1608,IA_facil,17,Derrota,5,Si
1608,IA_medio,23,Derrota,6,Si
1608,IA_dificil,18,Victoria,4,Si
1609,IA_facil,22,Derrota,6,Si
1609,IA_medio,18,Derrota,6,Si
1609,IA_dificil,20,Victoria,5,Si
1610,IA_facil,18,Derrota,8,Si
1610,IA_medio,19,Victoria,5,Si
1610,IA_dificil,17,Derrota,7,Si
1611,IA_facil,20,Victoria,6,Si
1611,IA_medio,19,Derrota,6,Si
1611,IA_dificil,17,Derrota,5,Si
1612,IA_facil,17,Derrota,5,Si
1612,IA_medio,19,Empate,6,Si
1612,IA_dificil,19,Empate,5,Si
1613,IA_facil,22,Derrota,7,Si
1613,IA_medio,18,Derrota,5,Si
1613,IA_dificil,20,Victoria,8,Si
1614,IA_facil,20,Victoria,6,Si
1614,IA_medio,18,Derrota,5,Si
1614,IA_dificil,18,Derrota,4,Si
1615,IA_facil,19,Derrota,7,Si
1615,IA_medio,17,Derrota,4,Si
1615,IA_dificil,21,Victoria,7,Si
1616,IA_facil,19,Derrota,6,Si
1616,IA_medio,21,Victoria,4,Si
1616,IA_dificil,17,Derrota,4,Si
1617,IA_facil,17,Derrota,4,Si
1617,IA_medio,21,Victoria,6,Si
1617,IA_dificil,17,Derrota,4,Si
1618,IA_facil,17,Derrota,5,Si
1618,IA_medio,17,Derrota,4,Si
1618,IA_dificil,20,Victoria,4,Si
1619,IA_facil,19,Derrota,6,Si
1619,IA_medio,20,Victoria,7,Si
1619,IA_dificil,18,Derrota,6,Si
1620,IA_facil,20,Victoria,4,Si
1620,IA_medio,18,Derrota,6,Si
1620,IA_dificil,19,Derrota,5,Si
1621,IA_facil,19,Victoria,5,Si
1621,IA_medio,17,Derrota,3,Si
1621,IA_dificil,17,Derrota,5,Si
1622,IA_facil,17,Derrota,6,Si
1622,IA_medio,18,Victoria,5,Si
1622,IA_dificil,22,Derrota,6,Si
1623,IA_facil,18,Derrota,6,Si
1623,IA_medio,20,Derrota,4,Si
1623,IA_dificil,21,Victoria,5,Si
1624,IA_facil,17,Derrota,4,Si
1624,IA_medio,21,Victoria,5,Si
1624,IA_dificil,20,Derrota,5,Si
1625,IA_facil,19,Derrota,6,Si
1625,IA_medio,21,Victoria,6,Si
1625,IA_dificil,22,Derrota,5,Si
1626,IA_facil,20,Victoria,6,Si
1626,IA_medio,18,Derrota,7,Si
1626,IA_dificil,17,Derrota,5,Si
1627,IA_facil,22,Derrota,6,Si
1627,IA_medio,20,Derrota,6,Si
1627,IA_dificil,21,Victoria,5,Si
1628,IA_facil,22,Derrota,5,Si
1628,IA_medio,23,Derrota,8,Si
1628,IA_dificil,17,Victoria,5,Si
1629,IA_facil,19,Derrota,6,Si
1629,IA_medio,17,Derrota,5,Si
1629,IA_dificil,20,Victoria,8,Si
1630,IA_facil,21,Empate,6,Si
1630,IA_medio,17,Derrota,7,Si
1630,IA_dificil,21,Empate,5,Si
1631,IA_facil,19,Derrota,9,Si
1631,IA_medio,21,Empate,5,Si
1631,IA_dificil,21,Empate,6,Si
1632,IA_facil,22,Derrota,5,Si
1632,IA_medio,17,Derrota,6,Si
1632,IA_dificil,20,Victoria,7,Si
1633,IA_facil,21,Victoria,6,Si
1633,IA_medio,19,Derrota,4,Si
1633,IA_dificil,18,Derrota,5,Si
1634,IA_facil,20,Derrota,7,Si
1634,IA_medio,21,Empate,8,Si
1634,IA_dificil,21,Empate,5,Si
1635,IA_facil,17,Derrota,4,Si
1635,IA_medio,18,Victoria,5,Si
1635,IA_dificil,17,Derrota,5,Si
1636,IA_facil,18,Derrota,5,Si
1636,IA_medio,20,Victoria,6,Si
1636,IA_dificil,17,Derrota,5,Si
1637,IA_facil,21,Victoria,5,Si
1637,IA_medio,22,Derrota,5,Si
1637,IA_dificil,22,Derrota,7,Si
1638,IA_facil,19,Empate,4,Si
1638,IA_medio,17,Derrota,7,Si
1638,IA_dificil,19,Empate,9,Si
1639,IA_facil,21,Victoria,6,Si
1639,IA_medio,18,Derrota,7,Si
1639,IA_dificil,22,Derrota,5,Si
1640,IA_facil,17,Empate,5,Si
1640,IA_medio,17,Empate,6,Si
1640,IA_dificil,17,Empate,6,Si
1641,IA_facil,17,Derrota,5,Si
1641,IA_medio,20,Victoria,6,Si
1641,IA_dificil,17,Derrota,3,Si
1642,IA_facil,17,Derrota,5,Si
1642,IA_medio,20,Empate,5,Si
1642,IA_dificil,20,Empate,11,Si
1643,IA_facil,17,Derrota,4,Si
1643,IA_medio,18,Empate,5,Si
1643,IA_dificil,18,Empate,5,Si
1644,IA_facil,21,Empate,8,Si
1644,IA_medio,18,Derrota,6,Si
1644,IA_dificil,21,Empate,5,Si
1645,IA_facil,17,Derrota,5,Si
1645,IA_medio,21,Empate,8,Si
1645,IA_dificil,21,Empate,5,Si
1646,IA_facil,17,Derrota,5,Si
1646,IA_medio,20,Victoria,5,Si
1646,IA_dificil,19,Derrota,4,Si
1647,IA_facil,19,Derrota,6,Si
1647,IA_medio,22,Derrota,7,Si
1647,IA_dificil,20,Victoria,5,Si
1648,IA_facil,22,Derrota,7,Si
1648,IA_medio,18,Empate,5,Si
1648,IA_dificil,18,Empate,4,Si
1649,IA_facil,17,Derrota,7,Si
1649,IA_medio,22,Derrota,6,Si
1649,IA_dificil,20,Victoria,6,Si
1650,IA_facil,17,Derrota,5,Si
1650,IA_medio,21,Empate,5,Si
1650,IA_dificil,21,Empate,4,Si
1651,IA_facil,17,Derrota,7,Si
1651,IA_medio,19,Empate,7,Si
1651,IA_dificil,19,Empate,5,Si
1652,IA_facil,17,Derrota,4,Si
1652,IA_medio,19,Victoria,4,Si
1652,IA_dificil,23,Derrota,6,Si
1653,IA_facil,17,Derrota,6,Si
1653,IA_medio,20,Victoria,6,Si
1653,IA_dificil,17,Derrota,4,Si
1654,IA_facil,18,Empate,5,Si
1654,IA_medio,18,Empate,4,Si
1654,IA_dificil,17,Derrota,6,Si
1655,IA_facil,21,Victoria,7,Si
1655,IA_medio,19,Derrota,5,Si
1655,IA_dificil,20,Derrota,6,Si
1656,IA_facil,18,Derrota,7,Si
1656,IA_medio,21,Victoria,5,Si
1656,IA_dificil,20,Derrota,5,Si
1657,IA_facil,18,Derrota,4,Si
1657,IA_medio,21,Victoria,6,Si
1657,IA_dificil,17,Derrota,4,Si
1658,IA_facil,17,Derrota,7,Si
1658,IA_medio,18,Victoria,5,Si
1658,IA_dificil,22,Derrota,9,Si
1659,IA_facil,17,Derrota,5,Si
1659,IA_medio,21,Victoria,6,Si
1659,IA_dificil,18,Derrota,7,Si
1660,IA_facil,18,Derrota,6,Si
1660,IA_medio,21,Victoria,5,Si
1660,IA_dificil,22,Derrota,6,Si
1661,IA_facil,17,Derrota,8,Si
1661,IA_medio,20,Victoria,6,Si
1661,IA_dificil,22,Derrota,4,Si
1662,IA_facil,21,Victoria,5,Si
1662,IA_medio,19,Derrota,5,Si
1662,IA_dificil,18,Derrota,5,Si
1663,IA_facil,22,Derrota,4,Si
1663,IA_medio,24,Derrota,7,Si
1663,IA_dificil,17,Victoria,7,Si
1664,IA_facil,20,Empate,6,Si
1664,IA_medio,25,Derrota,6,Si
1664,IA_dificil,20,Empate,4,Si
1665,IA_facil,17,Empate,5,Si
1665,IA_medio,17,Empate,6,Si
1665,IA_dificil,17,Empate,4,Si
1666,IA_facil,21,Victoria,7,Si
1666,IA_medio,20,Derrota,8,Si
1666,IA_dificil,17,Derrota,5,Si
1667,IA_facil,17,Derrota,6,Si
1667,IA_medio,17,Derrota,3,Si
1667,IA_dificil,20,Victoria,4,Si
1668,IA_facil,20,Victoria,5,Si
1668,IA_medio,17,Derrota,3,Si
1668,IA_dificil,18,Derrota,6,Si
1669,IA_facil,20,Empate,5,Si
1669,IA_medio,20,Empate,5,Si
1669,IA_dificil,20,Empate,6,Si
1670,IA_facil,17,Derrota,6,Si
1670,IA_medio,23,Derrota,6,Si
1670,IA_dificil,18,Victoria,5,Si
1671,IA_facil,17,Derrota,5,Si
1671,IA_medio,20,Victoria,5,Si
1671,IA_dificil,19,Derrota,5,Si
1672,IA_facil,19,Empate,5,Si
1672,IA_medio,19,Empate,4,Si
1672,IA_dificil,19,Empate,5,Si
1673,IA_facil,21,Empate,9,Si
1673,IA_medio,17,Derrota,5,Si
1673,IA_dificil,21,Empate,7,Si
1674,IA_facil,20,Victoria,5,Si
1674,IA_medio,19,Derrota,6,Si
1674,IA_dificil,17,Derrota,8,Si
1675,IA_facil,17,Derrota,4,Si
1675,IA_medio,19,Empate,6,Si
1675,IA_dificil,19,Empate,6,Si
1676,IA_facil,18,Victoria,6,Si
1676,IA_medio,22,Derrota,6,Si
1676,IA_dificil,17,Derrota,4,Si
1677,IA_facil,19,Victoria,6,Si
1677,IA_medio,18,Derrota,5,Si
1677,IA_dificil,25,Derrota,5,Si
1678,IA_facil,17,Derrota,7,Si
1678,IA_medio,21,Empate,6,Si
1678,IA_dificil,21,Empate,6,Si
1679,IA_facil,19,Derrota,6,Si
1679,IA_medio,21,Victoria,6,Si
1679,IA_dificil,20,Derrota,7,Si
1680,IA_facil,18,Derrota,3,Si
1680,IA_medio,21,Victoria,6,Si
1680,IA_dificil,19,Derrota,4,Si
1681,IA_facil,17,Derrota,7,Si
1681,IA_medio,17,Derrota,5,Si
1681,IA_dificil,21,Victoria,7,Si
1682,IA_facil,17,Derrota,5,Si
1682,IA_medio,23,Derrota,6,Si
1682,IA_dificil,20,Victoria,5,Si
1683,IA_facil,20,Empate,7,Si
1683,IA_medio,20,Empate,5,Si
1683,IA_dificil,17,Derrota,6,Si
1684,IA_facil,21,Victoria,5,Si
1684,IA_medio,24,Derrota,7,Si
1684,IA_dificil,19,Derrota,6,Si
1685,IA_facil,19,Empate,7,Si
1685,IA_medio,17,Derrota,4,Si
1685,IA_dificil,19,Empate,6,Si
1686,IA_facil,18,Derrota,4,Si
1686,IA_medio,19,Victoria,4,Si
1686,IA_dificil,23,Derrota,6,Si
1687,IA_facil,18,Derrota,4,Si
1687,IA_medio,18,Derrota,5,Si
1687,IA_dificil,20,Victoria,6,Si
1688,IA_facil,20,Empate,7,Si
1688,IA_medio,23,Derrota,5,Si
1688,IA_dificil,20,Empate,6,Si
1689,IA_facil,20,Derrota,4,Si
1689,IA_medio,21,Victoria,8,Si
1689,IA_dificil,19,Derrota,4,Si
1690,IA_facil,19,Derrota,5,Si
1690,IA_medio,17,Derrota,5,Si
1690,IA_dificil,21,Victoria,7,Si
1691,IA_facil,18,Derrota,5,Si
1691,IA_medio,17,Derrota,4,Si
1691,IA_dificil,21,Victoria,6,Si
1692,IA_facil,20,Victoria,7,Si
1692,IA_medio,19,Derrota,6,Si
1692,IA_dificil,23,Derrota,7,Si
1693,IA_facil,21,Victoria,7,Si
1693,IA_medio,20,Derrota,7,Si
1693,IA_dificil,17,Derrota,5,Si
1694,IA_facil,19,Derrota,4,Si
1694,IA_medio,20,Derrota,6,Si
1694,IA_dificil,21,Victoria,8,Si
1695,IA_facil,18,Empate,6,Si
1695,IA_medio,23,Derrota,8,Si
1695,IA_dificil,18,Empate,6,Si
1696,IA_facil,19,Victoria,4,Si
1696,IA_medio,17,Derrota,4,Si
1696,IA_dificil,17,Derrota,5,Si
1697,IA_facil,19,Victoria,6,Si
1697,IA_medio,18,Derrota,6,Si
1697,IA_dificil,18,Derrota,6,Si
1698,IA_facil,18,Victoria,4,Si
1698,IA_medio,22,Derrota,5,Si
1698,IA_dificil,22,Derrota,7,Si
1699,IA_facil,18,Derrota,5,Si
1699,IA_medio,17,Derrota,4,Si
1699,IA_dificil,19,Victoria,5,Si
1700,IA_facil,21,Victoria,5,Si
1700,IA_medio,19,Derrota,6,Si
1700,IA_dificil,18,Derrota,6,Si
1701,IA_facil,17,Derrota,4,Si
1701,IA_medio,19,Victoria,5,Si
1701,IA_dificil,23,Derrota,6,Si
1702,IA_facil,21,Victoria,6,Si
1702,IA_medio,22,Derrota,6,Si
1702,IA_dificil,17,Derrota,3,Si
1703,IA_facil,20,Derrota,5,Si
1703,IA_medio,21,Victoria,5,Si
1703,IA_dificil,20,Derrota,7,Si
1704,IA_facil,20,Empate,4,Si
1704,IA_medio,18,Derrota,4,Si
1704,IA_dificil,20,Empate,5,Si
1705,IA_facil,20,Empate,5,Si
1705,IA_medio,20,Empate,5,Si
1705,IA_dificil,22,Derrota,6,Si
1706,IA_facil,18,Derrota,4,Si
1706,IA_medio,17,Derrota,5,Si
1706,IA_dificil,21,Victoria,4,Si
1707,IA_facil,18,Derrota,5,Si
1707,IA_medio,20,Victoria,7,Si
1707,IA_dificil,18,Derrota,4,Si
1708,IA_facil,20,Derrota,5,Si
1708,IA_medio,25,Derrota,9,Si
1708,IA_dificil,21,Victoria,5,Si
1709,IA_facil,17,Derrota,6,Si
1709,IA_medio,18,Victoria,4,Si
1709,IA_dificil,22,Derrota,5,Si
1710,IA_facil,17,Derrota,5,Si
1710,IA_medio,20,Victoria,4,Si
1710,IA_dificil,17,Derrota,6,Si
1711,IA_facil,21,Victoria,8,Si
1711,IA_medio,22,Derrota,6,Si
1711,IA_dificil,19,Derrota,6,Si
1712,IA_facil,18,Derrota,5,Si
1712,IA_medio,21,Victoria,6,Si
1712,IA_dificil,17,Derrota,4,Si
1713,IA_facil,17,Victoria,4,Si
1713,IA_medio,22,Derrota,5,Si
1713,IA_dificil,25,Derrota,7,Si
1714,IA_facil,17,Victoria,5,Si
1714,IA_medio,23,Derrota,6,Si
1714,IA_dificil,22,Derrota,8,Si
1715,IA_facil,22,Derrota,5,Si
1715,IA_medio,19,Victoria,6,Si
1715,IA_dificil,22,Derrota,6,Si
1716,IA_facil,17,Derrota,5,Si
1716,IA_medio,23,Derrota,6,Si
1716,IA_dificil,20,Victoria,6,Si
1717,IA_facil,22,Derrota,7,Si
1717,IA_medio,20,Victoria,6,Si
1717,IA_dificil,19,Derrota,4,Si
1718,IA_facil,20,Derrota,5,Si
1718,IA_medio,21,Victoria,5,Si
1718,IA_dificil,19,Derrota,7,Si
1719,IA_facil,17,Empate,5,Si
1719,IA_medio,17,Empate,4,Si
1719,IA_dificil,23,Derrota,6,Si
1720,IA_facil,21,Victoria,5,Si
1720,IA_medio,23,Derrota,6,Si
1720,IA_dificil,23,Derrota,6,Si
1721,IA_facil,19,Victoria,6,Si
1721,IA_medio,22,Derrota,5,Si
1721,IA_dificil,18,Derrota,6,Si
1722,IA_facil,19,Derrota,8,Si
1722,IA_medio,22,Derrota,6,Si
1722,IA_dificil,21,Victoria,5,Si
1723,IA_facil,17,Derrota,5,Si
1723,IA_medio,17,Derrota,5,Si
1723,IA_dificil,21,Victoria,6,Si
1724,IA_facil,18,Empate,6,Si
1724,IA_medio,17,Derrota,6,Si
1724,IA_dificil,18,Empate,6,Si
1725,IA_facil,20,Empate,4,Si
1725,IA_medio,20,Empate,5,Si
1725,IA_dificil,20,Empate,7,Si
1726,IA_facil,18,Derrota,6,Si
1726,IA_medio,21,Victoria,5,Si
1726,IA_dificil,19,Derrota,6,Si
1727,IA_facil,17,Victoria,3,Si
1727,IA_medio,25,Derrota,9,Si
1727,IA_dificil,23,Derrota,9,Si
1728,IA_facil,21,Victoria,7,Si
1728,IA_medio,19,Derrota,5,Si
1728,IA_dificil,17,Derrota,4,Si
1729,IA_facil,21,Empate,8,Si
1729,IA_medio,24,Derrota,7,Si
1729,IA_dificil,21,Empate,5,Si
1730,IA_facil,19,Derrota,6,Si
1730,IA_medio,20,Victoria,8,Si
1730,IA_dificil,19,Derrota,6,Si
1731,IA_facil,20,Derrota,4,Si
1731,IA_medio,21,Victoria,6,Si
1731,IA_dificil,17,Derrota,4,Si
1732,IA_facil,18,Victoria,6,Si
1732,IA_medio,23,Derrota,7,Si
1732,IA_dificil,17,Derrota,5,Si
1733,IA_facil,17,Victoria,3,Si
1733,IA_medio,25,Derrota,5,Si
1733,IA_dificil,22,Derrota,6,Si
1734,IA_facil,17,Derrota,3,Si
1734,IA_medio,18,Derrota,4,Si
1734,IA_dificil,20,Victoria,6,Si
1735,IA_facil,19,Derrota,6,Si
1735,IA_medio,21,Empate,5,Si
1735,IA_dificil,21,Empate,4,Si
1736,IA_facil,21,Victoria,5,Si
1736,IA_medio,19,Derrota,6,Si
1736,IA_dificil,20,Derrota,4,Si
1737,IA_facil,19,Victoria,6,Si
1737,IA_medio,22,Derrota,6,Si
1737,IA_dificil,23,Derrota,6,Si
1738,IA_facil,18,Derrota,4,Si
1738,IA_medio,21,Victoria,5,Si
1738,IA_dificil,20,Derrota,7,Si
1739,IA_facil,17,Empate,5,Si
1739,IA_medio,17,Empate,5,Si
1739,IA_dificil,17,Empate,4,Si
1740,IA_facil,18,Empate,5,Si
1740,IA_medio,18,Empate,5,Si
1740,IA_dificil,23,Derrota,5,Si
1741,IA_facil,17,Derrota,8,Si
1741,IA_medio,20,Victoria,6,Si
1741,IA_dificil,17,Derrota,7,Si
1742,IA_facil,17,Derrota,5,Si
1742,IA_medio,18,Derrota,5,Si
1742,IA_dificil,19,Victoria,5,Si
1743,IA_facil,19,Victoria,8,Si
1743,IA_medio,18,Derrota,6,Si
1743,IA_dificil,23,Derrota,7,Si
1744,IA_facil,20,Empate,4,Si
1744,IA_medio,20,Empate,4,Si
1744,IA_dificil,17,Derrota,3,Si
1745,IA_facil,21,Victoria,5,Si
1745,IA_medio,18,Derrota,5,Si
1745,IA_dificil,19,Derrota,6,Si
1746,IA_facil,17,Derrota,5,Si
1746,IA_medio,21,Victoria,7,Si
1746,IA_dificil,20,Derrota,6,Si
1747,IA_facil,17,Derrota,4,Si
1747,IA_medio,21,Victoria,7,Si
1747,IA_dificil,18,Derrota,5,Si
1748,IA_facil,18,Derrota,5,Si
1748,IA_medio,18,Derrota,5,Si
1748,IA_dificil,20,Victoria,6,Si
1749,IA_facil,21,Victoria,6,Si
1749,IA_medio,20,Derrota,5,Si
1749,IA_dificil,22,Derrota,9,Si
1750,IA_facil,17,Empate,5,Si
1750,IA_medio,17,Empate,4,Si
1750,IA_dificil,17,Empate,6,Si
1751,IA_facil,20,Empate,7,Si
1751,IA_medio,20,Empate,6,Si
1751,IA_dificil,19,Derrota,5,Si
1752,IA_facil,19,Derrota,9,Si
1752,IA_medio,21,Victoria,5,Si
1752,IA_dificil,25,Derrota,5,Si
1753,IA_facil,18,Derrota,6,Si
1753,IA_medio,20,Victoria,6,Si
1753,IA_dificil,17,Derrota,4,Si
1754,IA_facil,18,Derrota,7,Si
1754,IA_medio,20,Victoria,6,Si
1754,IA_dificil,17,Derrota,4,Si
1755,IA_facil,21,Empate,5,Si
1755,IA_medio,21,Empate,5,Si
1755,IA_dificil,17,Derrota,5,Si
1756,IA_facil,17,Derrota,5,Si
1756,IA_medio,21,Victoria,5,Si
1756,IA_dificil,17,Derrota,4,Si
1757,IA_facil,17,Derrota,5,Si
1757,IA_medio,20,Victoria,5,Si
1757,IA_dificil,22,Derrota,5,Si
1758,IA_facil,20,Empate,6,Si
1758,IA_medio,20,Empate,8,Si
1758,IA_dificil,22,Derrota,5,Si
1759,IA_facil,17,Derrota,7,Si
1759,IA_medio,20,Empate,6,Si
1759,IA_dificil,20,Empate,9,Si
1760,IA_facil,17,Derrota,4,Si
1760,IA_medio,19,Derrota,5,Si
1760,IA_dificil,20,Victoria,4,Si
1761,IA_facil,18,Derrota,5,Si
1761,IA_medio,23,Derrota,7,Si
1761,IA_dificil,20,Victoria,5,Si
1762,IA_facil,20,Derrota,6,Si
1762,IA_medio,21,Victoria,5,Si
1762,IA_dificil,17,Derrota,6,Si
1763,IA_facil,22,Derrota,4,Si
1763,IA_medio,21,Victoria,4,Si
1763,IA_dificil,18,Derrota,5,Si
1764,IA_facil,18,Derrota,4,Si
1764,IA_medio,23,Derrota,6,Si
1764,IA_dificil,21,Victoria,6,Si
1765,IA_facil,19,Derrota,6,Si
1765,IA_medio,21,Victoria,7,Si
1765,IA_dificil,17,Derrota,4,Si
1766,IA_facil,22,Derrota,7,Si
1766,IA_medio,18,Empate,5,Si
1766,IA_dificil,18,Empate,4,Si
1767,IA_facil,21,Victoria,5,Si
1767,IA_medio,20,Derrota,6,Si
1767,IA_dificil,25,Derrota,8,Si
1768,IA_facil,20,Victoria,5,Si
1768,IA_medio,25,Derrota,5,Si
1768,IA_dificil,19,Derrota,5,Si
1769,IA_facil,20,Derrota,4,Si
1769,IA_medio,20,Derrota,6,Si
1769,IA_dificil,21,Victoria,5,Si
1770,IA_facil,17,Derrota,6,Si
1770,IA_medio,22,Derrota,5,Si
1770,IA_dificil,19,Victoria,8,Si
1771,IA_facil,17,Derrota,5,Si
1771,IA_medio,19,Derrota,6,Si
1771,IA_dificil,20,Victoria,5,Si
1772,IA_facil,18,Empate,5,Si
1772,IA_medio,18,Empate,7,Si
1772,IA_dificil,22,Derrota,8,Si
1773,IA_facil,17,Derrota,5,Si
1773,IA_medio,20,Victoria,8,Si
1773,IA_dificil,22,Derrota,6,Si
1774,IA_facil,19,Empate,4,Si
1774,IA_medio,19,Empate,7,Si
1774,IA_dificil,23,Derrota,6,Si
1775,IA_facil,20,Empate,5,Si
1775,IA_medio,19,Derrota,4,Si
1775,IA_dificil,20,Empate,5,Si
1776,IA_facil,17,Victoria,3,Si
1776,IA_medio,23,Derrota,7,Si
1776,IA_dificil,22,Derrota,6,Si
1777,IA_facil,19,Victoria,6,Si
1777,IA_medio,17,Derrota,4,Si
1777,IA_dificil,23,Derrota,4,Si
1778,IA_facil,17,Derrota,5,Si
1778,IA_medio,22,Derrota,5,Si
1778,IA_dificil,19,Victoria,8,Si
1779,IA_facil,18,Derrota,4,Si
1779,IA_medio,20,Victoria,5,Si
1779,IA_dificil,18,Derrota,3,Si
1780,IA_facil,17,Derrota,4,Si
1780,IA_medio,21,Victoria,6,Si
1780,IA_dificil,18,Derrota,5,Si
1781,IA_facil,18,Derrota,4,Si
1781,IA_medio,21,Empate,6,Si
1781,IA_dificil,21,Empate,6,Si
1782,IA_facil,18,Derrota,7,Si
1782,IA_medio,22,Derrota,7,Si
1782,IA_dificil,20,Victoria,5,Si
1783,IA_facil,20,Victoria,6,Si
1783,IA_medio,17,Derrota,7,Si
1783,IA_dificil,17,Derrota,5,Si
1784,IA_facil,17,Derrota,7,Si
1784,IA_medio,21,Victoria,7,Si
1784,IA_dificil,24,Derrota,5,Si
1785,IA_facil,19,Derrota,4,Si
1785,IA_medio,20,Empate,5,Si
1785,IA_dificil,20,Empate,5,Si
1786,IA_facil,18,Derrota,5,Si
1786,IA_medio,22,Derrota,7,Si
1786,IA_dificil,19,Victoria,6,Si
1787,IA_facil,21,Victoria,4,Si
1787,IA_medio,17,Derrota,3,Si
1787,IA_dificil,19,Derrota,7,Si
1788,IA_facil,17,Empate,5,Si
1788,IA_medio,22,Derrota,5,Si
1788,IA_dificil,17,Empate,5,Si
1789,IA_facil,22,Derrota,6,Si
1789,IA_medio,19,Derrota,6,Si
1789,IA_dificil,21,Victoria,6,Si
1790,IA_facil,20,Derrota,6,Si
1790,IA_medio,21,Victoria,6,Si
1790,IA_dificil,20,Derrota,7,Si
1791,IA_facil,18,Empate,8,Si
1791,IA_medio,24,Derrota,6,Si
1791,IA_dificil,18,Empate,4,Si
1792,IA_facil,18,Derrota,3,Si
1792,IA_medio,23,Derrota,6,Si
1792,IA_dificil,19,Victoria,5,Si
1793,IA_facil,19,Derrota,5,Si
1793,IA_medio,21,Victoria,8,Si
1793,IA_dificil,19,Derrota,8,Si
1794,IA_facil,17,Derrota,4,Si
1794,IA_medio,17,Derrota,5,Si
1794,IA_dificil,20,Victoria,9,Si
1795,IA_facil,20,Victoria,6,Si
1795,IA_medio,18,Derrota,4,Si
1795,IA_dificil,18,Derrota,6,Si
1796,IA_facil,17,Derrota,3,Si
1796,IA_medio,20,Empate,5,Si
1796,IA_dificil,20,Empate,6,Si
1797,IA_facil,19,Victoria,4,Si
1797,IA_medio,17,Derrota,5,Si
1797,IA_dificil,18,Derrota,7,Si
1798,IA_facil,19,Victoria,6,Si
1798,IA_medio,17,Derrota,5,Si
1798,IA_dificil,23,Derrota,7,Si
1799,IA_facil,21,Victoria,6,Si
1799,IA_medio,18,Derrota,6,Si
1799,IA_dificil,18,Derrota,8,Si
1800,IA_facil,18,Derrota,5,Si
1800,IA_medio,20,Victoria,8,Si
1800,IA_dificil,18,Derrota,4,Si
1801,IA_facil,19,Derrota,5,Si
1801,IA_medio,20,Victoria,6,Si
1801,IA_dificil,17,Derrota,5,Si
1802,IA_facil,18,Derrota,5,Si
1802,IA_medio,21,Empate,5,Si
1802,IA_dificil,21,Empate,5,Si
1803,IA_facil,20,Derrota,5,Si
1803,IA_medio,21,Victoria,4,Si
1803,IA_dificil,20,Derrota,5,Si
1804,IA_facil,19,Empate,7,Si
1804,IA_medio,19,Empate,6,Si
1804,IA_dificil,17,Derrota,4,Si
1805,IA_facil,21,Empate,6,Si
1805,IA_medio,18,Derrota,4,Si
1805,IA_dificil,21,Empate,6,Si
1806,IA_facil,20,Victoria,6,Si
1806,IA_medio,17,Derrota,5,Si
1806,IA_dificil,17,Derrota,6,Si
1807,IA_facil,17,Derrota,6,Si
1807,IA_medio,20,Victoria,6,Si
1807,IA_dificil,19,Derrota,6,Si
1808,IA_facil,17,Derrota,4,Si
1808,IA_medio,21,Victoria,5,Si
1808,IA_dificil,20,Derrota,7,Si
1809,IA_facil,17,Derrota,5,Si
1809,IA_medio,25,Derrota,8,Si
1809,IA_dificil,20,Victoria,8,Si
1810,IA_facil,18,Derrota,6,Si
1810,IA_medio,19,Empate,5,Si
1810,IA_dificil,19,Empate,5,Si
1811,IA_facil,17,Derrota,3,Si
1811,IA_medio,21,Victoria,5,Si
1811,IA_dificil,19,Derrota,4,Si
1812,IA_facil,17,Derrota,4,Si
1812,IA_medio,18,Derrota,7,Si
1812,IA_dificil,20,Victoria,6,Si
1813,IA_facil,18,Derrota,6,Si
1813,IA_medio,20,Empate,5,Si
1813,IA_dificil,20,Empate,5,Si
1814,IA_facil,20,Victoria,5,Si
1814,IA_medio,24,Derrota,7,Si
1814,IA_dificil,17,Derrota,5,Si
1815,IA_facil,17,Derrota,9,Si
1815,IA_medio,20,Empate,6,Si
1815,IA_dificil,20,Empate,6,Si
1816,IA_facil,18,Derrota,6,Si
1816,IA_medio,22,Derrota,5,Si
1816,IA_dificil,20,Victoria,7,Si
1817,IA_facil,18,Victoria,6,Si
1817,IA_medio,23,Derrota,7,Si
1817,IA_dificil,17,Derrota,8,Si
1818,IA_facil,19,Empate,4,Si
1818,IA_medio,22,Derrota,6,Si
1818,IA_dificil,19,Empate,5,Si
1819,IA_facil,18,Derrota,7,Si
1819,IA_medio,18,Derrota,6,Si
1819,IA_dificil,21,Victoria,6,Si
1820,IA_facil,17,Derrota,5,Si
1820,IA_medio,19,Victoria,5,Si
1820,IA_dificil,17,Derrota,6,Si
1821,IA_facil,17,Derrota,5,Si
1821,IA_medio,20,Victoria,5,Si
1821,IA_dificil,18,Derrota,5,Si
1822,IA_facil,20,Derrota,5,Si
1822,IA_medio,21,Victoria,6,Si
1822,IA_dificil,18,Derrota,5,Si
1823,IA_facil,19,Empate,8,Si
1823,IA_medio,19,Empate,5,Si
1823,IA_dificil,18,Derrota,4,Si
1824,IA_facil,18,Derrota,5,Si
1824,IA_medio,20,Victoria,6,Si
1824,IA_dificil,19,Derrota,4,Si
1825,IA_facil,17,Derrota,5,Si
1825,IA_medio,18,Empate,5,Si
1825,IA_dificil,18,Empate,5,Si
1826,IA_facil,22,Derrota,7,Si
1826,IA_medio,19,Victoria,4,Si
1826,IA_dificil,22,Derrota,5,Si
1827,IA_facil,18,Victoria,5,Si
1827,IA_medio,25,Derrota,6,Si
1827,IA_dificil,17,Derrota,5,Si
1828,IA_facil,21,Victoria,7,Si
1828,IA_medio,22,Derrota,5,Si
1828,IA_dificil,19,Derrota,5,Si
1829,IA_facil,22,Derrota,5,Si
1829,IA_medio,18,Empate,5,Si
1829,IA_dificil,18,Empate,5,Si
1830,IA_facil,19,Derrota,4,Si
1830,IA_medio,21,Empate,7,Si
1830,IA_dificil,21,Empate,6,Si
1831,IA_facil,17,Derrota,7,Si
1831,IA_medio,20,Victoria,8,Si
1831,IA_dificil,19,Derrota,5,Si
1832,IA_facil,17,Derrota,7,Si
1832,IA_medio,18,Derrota,5,Si
1832,IA_dificil,21,Victoria,8,Si
1833,IA_facil,17,Victoria,5,Si
1833,IA_medio,22,Derrota,5,Si
1833,IA_dificil,23,Derrota,7,Si
1834,IA_facil,17,Derrota,4,Si
1834,IA_medio,22,Derrota,6,Si
1834,IA_dificil,19,Victoria,4,Si
1835,IA_facil,21,Victoria,4,Si
1835,IA_medio,17,Derrota,7,Si
1835,IA_dificil,25,Derrota,5,Si
1836,IA_facil,17,Derrota,4,Si
1836,IA_medio,20,Victoria,7,Si
1836,IA_dificil,25,Derrota,7,Si
1837,IA_facil,19,Derrota,5,Si
1837,IA_medio,21,Victoria,5,Si
1837,IA_dificil,20,Derrota,6,Si
1838,IA_facil,18,Derrota,5,Si
1838,IA_medio,22,Derrota,7,Si
1838,IA_dificil,19,Victoria,6,Si
1839,IA_facil,19,Derrota,5,Si
1839,IA_medio,20,Victoria,4,Si
1839,IA_dificil,22,Derrota,6,Si
1840,IA_facil,17,Derrota,4,Si
1840,IA_medio,20,Derrota,6,Si
1840,IA_dificil,21,Victoria,5,Si
1841,IA_facil,19,Derrota,6,Si
1841,IA_medio,19,Derrota,5,Si
1841,IA_dificil,21,Victoria,7,Si
1842,IA_facil,22,Derrota,7,Si
1842,IA_medio,19,Empate,5,Si
1842,IA_dificil,19,Empate,5,Si
1843,IA_facil,19,Derrota,5,Si
1843,IA_medio,21,Victoria,7,Si
1843,IA_dificil,20,Derrota,6,Si
1844,IA_facil,21,Empate,6,Si
1844,IA_medio,19,Derrota,6,Si
1844,IA_dificil,21,Empate,5,Si
1845,IA_facil,20,Derrota,6,Si
1845,IA_medio,21,Victoria,6,Si
1845,IA_dificil,18,Derrota,4,Si
1846,IA_facil,20,Derrota,6,Si
1846,IA_medio,21,Victoria,5,Si
1846,IA_dificil,18,Derrota,6,Si
1847,IA_facil,20,Empate,5,Si
1847,IA_medio,20,Empate,8,Si
1847,IA_dificil,24,Derrota,9,Si
1848,IA_facil,18,Derrota,4,Si
1848,IA_medio,18,Derrota,8,Si
1848,IA_dificil,19,Victoria,6,Si
1849,IA_facil,20,Derrota,6,Si
1849,IA_medio,21,Victoria,6,Si
1849,IA_dificil,17,Derrota,5,Si
1850,IA_facil,19,Derrota,5,Si
1850,IA_medio,20,Derrota,5,Si
1850,IA_dificil,21,Victoria,6,Si
1851,IA_facil,17,Victoria,4,Si
1851,IA_medio,24,Derrota,7,Si
1851,IA_dificil,22,Derrota,5,Si
1852,IA_facil,18,Derrota,5,Si
1852,IA_medio,21,Victoria,5,Si
1852,IA_dificil,19,Derrota,5,Si
1853,IA_facil,19,Derrota,6,Si
1853,IA_medio,20,Empate,5,Si
1853,IA_dificil,20,Empate,6,Si
1854,IA_facil,21,Victoria,4,Si
1854,IA_medio,20,Derrota,5,Si
1854,IA_dificil,17,Derrota,6,Si
1855,IA_facil,18,Empate,6,Si
1855,IA_medio,18,Empate,4,Si
1855,IA_dificil,18,Empate,6,Si
1856,IA_facil,19,Empate,6,Si
1856,IA_medio,22,Derrota,6,Si
1856,IA_dificil,19,Empate,5,Si
1857,IA_facil,20,Derrota,4,Si
1857,IA_medio,21,Victoria,9,Si
1857,IA_dificil,25,Derrota,7,Si
1858,IA_facil,21,Empate,4,Si
1858,IA_medio,21,Empate,7,Si
1858,IA_dificil,17,Derrota,5,Si
1859,IA_facil,17,Derrota,6,Si
1859,IA_medio,20,Victoria,5,Si
1859,IA_dificil,19,Derrota,5,Si
1860,IA_facil,17,Empate,6,Si
1860,IA_medio,17,Empate,4,Si
1860,IA_dificil,17,Empate,5,Si
1861,IA_facil,17,Derrota,6,Si
1861,IA_medio,22,Derrota,5,Si
1861,IA_dificil,19,Victoria,6,Si
1862,IA_facil,18,Derrota,4,Si
1862,IA_medio,21,Victoria,6,Si
1862,IA_dificil,18,Derrota,4,Si
1863,IA_facil,18,Empate,5,Si
1863,IA_medio,18,Empate,4,Si
1863,IA_dificil,17,Derrota,4,Si
1864,IA_facil,20,Empate,4,Si
1864,IA_medio,20,Empate,7,Si
1864,IA_dificil,17,Derrota,4,Si
1865,IA_facil,19,Empate,6,Si
1865,IA_medio,18,Derrota,5,Si
1865,IA_dificil,19,Empate,4,Si
1866,IA_facil,20,Victoria,6,Si
1866,IA_medio,19,Derrota,8,Si
1866,IA_dificil,23,Derrota,6,Si
1867,IA_facil,17,Derrota,4,Si
1867,IA_medio,18,Victoria,5,Si
1867,IA_dificil,22,Derrota,7,Si
1868,IA_facil,18,Derrota,4,Si
1868,IA_medio,18,Derrota,5,Si
1868,IA_dificil,20,Victoria,5,Si
1869,IA_facil,19,Victoria,5,Si
1869,IA_medio,17,Derrota,6,Si
1869,IA_dificil,18,Derrota,7,Si
1870,IA_facil,20,Derrota,4,Si
1870,IA_medio,21,Victoria,6,Si
1870,IA_dificil,18,Derrota,6,Si
1871,IA_facil,18,Derrota,5,Si
1871,IA_medio,20,Victoria,6,Si
1871,IA_dificil,19,Derrota,5,Si
1872,IA_facil,19,Derrota,5,Si
1872,IA_medio,20,Victoria,5,Si
1872,IA_dificil,18,Derrota,4,Si
1873,IA_facil,19,Derrota,5,Si
1873,IA_medio,17,Derrota,5,Si
1873,IA_dificil,20,Victoria,7,Si
1874,IA_facil,20,Derrota,6,Si
1874,IA_medio,21,Victoria,5,Si
1874,IA_dificil,17,Derrota,5,Si
1875,IA_facil,17,Derrota,3,Si
1875,IA_medio,21,Victoria,6,Si
1875,IA_dificil,19,Derrota,5,Si
1876,IA_facil,18,Derrota,5,Si
1876,IA_medio,21,Victoria,5,Si
1876,IA_dificil,18,Derrota,5,Si
1877,IA_facil,20,Victoria,5,Si
1877,IA_medio,22,Derrota,7,Si
1877,IA_dificil,19,Derrota,5,Si
1878,IA_facil,18,Derrota,5,Si
1878,IA_medio,22,Derrota,6,Si
1878,IA_dificil,21,Victoria,5,Si
1879,IA_facil,22,Derrota,5,Si
1879,IA_medio,21,Victoria,5,Si
1879,IA_dificil,19,Derrota,5,Si
1880,IA_facil,18,Derrota,4,Si
1880,IA_medio,20,Victoria,6,Si
1880,IA_dificil,17,Derrota,4,Si
1881,IA_facil,17,Derrota,5,Si
1881,IA_medio,18,Victoria,5,Si
1881,IA_dificil,17,Derrota,6,Si
1882,IA_facil,17,Derrota,7,Si
1882,IA_medio,19,Empate,4,Si
1882,IA_dificil,19,Empate,5,Si
1883,IA_facil,18,Victoria,6,Si
1883,IA_medio,22,Derrota,7,Si
1883,IA_dificil,17,Derrota,5,Si
1884,IA_facil,18,Derrota,5,Si
1884,IA_medio,20,Empate,9,Si
1884,IA_dificil,20,Empate,6,Si
1885,IA_facil,17,Derrota,8,Si
1885,IA_medio,20,Victoria,6,Si
1885,IA_dificil,17,Derrota,5,Si
1886,IA_facil,19,Derrota,5,Si
1886,IA_medio,21,Victoria,8,Si
1886,IA_dificil,17,Derrota,5,Si
1887,IA_facil,18,Derrota,4,Si
1887,IA_medio,20,Empate,5,Si
1887,IA_dificil,20,Empate,6,Si
1888,IA_facil,19,Victoria,4,Si
1888,IA_medio,24,Derrota,5,Si
1888,IA_dificil,18,Derrota,5,Si
1889,IA_facil,18,Victoria,4,Si
1889,IA_medio,17,Derrota,5,Si
1889,IA_dificil,17,Derrota,6,Si
1890,IA_facil,17,Empate,5,Si
1890,IA_medio,17,Empate,7,Si
1890,IA_dificil,17,Empate,4,Si
1891,IA_facil,17,Derrota,4,Si
1891,IA_medio,21,Victoria,6,Si
1891,IA_dificil,20,Derrota,8,Si
1892,IA_facil,22,Derrota,6,Si
1892,IA_medio,19,Victoria,6,Si
1892,IA_dificil,18,Derrota,5,Si
1893,IA_facil,17,Derrota,4,Si
1893,IA_medio,18,Empate,7,Si
1893,IA_dificil,18,Empate,6,Si
1894,IA_facil,19,Derrota,4,Si
1894,IA_medio,21,Victoria,6,Si
1894,IA_dificil,18,Derrota,5,Si
1895,IA_facil,18,Empate,7,Si
1895,IA_medio,22,Derrota,5,Si
1895,IA_dificil,18,Empate,5,Si
1896,IA_facil,17,Derrota,5,Si
1896,IA_medio,20,Victoria,5,Si
1896,IA_dificil,17,Derrota,5,Si
1897,IA_facil,17,Derrota,6,Si
1897,IA_medio,19,Empate,6,Si
1897,IA_dificil,19,Empate,7,Si
1898,IA_facil,21,Victoria,5,Si
1898,IA_medio,18,Derrota,7,Si
1898,IA_dificil,20,Derrota,5,Si
1899,IA_facil,18,Derrota,5,Si
1899,IA_medio,20,Victoria,5,Si
1899,IA_dificil,19,Derrota,8,Si
1900,IA_facil,18,Derrota,4,Si
1900,IA_medio,22,Derrota,6,Si
1900,IA_dificil,19,Victoria,6,Si
1901,IA_facil,17,Derrota,3,Si
1901,IA_medio,18,Derrota,5,Si
1901,IA_dificil,20,Victoria,4,Si
1902,IA_facil,17,Derrota,4,Si
1902,IA_medio,18,Derrota,5,Si
1902,IA_dificil,21,Victoria,9,Si
1903,IA_facil,18,Derrota,6,Si
1903,IA_medio,21,Victoria,7,Si
1903,IA_dificil,18,Derrota,6,Si
1904,IA_facil,20,Derrota,4,Si
1904,IA_medio,21,Empate,6,Si
1904,IA_dificil,21,Empate,8,Si
1905,IA_facil,19,Derrota,5,Si
1905,IA_medio,19,Derrota,9,Si
1905,IA_dificil,21,Victoria,6,Si
1906,IA_facil,18,Derrota,5,Si
1906,IA_medio,19,Victoria,5,Si
1906,IA_dificil,17,Derrota,5,Si
1907,IA_facil,18,Derrota,5,Si
1907,IA_medio,19,Derrota,7,Si
1907,IA_dificil,20,Victoria,4,Si
1908,IA_facil,18,Empate,4,Si
1908,IA_medio,18,Empate,7,Si
1908,IA_dificil,18,Empate,5,Si
1909,IA_facil,18,Derrota,6,Si
1909,IA_medio,22,Derrota,6,Si
1909,IA_dificil,21,Victoria,5,Si
1910,IA_facil,17,Derrota,6,Si
1910,IA_medio,21,Victoria,6,Si
1910,IA_dificil,23,Derrota,4,Si
1911,IA_facil,17,Derrota,6,Si
1911,IA_medio,18,Derrota,5,Si
1911,IA_dificil,20,Victoria,7,Si
1912,IA_facil,17,Derrota,7,Si
1912,IA_medio,18,Empate,5,Si
1912,IA_dificil,18,Empate,8,Si
1913,IA_facil,18,Victoria,6,Si
1913,IA_medio,17,Derrota,7,Si
1913,IA_dificil,17,Derrota,5,Si
1914,IA_facil,21,Victoria,5,Si
1914,IA_medio,23,Derrota,5,Si
1914,IA_dificil,20,Derrota,5,Si
1915,IA_facil,20,Empate,5,Si
1915,IA_medio,20,Empate,8,Si
1915,IA_dificil,22,Derrota,7,Si
1916,IA_facil,22,Derrota,5,Si
1916,IA_medio,20,Victoria,6,Si
1916,IA_dificil,17,Derrota,5,Si
1917,IA_facil,22,Derrota,6,Si
1917,IA_medio,17,Derrota,4,Si
1917,IA_dificil,20,Victoria,7,Si
1918,IA_facil,22,Derrota,4,Si
1918,IA_medio,21,Victoria,7,Si
1918,IA_dificil,20,Derrota,5,Si
1919,IA_facil,18,Derrota,5,Si
1919,IA_medio,23,Derrota,7,Si
1919,IA_dificil,20,Victoria,7,Si
1920,IA_facil,17,Derrota,4,Si
1920,IA_medio,20,Empate,8,Si
1920,IA_dificil,20,Empate,6,Si
1921,IA_facil,20,Derrota,5,Si
1921,IA_medio,21,Victoria,7,Si
1921,IA_dificil,19,Derrota,6,Si
1922,IA_facil,17,Empate,5,Si
1922,IA_medio,23,Derrota,8,Si
1922,IA_dificil,17,Empate,6,Si
1923,IA_facil,19,Derrota,5,Si
1923,IA_medio,20,Victoria,6,Si
1923,IA_dificil,22,Derrota,9,Si
1924,IA_facil,19,Derrota,7,Si
1924,IA_medio,19,Derrota,5,Si
1924,IA_dificil,21,Victoria,5,Si
1925,IA_facil,18,Victoria,7,Si
1925,IA_medio,23,Derrota,10,Si
1925,IA_dificil,17,Derrota,8,Si
1926,IA_facil,17,Derrota,4,Si
1926,IA_medio,20,Derrota,5,Si
1926,IA_dificil,21,Victoria,6,Si
1927,IA_facil,18,Derrota,5,Si
1927,IA_medio,17,Derrota,4,Si
1927,IA_dificil,20,Victoria,4,Si
1928,IA_facil,19,Victoria,5,Si
1928,IA_medio,24,Derrota,6,Si
1928,IA_dificil,17,Derrota,6,Si
1929,IA_facil,18,Victoria,4,Si
1929,IA_medio,17,Derrota,5,Si
1929,IA_dificil,17,Derrota,5,Si
1930,IA_facil,22,Derrota,8,Si
1930,IA_medio,20,Victoria,5,Si
1930,IA_dificil,18,Derrota,5,Si
1931,IA_facil,18,Derrota,7,Si
1931,IA_medio,21,Victoria,8,Si
1931,IA_dificil,17,Derrota,5,Si
1932,IA_facil,17,Derrota,4,Si
1932,IA_medio,22,Derrota,7,Si
1932,IA_dificil,19,Victoria,5,Si
1933,IA_facil,21,Victoria,7,Si
1933,IA_medio,20,Derrota,5,Si
1933,IA_dificil,19,Derrota,6,Si
1934,IA_facil,17,Derrota,4,Si
1934,IA_medio,20,Empate,4,Si
1934,IA_dificil,20,Empate,7,Si
1935,IA_facil,21,Victoria,5,Si
1935,IA_medio,23,Derrota,6,Si
1935,IA_dificil,20,Derrota,6,Si
1936,IA_facil,21,Victoria,7,Si
1936,IA_medio,18,Derrota,5,Si
1936,IA_dificil,19,Derrota,6,Si
1937,IA_facil,18,Victoria,6,Si
1937,IA_medio,24,Derrota,7,Si
1937,IA_dificil,17,Derrota,3,Si
1938,IA_facil,20,Victoria,6,Si
1938,IA_medio,19,Derrota,5,Si
1938,IA_dificil,17,Derrota,5,Si
1939,IA_facil,20,Derrota,6,Si
1939,IA_medio,20,Derrota,8,Si
1939,IA_dificil,21,Victoria,6,Si
1940,IA_facil,18,Derrota,6,Si
1940,IA_medio,24,Derrota,6,Si
1940,IA_dificil,21,Victoria,5,Si
1941,IA_facil,17,Derrota,5,Si
1941,IA_medio,22,Derrota,6,Si
1941,IA_dificil,20,Victoria,6,Si
1942,IA_facil,22,Derrota,6,Si
1942,IA_medio,19,Victoria,5,Si
1942,IA_dificil,18,Derrota,5,Si
1943,IA_facil,17,Derrota,5,Si
1943,IA_medio,22,Derrota,6,Si
1943,IA_dificil,21,Victoria,5,Si
1944,IA_facil,18,Derrota,5,Si
1944,IA_medio,19,Victoria,5,Si
1944,IA_dificil,24,Derrota,5,Si
1945,IA_facil,18,Empate,4,Si
1945,IA_medio,18,Empate,6,Si
1945,IA_dificil,22,Derrota,10,Si
1946,IA_facil,20,Victoria,4,Si
1946,IA_medio,19,Derrota,7,Si
1946,IA_dificil,24,Derrota,7,Si
1947,IA_facil,19,Victoria,5,Si
1947,IA_medio,22,Derrota,7,Si
1947,IA_dificil,17,Derrota,4,Si
1948,IA_facil,17,Empate,5,Si
1948,IA_medio,23,Derrota,6,Si
1948,IA_dificil,17,Empate,4,Si
1949,IA_facil,19,Derrota,5,Si
1949,IA_medio,20,Victoria,8,Si
1949,IA_dificil,22,Derrota,5,Si
1950,IA_facil,20,Victoria,6,Si
1950,IA_medio,17,Derrota,4,Si
1950,IA_dificil,18,Derrota,6,Si
1951,IA_facil,17,Derrota,5,Si
1951,IA_medio,18,Victoria,5,Si
1951,IA_dificil,17,Derrota,6,Si
1952,IA_facil,21,Empate,4,Si
1952,IA_medio,21,Empate,5,Si
1952,IA_dificil,18,Derrota,4,Si
1953,IA_facil,19,Derrota,5,Si
1953,IA_medio,17,Derrota,5,Si
1953,IA_dificil,20,Victoria,7,Si
1954,IA_facil,17,Derrota,5,Si
1954,IA_medio,20,Victoria,4,Si
1954,IA_dificil,19,Derrota,8,Si
1955,IA_facil,17,Derrota,6,Si
1955,IA_medio,18,Victoria,6,Si
1955,IA_dificil,17,Derrota,5,Si
1956,IA_facil,18,Derrota,8,Si
1956,IA_medio,21,Victoria,6,Si
1956,IA_dificil,24,Derrota,6,Si
1957,IA_facil,17,Derrota,6,Si
1957,IA_medio,21,Victoria,6,Si
1957,IA_dificil,17,Derrota,5,Si
1958,IA_facil,18,Derrota,5,Si
1958,IA_medio,20,Victoria,4,Si
1958,IA_dificil,19,Derrota,4,Si
1959,IA_facil,18,Derrota,4,Si
1959,IA_medio,20,Derrota,8,Si
1959,IA_dificil,21,Victoria,6,Si
1960,IA_facil,17,Derrota,7,Si
1960,IA_medio,20,Victoria,7,Si
1960,IA_dificil,18,Derrota,4,Si
1961,IA_facil,18,Empate,7,Si
1961,IA_medio,18,Empate,5,Si
1961,IA_dificil,17,Derrota,5,Si
1962,IA_facil,18,Victoria,4,Si
1962,IA_medio,22,Derrota,6,Si
1962,IA_dificil,23,Derrota,8,Si
1963,IA_facil,18,Derrota,7,Si
1963,IA_medio,21,Victoria,7,Si
1963,IA_dificil,17,Derrota,7,Si
1964,IA_facil,17,Empate,4,Si
1964,IA_medio,22,Derrota,7,Si
1964,IA_dificil,17,Empate,5,Si
1965,IA_facil,17,Derrota,4,Si
1965,IA_medio,20,Victoria,6,Si
1965,IA_dificil,18,Derrota,6,Si
1966,IA_facil,19,Empate,6,Si
1966,IA_medio,19,Empate,5,Si
1966,IA_dificil,22,Derrota,6,Si
1967,IA_facil,17,Derrota,5,Si
1967,IA_medio,18,Derrota,9,Si
1967,IA_dificil,19,Victoria,6,Si
1968,IA_facil,18,Victoria,6,Si
1968,IA_medio,25,Derrota,7,Si
1968,IA_dificil,25,Derrota,6,Si
1969,IA_facil,17,Derrota,6,Si
1969,IA_medio,20,Victoria,6,Si
1969,IA_dificil,18,Derrota,4,Si
1970,IA_facil,19,Empate,7,Si
1970,IA_medio,22,Derrota,7,Si
1970,IA_dificil,19,Empate,4,Si
1971,IA_facil,17,Derrota,5,Si
1971,IA_medio,21,Victoria,7,Si
1971,IA_dificil,17,Derrota,5,Si
1972,IA_facil,20,Victoria,5,Si
1972,IA_medio,17,Derrota,4,Si
1972,IA_dificil,17,Derrota,6,Si
1973,IA_facil,17,Victoria,5,Si
1973,IA_medio,22,Derrota,6,Si
1973,IA_dificil,22,Derrota,7,Si
1974,IA_facil,17,Derrota,7,Si
1974,IA_medio,20,Victoria,6,Si
1974,IA_dificil,19,Derrota,6,Si
1975,IA_facil,19,Empate,4,Si
1975,IA_medio,19,Empate,6,Si
1975,IA_dificil,17,Derrota,6,Si
1976,IA_facil,18,Derrota,6,Si
1976,IA_medio,19,Derrota,6,Si
1976,IA_dificil,20,Victoria,5,Si
1977,IA_facil,19,Victoria,4,Si
1977,IA_medio,17,Derrota,4,Si
1977,IA_dificil,22,Derrota,5,Si
1978,IA_facil,18,Victoria,4,Si
1978,IA_medio,17,Derrota,5,Si
1978,IA_dificil,17,Derrota,5,Si
1979,IA_facil,20,Derrota,5,Si
1979,IA_medio,21,Victoria,8,Si
1979,IA_dificil,18,Derrota,6,Si
1980,IA_facil,20,Empate,7,Si
1980,IA_medio,20,Empate,5,Si
1980,IA_dificil,18,Derrota,5,Si
1981,IA_facil,19,Derrota,5,Si
1981,IA_medio,23,Derrota,6,Si
1981,IA_dificil,20,Victoria,5,Si
1982,IA_facil,19,Empate,5,Si
1982,IA_medio,19,Empate,8,Si
1982,IA_dificil,23,Derrota,5,Si
1983,IA_facil,17,Derrota,4,Si
1983,IA_medio,19,Derrota,4,Si
1983,IA_dificil,21,Victoria,7,Si
1984,IA_facil,17,Empate,4,Si
1984,IA_medio,17,Empate,5,Si
1984,IA_dificil,17,Empate,5,Si
1985,IA_facil,21,Victoria,5,Si
1985,IA_medio,18,Derrota,6,Si
1985,IA_dificil,17,Derrota,4,Si
1986,IA_facil,19,Derrota,4,Si
1986,IA_medio,20,Victoria,6,Si
1986,IA_dificil,17,Derrota,5,Si
1987,IA_facil,20,Victoria,5,Si
1987,IA_medio,18,Derrota,4,Si
1987,IA_dificil,18,Derrota,5,Si
1988,IA_facil,18,Victoria,4,Si
1988,IA_medio,17,Derrota,6,Si
1988,IA_dificil,17,Derrota,4,Si
1989,IA_facil,19,Derrota,5,Si
1989,IA_medio,19,Derrota,7,Si
1989,IA_dificil,20,Victoria,4,Si
1990,IA_facil,18,Derrota,4,Si
1990,IA_medio,19,Victoria,5,Si
1990,IA_dificil,18,Derrota,4,Si
1991,IA_facil,18,Victoria,6,Si
1991,IA_medio,25,Derrota,6,Si
1991,IA_dificil,22,Derrota,6,Si
1992,IA_facil,18,Derrota,5,Si
1992,IA_medio,19,Derrota,6,Si
1992,IA_dificil,21,Victoria,5,Si
1993,IA_facil,18,Derrota,5,Si
1993,IA_medio,17,Derrota,3,Si
1993,IA_dificil,19,Victoria,5,Si
1994,IA_facil,21,Victoria,6,Si
1994,IA_medio,22,Derrota,5,Si
1994,IA_dificil,17,Derrota,7,Si
1995,IA_facil,18,Derrota,5,Si
1995,IA_medio,25,Derrota,7,Si
1995,IA_dificil,20,Victoria,4,Si
1996,IA_facil,19,Derrota,5,Si
1996,IA_medio,21,Victoria,7,Si
1996,IA_dificil,22,Derrota,6,Si
1997,IA_facil,17,Derrota,5,Si
1997,IA_medio,24,Derrota,7,Si
1997,IA_dificil,20,Victoria,7,Si
1998,IA_facil,18,Derrota,4,Si
1998,IA_medio,21,Victoria,7,Si
1998,IA_dificil,19,Derrota,5,Si
1999,IA_facil,21,Victoria,5,Si
1999,IA_medio,20,Derrota,5,Si
1999,IA_dificil,17,Derrota,4,Si
2000,IA_facil,17,Derrota,5,Si
2000,IA_medio,21,Victoria,7,Si
2000,IA_dificil,19,Derrota,5,Si
2001,IA_facil,17,Derrota,4,Si
2001,IA_medio,23,Derrota,10,Si
2001,IA_dificil,21,Victoria,6,Si
2002,IA_facil,18,Derrota,4,Si
2002,IA_medio,20,Victoria,5,Si
2002,IA_dificil,22,Derrota,6,Si
2003,IA_facil,18,Derrota,4,Si
2003,IA_medio,24,Derrota,7,Si
2003,IA_dificil,20,Victoria,6,Si
2004,IA_facil,21,Empate,6,Si
2004,IA_medio,21,Empate,5,Si
2004,IA_dificil,19,Derrota,6,Si
2005,IA_facil,20,Victoria,4,Si
2005,IA_medio,17,Derrota,5,Si
2005,IA_dificil,22,Derrota,5,Si
2006,IA_facil,20,Derrota,8,Si
2006,IA_medio,22,Derrota,7,Si
2006,IA_dificil,21,Victoria,6,Si
2007,IA_facil,21,Victoria,7,Si
2007,IA_medio,23,Derrota,5,Si
2007,IA_dificil,17,Derrota,5,Si
2008,IA_facil,17,Derrota,6,Si
2008,IA_medio,20,Victoria,5,Si
2008,IA_dificil,17,Derrota,6,Si
2009,IA_facil,19,Victoria,7,Si
2009,IA_medio,22,Derrota,5,Si
2009,IA_dificil,17,Derrota,4,Si
2010,IA_facil,20,Empate,6,Si
2010,IA_medio,24,Derrota,7,Si
2010,IA_dificil,20,Empate,5,Si
2011,IA_facil,18,Empate,6,Si
2011,IA_medio,18,Empate,8,Si
2011,IA_dificil,18,Empate,4,Si
2012,IA_facil,17,Victoria,6,Si
2012,IA_medio,22,Derrota,7,Si
2012,IA_dificil,24,Derrota,6,Si
2013,IA_facil,17,Derrota,4,Si
2013,IA_medio,18,Derrota,4,Si
2013,IA_dificil,21,Victoria,6,Si
2014,IA_facil,17,Derrota,3,Si
2014,IA_medio,18,Victoria,5,Si
2014,IA_dificil,22,Derrota,6,Si
2015,IA_facil,20,Derrota,6,Si
2015,IA_medio,21,Victoria,5,Si
2015,IA_dificil,20,Derrota,6,Si
2016,IA_facil,20,Derrota,4,Si
2016,IA_medio,20,Derrota,6,Si
2016,IA_dificil,21,Victoria,6,Si
2017,IA_facil,22,Derrota,6,Si
2017,IA_medio,20,Victoria,4,Si
2017,IA_dificil,18,Derrota,4,Si
2018,IA_facil,20,Empate,6,Si
2018,IA_medio,20,Empate,5,Si
2018,IA_dificil,25,Derrota,6,Si
2019,IA_facil,19,Victoria,4,Si
2019,IA_medio,17,Derrota,4,Si
2019,IA_dificil,23,Derrota,6,Si
2020,IA_facil,17,Derrota,7,Si
2020,IA_medio,21,Empate,7,Si
2020,IA_dificil,21,Empate,6,Si
2021,IA_facil,17,Derrota,6,Si
2021,IA_medio,18,Derrota,7,Si
2021,IA_dificil,21,Victoria,5,Si
2022,IA_facil,18,Empate,4,Si
2022,IA_medio,18,Empate,4,Si
2022,IA_dificil,22,Derrota,6,Si
2023,IA_facil,19,Derrota,5,Si
2023,IA_medio,20,Victoria,5,Si
2023,IA_dificil,17,Derrota,6,Si
2024,IA_facil,17,Derrota,6,Si
2024,IA_medio,20,Victoria,5,Si
2024,IA_dificil,18,Derrota,5,Si
2025,IA_facil,17,Victoria,5,Si
2025,IA_medio,23,Derrota,6,Si
2025,IA_dificil,22,Derrota,6,Si
2026,IA_facil,18,Derrota,5,Si
2026,IA_medio,21,Victoria,5,Si
2026,IA_dificil,17,Derrota,4,Si
2027,IA_facil,18,Victoria,6,Si
2027,IA_medio,22,Derrota,6,Si
2027,IA_dificil,24,Derrota,8,Si
2028,IA_facil,17,Derrota,5,Si
2028,IA_medio,21,Empate,7,Si
2028,IA_dificil,21,Empate,6,Si
2029,IA_facil,21,Victoria,7,Si
2029,IA_medio,25,Derrota,8,Si
2029,IA_dificil,19,Derrota,5,Si
2030,IA_facil,19,Victoria,5,Si
2030,IA_medio,17,Derrota,5,Si
2030,IA_dificil,23,Derrota,7,Si
2031,IA_facil,18,Derrota,6,Si
2031,IA_medio,24,Derrota,9,Si
2031,IA_dificil,21,Victoria,6,Si
2032,IA_facil,17,Derrota,5,Si
2032,IA_medio,17,Derrota,5,Si
2032,IA_dificil,21,Victoria,7,Si
2033,IA_facil,18,Derrota,4,Si
2033,IA_medio,19,Victoria,6,Si
2033,IA_dificil,18,Derrota,5,Si
2034,IA_facil,19,Derrota,6,Si
2034,IA_medio,22,Derrota,6,Si
2034,IA_dificil,21,Victoria,5,Si
2035,IA_facil,17,Derrota,5,Si
2035,IA_medio,20,Empate,7,Si
2035,IA_dificil,20,Empate,4,Si
2036,IA_facil,18,Derrota,6,Si
2036,IA_medio,20,Victoria,6,Si
2036,IA_dificil,18,Derrota,5,Si
2037,IA_facil,21,Victoria,5,Si
2037,IA_medio,20,Derrota,7,Si
2037,IA_dificil,20,Derrota,7,Si
2038,IA_facil,17,Derrota,5,Si
2038,IA_medio,21,Victoria,6,Si
2038,IA_dificil,17,Derrota,4,Si
2039,IA_facil,17,Derrota,5,Si
2039,IA_medio,19,Empate,6,Si
2039,IA_dificil,19,Empate,6,Si
2040,IA_facil,19,Victoria,5,Si
2040,IA_medio,25,Derrota,6,Si
2040,IA_dificil,22,Derrota,6,Si
2041,IA_facil,22,Derrota,5,Si
2041,IA_medio,17,Derrota,4,Si
2041,IA_dificil,18,Victoria,6,Si
2042,IA_facil,22,Derrota,8,Si
2042,IA_medio,20,Empate,6,Si
2042,IA_dificil,20,Empate,7,Si
2043,IA_facil,17,Derrota,4,Si
2043,IA_medio,24,Derrota,6,Si
2043,IA_dificil,18,Victoria,5,Si
2044,IA_facil,19,Derrota,7,Si
2044,IA_medio,17,Derrota,4,Si
2044,IA_dificil,21,Victoria,8,Si
2045,IA_facil,18,Derrota,6,Si
2045,IA_medio,20,Victoria,5,Si
2045,IA_dificil,17,Derrota,4,Si
2046,IA_facil,20,Victoria,5,Si
2046,IA_medio,17,Derrota,5,Si
2046,IA_dificil,17,Derrota,4,Si
2047,IA_facil,18,Victoria,3,Si
2047,IA_medio,22,Derrota,6,Si
2047,IA_dificil,22,Derrota,7,Si
2048,IA_facil,22,Derrota,6,Si
2048,IA_medio,17,Empate,6,Si
2048,IA_dificil,17,Empate,5,Si
2049,IA_facil,19,Derrota,7,Si
2049,IA_medio,20,Empate,6,Si
2049,IA_dificil,20,Empate,7,Si
2050,IA_facil,20,Derrota,6,Si
2050,IA_medio,18,Derrota,7,Si
2050,IA_dificil,21,Victoria,5,Si
2051,IA_facil,19,Derrota,5,Si
2051,IA_medio,19,Derrota,5,Si
2051,IA_dificil,21,Victoria,5,Si
2052,IA_facil,18,Derrota,7,Si
2052,IA_medio,17,Derrota,6,Si
2052,IA_dificil,20,Victoria,5,Si
2053,IA_facil,17,Empate,7,Si
2053,IA_medio,17,Empate,5,Si
2053,IA_dificil,23,Derrota,8,Si
2054,IA_facil,20,Derrota,6,Si
2054,IA_medio,20,Derrota,4,Si
2054,IA_dificil,21,Victoria,5,Si
2055,IA_facil,19,Derrota,5,Si
2055,IA_medio,21,Victoria,4,Si
2055,IA_dificil,18,Derrota,5,Si
2056,IA_facil,18,Empate,4,Si
2056,IA_medio,17,Derrota,5,Si
2056,IA_dificil,18,Empate,5,Si
2057,IA_facil,20,Victoria,5,Si
2057,IA_medio,23,Derrota,6,Si
2057,IA_dificil,17,Derrota,5,Si
2058,IA_facil,20,Victoria,5,Si
2058,IA_medio,17,Derrota,6,Si
2058,IA_dificil,19,Derrota,5,Si
2059,IA_facil,17,Derrota,7,Si
2059,IA_medio,20,Victoria,4,Si
2059,IA_dificil,18,Derrota,4,Si
2060,IA_facil,21,Empate,6,Si
2060,IA_medio,21,Empate,5,Si
2060,IA_dificil,21,Empate,5,Si
2061,IA_facil,18,Derrota,5,Si
2061,IA_medio,19,Derrota,4,Si
2061,IA_dificil,20,Victoria,5,Si
2062,IA_facil,19,Victoria,4,Si
2062,IA_medio,17,Derrota,5,Si
2062,IA_dificil,18,Derrota,5,Si
2063,IA_facil,21,Victoria,6,Si
2063,IA_medio,20,Derrota,6,Si
2063,IA_dificil,22,Derrota,5,Si
2064,IA_facil,19,Empate,6,Si
2064,IA_medio,18,Derrota,5,Si
2064,IA_dificil,19,Empate,5,Si
2065,IA_facil,19,Victoria,6,Si
2065,IA_medio,22,Derrota,6,Si
2065,IA_dificil,18,Derrota,5,Si
2066,IA_facil,18,Victoria,6,Si
2066,IA_medio,17,Derrota,5,Si
2066,IA_dificil,17,Derrota,6,Si
2067,IA_facil,19,Derrota,4,Si
2067,IA_medio,21,Victoria,6,Si
2067,IA_dificil,22,Derrota,6,Si
2068,IA_facil,18,Derrota,6,Si
2068,IA_medio,20,Victoria,6,Si
2068,IA_dificil,23,Derrota,7,Si
2069,IA_facil,18,Derrota,5,Si
2069,IA_medio,20,Empate,4,Si
2069,IA_dificil,20,Empate,8,Si
2070,IA_facil,19,Derrota,5,Si
2070,IA_medio,20,Victoria,5,Si
2070,IA_dificil,18,Derrota,5,Si
2071,IA_facil,18,Empate,7,Si
2071,IA_medio,18,Empate,5,Si
2071,IA_dificil,17,Derrota,4,Si
2072,IA_facil,20,Derrota,8,Si
2072,IA_medio,20,Derrota,4,Si
2072,IA_dificil,21,Victoria,5,Si
2073,IA_facil,19,Empate,6,Si
2073,IA_medio,19,Empate,5,Si
2073,IA_dificil,18,Derrota,4,Si
2074,IA_facil,20,Empate,6,Si
2074,IA_medio,20,Empate,5,Si
2074,IA_dificil,24,Derrota,6,Si
2075,IA_facil,19,Empate,6,Si
2075,IA_medio,18,Derrota,5,Si
2075,IA_dificil,19,Empate,7,Si
2076,IA_facil,17,Derrota,4,Si
2076,IA_medio,21,Victoria,6,Si
2076,IA_dificil,20,Derrota,5,Si
2077,IA_facil,18,Derrota,4,Si
2077,IA_medio,21,Victoria,6,Si
2077,IA_dificil,20,Derrota,7,Si
2078,IA_facil,18,Derrota,4,Si
2078,IA_medio,19,Victoria,5,Si
2078,IA_dificil,18,Derrota,7,Si
2079,IA_facil,17,Derrota,4,Si
2079,IA_medio,20,Victoria,6,Si
2079,IA_dificil,17,Derrota,5,Si
2080,IA_facil,22,Derrota,6,Si
2080,IA_medio,19,Victoria,6,Si
2080,IA_dificil,17,Derrota,4,Si
2081,IA_facil,19,Derrota,6,Si
2081,IA_medio,20,Derrota,7,Si
2081,IA_dificil,21,Victoria,5,Si
2082,IA_facil,17,Derrota,5,Si
2082,IA_medio,18,Victoria,5,Si
2082,IA_dificil,22,Derrota,6,Si
2083,IA_facil,20,Victoria,4,Si
2083,IA_medio,25,Derrota,7,Si
2083,IA_dificil,17,Derrota,5,Si
2084,IA_facil,19,Derrota,5,Si
2084,IA_medio,22,Derrota,4,Si
2084,IA_dificil,20,Victoria,5,Si
2085,IA_facil,17,Derrota,3,Si
2085,IA_medio,20,Victoria,5,Si
2085,IA_dificil,22,Derrota,6,Si
2086,IA_facil,21,Victoria,5,Si
2086,IA_medio,18,Derrota,6,Si
2086,IA_dificil,19,Derrota,4,Si
2087,IA_facil,19,Derrota,4,Si
2087,IA_medio,20,Victoria,4,Si
2087,IA_dificil,17,Derrota,4,Si
2088,IA_facil,20,Derrota,5,Si
2088,IA_medio,21,Victoria,6,Si
2088,IA_dificil,20,Derrota,8,Si
2089,IA_facil,19,Empate,4,Si
2089,IA_medio,19,Empate,8,Si
2089,IA_dificil,22,Derrota,5,Si
2090,IA_facil,18,Derrota,5,Si
2090,IA_medio,19,Victoria,6,Si
2090,IA_dificil,17,Derrota,6,Si
2091,IA_facil,19,Empate,4,Si
2091,IA_medio,19,Empate,4,Si
2091,IA_dificil,19,Empate,5,Si
2092,IA_facil,19,Derrota,5,Si
2092,IA_medio,20,Empate,5,Si
2092,IA_dificil,20,Empate,5,Si
2093,IA_facil,19,Derrota,4,Si
2093,IA_medio,18,Derrota,7,Si
2093,IA_dificil,21,Victoria,5,Si
2094,IA_facil,18,Derrota,4,Si
2094,IA_medio,21,Victoria,6,Si
2094,IA_dificil,23,Derrota,9,Si
2095,IA_facil,17,Empate,6,Si
2095,IA_medio,17,Empate,7,Si
2095,IA_dificil,22,Derrota,6,Si
2096,IA_facil,19,Derrota,8,Si
2096,IA_medio,20,Victoria,7,Si
2096,IA_dificil,19,Derrota,6,Si
2097,IA_facil,17,Derrota,6,Si
2097,IA_medio,20,Victoria,5,Si
2097,IA_dificil,17,Derrota,6,Si
2098,IA_facil,18,Empate,5,Si
2098,IA_medio,18,Empate,5,Si
2098,IA_dificil,18,Empate,5,Si
2099,IA_facil,17,Derrota,5,Si
2099,IA_medio,23,Derrota,5,Si
2099,IA_dificil,20,Victoria,6,Si
2100,IA_facil,19,Derrota,4,Si
2100,IA_medio,20,Derrota,7,Si
2100,IA_dificil,21,Victoria,7,Si
2101,IA_facil,17,Derrota,5,Si
2101,IA_medio,22,Derrota,8,Si
2101,IA_dificil,18,Victoria,5,Si
2102,IA_facil,19,Derrota,5,Si
2102,IA_medio,21,Victoria,5,Si
2102,IA_dificil,18,Derrota,4,Si
2103,IA_facil,19,Derrota,7,Si
2103,IA_medio,20,Victoria,6,Si
2103,IA_dificil,18,Derrota,5,Si
2104,IA_facil,19,Victoria,6,Si
2104,IA_medio,17,Derrota,4,Si
2104,IA_dificil,18,Derrota,8,Si
2105,IA_facil,18,Derrota,5,Si
2105,IA_medio,17,Derrota,4,Si
2105,IA_dificil,20,Victoria,6,Si
2106,IA_facil,18,Derrota,5,Si
2106,IA_medio,18,Derrota,5,Si
2106,IA_dificil,21,Victoria,5,Si
2107,IA_facil,22,Derrota,4,Si
2107,IA_medio,22,Derrota,6,Si
2107,IA_dificil,20,Victoria,5,Si
2108,IA_facil,18,Derrota,4,Si
2108,IA_medio,19,Victoria,6,Si
2108,IA_dificil,17,Derrota,4,Si
2109,IA_facil,17,Empate,8,Si
2109,IA_medio,24,Derrota,6,Si
2109,IA_dificil,17,Empate,5,Si
2110,IA_facil,19,Victoria,8,Si
2110,IA_medio,17,Derrota,5,Si
2110,IA_dificil,22,Derrota,5,Si
2111,IA_facil,19,Derrota,5,Si
2111,IA_medio,19,Derrota,5,Si
2111,IA_dificil,20,Victoria,5,Si
2112,IA_facil,19,Derrota,4,Si
2112,IA_medio,20,Empate,4,Si
2112,IA_dificil,20,Empate,5,Si
2113,IA_facil,18,Victoria,5,Si
2113,IA_medio,17,Derrota,7,Si
2113,IA_dificil,22,Derrota,6,Si
2114,IA_facil,22,Derrota,7,Si
2114,IA_medio,18,Empate,6,Si
2114,IA_dificil,18,Empate,5,Si
2115,IA_facil,18,Derrota,5,Si
2115,IA_medio,19,Victoria,6,Si
2115,IA_dificil,18,Derrota,4,Si
2116,IA_facil,18,Derrota,8,Si
2116,IA_medio,19,Derrota,5,Si
2116,IA_dificil,20,Victoria,7,Si
2117,IA_facil,18,Derrota,6,Si
2117,IA_medio,23,Derrota,5,Si
2117,IA_dificil,20,Victoria,4,Si
2118,IA_facil,18,Victoria,3,Si
2118,IA_medio,23,Derrota,6,Si
2118,IA_dificil,25,Derrota,6,Si
2119,IA_facil,17,Derrota,6,Si
2119,IA_medio,19,Derrota,6,Si
2119,IA_dificil,20,Victoria,5,Si
2120,IA_facil,19,Derrota,5,Si
2120,IA_medio,21,Victoria,8,Si
2120,IA_dificil,22,Derrota,5,Si
2121,IA_facil,17,Derrota,5,Si
2121,IA_medio,21,Empate,5,Si
2121,IA_dificil,21,Empate,7,Si
2122,IA_facil,17,Derrota,4,Si
2122,IA_medio,20,Victoria,5,Si
2122,IA_dificil,18,Derrota,4,Si
2123,IA_facil,19,Empate,7,Si
2123,IA_medio,19,Empate,4,Si
2123,IA_dificil,17,Derrota,6,Si
2124,IA_facil,19,Empate,5,Si
2124,IA_medio,17,Derrota,5,Si
2124,IA_dificil,19,Empate,4,Si
2125,IA_facil,18,Derrota,5,Si
2125,IA_medio,18,Derrota,7,Si
2125,IA_dificil,21,Victoria,5,Si
2126,IA_facil,17,Derrota,5,Si
2126,IA_medio,24,Derrota,7,Si
2126,IA_dificil,19,Victoria,6,Si
2127,IA_facil,18,Empate,6,Si
2127,IA_medio,18,Empate,4,Si
2127,IA_dificil,18,Empate,7,Si
2128,IA_facil,17,Derrota,6,Si
2128,IA_medio,20,Victoria,7,Si
2128,IA_dificil,17,Derrota,7,Si
2129,IA_facil,18,Derrota,4,Si
2129,IA_medio,21,Victoria,6,Si
2129,IA_dificil,22,Derrota,6,Si
2130,IA_facil,19,Empate,6,Si
2130,IA_medio,23,Derrota,5,Si
2130,IA_dificil,19,Empate,6,Si
2131,IA_facil,18,Victoria,5,Si
2131,IA_medio,22,Derrota,5,Si
2131,IA_dificil,17,Derrota,4,Si
2132,IA_facil,20,Victoria,6,Si
2132,IA_medio,22,Derrota,6,Si
2132,IA_dificil,19,Derrota,6,Si
2133,IA_facil,19,Victoria,5,Si
2133,IA_medio,22,Derrota,11,Si
2133,IA_dificil,18,Derrota,5,Si
2134,IA_facil,19,Victoria,8,Si
2134,IA_medio,22,Derrota,5,Si
2134,IA_dificil,22,Derrota,8,Si
2135,IA_facil,20,Empate,5,Si
2135,IA_medio,20,Empate,6,Si
2135,IA_dificil,19,Derrota,7,Si
2136,IA_facil,18,Derrota,6,Si
2136,IA_medio,20,Victoria,5,Si
2136,IA_dificil,22,Derrota,7,Si
2137,IA_facil,17,Derrota,6,Si
2137,IA_medio,21,Victoria,6,Si
2137,IA_dificil,20,Derrota,4,Si
2138,IA_facil,19,Derrota,5,Si
2138,IA_medio,24,Derrota,7,Si
2138,IA_dificil,21,Victoria,6,Si
2139,IA_facil,18,Victoria,4,Si
2139,IA_medio,23,Derrota,7,Si
2139,IA_dificil,22,Derrota,6,Si
2140,IA_facil,22,Derrota,6,Si
2140,IA_medio,21,Victoria,6,Si
2140,IA_dificil,20,Derrota,5,Si
2141,IA_facil,21,Empate,4,Si
2141,IA_medio,21,Empate,9,Si
2141,IA_dificil,19,Derrota,5,Si
2142,IA_facil,17,Derrota,6,Si
2142,IA_medio,22,Derrota,8,Si
2142,IA_dificil,19,Victoria,5,Si
2143,IA_facil,17,Derrota,4,Si
2143,IA_medio,21,Victoria,5,Si
2143,IA_dificil,17,Derrota,6,Si
2144,IA_facil,19,Derrota,6,Si
2144,IA_medio,23,Derrota,5,Si
2144,IA_dificil,21,Victoria,5,Si
2145,IA_facil,17,Derrota,4,Si
2145,IA_medio,22,Derrota,5,Si
2145,IA_dificil,20,Victoria,6,Si
2146,IA_facil,17,Derrota,5,Si
2146,IA_medio,19,Derrota,7,Si
2146,IA_dificil,21,Victoria,7,Si
2147,IA_facil,21,Victoria,7,Si
2147,IA_medio,23,Derrota,5,Si
2147,IA_dificil,20,Derrota,5,Si
2148,IA_facil,18,Derrota,6,Si
2148,IA_medio,21,Victoria,6,Si
2148,IA_dificil,22,Derrota,7,Si
2149,IA_facil,22,Derrota,5,Si
2149,IA_medio,17,Derrota,8,Si
2149,IA_dificil,21,Victoria,5,Si
2150,IA_facil,18,Derrota,5,Si
2150,IA_medio,22,Derrota,5,Si
2150,IA_dificil,21,Victoria,6,Si
2151,IA_facil,20,Derrota,6,Si
2151,IA_medio,17,Derrota,5,Si
2151,IA_dificil,21,Victoria,5,Si
2152,IA_facil,20,Derrota,5,Si
2152,IA_medio,22,Derrota,5,Si
2152,IA_dificil,21,Victoria,8,Si
2153,IA_facil,17,Victoria,5,Si
2153,IA_medio,24,Derrota,6,Si
2153,IA_dificil,24,Derrota,8,Si
2154,IA_facil,18,Derrota,4,Si
2154,IA_medio,17,Derrota,7,Si
2154,IA_dificil,19,Victoria,6,Si
2155,IA_facil,17,Derrota,6,Si
2155,IA_medio,22,Derrota,7,Si
2155,IA_dificil,21,Victoria,4,Si
2156,IA_facil,20,Victoria,6,Si
2156,IA_medio,23,Derrota,7,Si
2156,IA_dificil,19,Derrota,6,Si
2157,IA_facil,18,Derrota,7,Si
2157,IA_medio,18,Derrota,5,Si
2157,IA_dificil,20,Victoria,6,Si
2158,IA_facil,17,Derrota,4,Si
2158,IA_medio,18,Derrota,6,Si
2158,IA_dificil,19,Victoria,6,Si
2159,IA_facil,20,Victoria,4,Si
2159,IA_medio,23,Derrota,5,Si
2159,IA_dificil,17,Derrota,4,Si
2160,IA_facil,21,Victoria,7,Si
2160,IA_medio,20,Derrota,4,Si
2160,IA_dificil,25,Derrota,7,Si
2161,IA_facil,17,Derrota,5,Si
2161,IA_medio,20,Empate,5,Si
2161,IA_dificil,20,Empate,6,Si
2162,IA_facil,19,Victoria,7,Si
2162,IA_medio,18,Derrota,4,Si
2162,IA_dificil,22,Derrota,6,Si
2163,IA_facil,18,Victoria,8,Si
2163,IA_medio,17,Derrota,7,Si
2163,IA_dificil,17,Derrota,5,Si
2164,IA_facil,19,Derrota,5,Si
2164,IA_medio,22,Derrota,6,Si
2164,IA_dificil,20,Victoria,6,Si
2165,IA_facil,18,Derrota,5,Si
2165,IA_medio,19,Derrota,5,Si
2165,IA_dificil,21,Victoria,5,Si
2166,IA_facil,20,Victoria,6,Si
2166,IA_medio,17,Derrota,5,Si
2166,IA_dificil,17,Derrota,5,Si
2167,IA_facil,18,Empate,5,Si
2167,IA_medio,22,Derrota,6,Si
2167,IA_dificil,18,Empate,5,Si
2168,IA_facil,18,Derrota,6,Si
2168,IA_medio,20,Victoria,5,Si
2168,IA_dificil,18,Derrota,6,Si
2169,IA_facil,20,Derrota,5,Si
2169,IA_medio,19,Derrota,6,Si
2169,IA_dificil,21,Victoria,9,Si
2170,IA_facil,20,Victoria,4,Si
2170,IA_medio,22,Derrota,5,Si
2170,IA_dificil,19,Derrota,4,Si
2171,IA_facil,20,Victoria,4,Si
2171,IA_medio,19,Derrota,7,Si
2171,IA_dificil,19,Derrota,4,Si
2172,IA_facil,17,Derrota,6,Si
2172,IA_medio,20,Victoria,6,Si
2172,IA_dificil,18,Derrota,5,Si
2173,IA_facil,17,Derrota,7,Si
2173,IA_medio,20,Derrota,5,Si
2173,IA_dificil,21,Victoria,8,Si
2174,IA_facil,18,Derrota,5,Si
2174,IA_medio,21,Empate,6,Si
2174,IA_dificil,21,Empate,7,Si
2175,IA_facil,20,Derrota,9,Si
2175,IA_medio,21,Victoria,7,Si
2175,IA_dificil,19,Derrota,4,Si
2176,IA_facil,19,Empate,5,Si
2176,IA_medio,18,Derrota,6,Si
2176,IA_dificil,19,Empate,7,Si
2177,IA_facil,20,Victoria,5,Si
2177,IA_medio,19,Derrota,5,Si
2177,IA_dificil,18,Derrota,6,Si
2178,IA_facil,18,Derrota,5,Si
2178,IA_medio,17,Derrota,5,Si
2178,IA_dificil,20,Victoria,6,Si
2179,IA_facil,18,Derrota,5,Si
2179,IA_medio,20,Victoria,8,Si
2179,IA_dificil,17,Derrota,4,Si
2180,IA_facil,18,Victoria,6,Si
2180,IA_medio,22,Derrota,5,Si
2180,IA_dificil,17,Derrota,7,Si
2181,IA_facil,17,Derrota,5,Si
2181,IA_medio,18,Victoria,5,Si
2181,IA_dificil,17,Derrota,4,Si
2182,IA_facil,17,Derrota,5,Si
2182,IA_medio,22,Derrota,4,Si
2182,IA_dificil,20,Victoria,6,Si
2183,IA_facil,20,Derrota,4,Si
2183,IA_medio,20,Derrota,5,Si
2183,IA_dificil,21,Victoria,6,Si
2184,IA_facil,18,Derrota,4,Si
2184,IA_medio,19,Derrota,4,Si
2184,IA_dificil,20,Victoria,4,Si
2185,IA_facil,17,Derrota,4,Si
2185,IA_medio,20,Victoria,4,Si
2185,IA_dificil,23,Derrota,5,Si
2186,IA_facil,18,Derrota,4,Si
2186,IA_medio,17,Derrota,6,Si
2186,IA_dificil,21,Victoria,5,Si
2187,IA_facil,19,Victoria,5,Si
2187,IA_medio,18,Derrota,6,Si
2187,IA_dificil,17,Derrota,6,Si
2188,IA_facil,20,Empate,5,Si
2188,IA_medio,18,Derrota,5,Si
2188,IA_dificil,20,Empate,6,Si
2189,IA_facil,17,Empate,5,Si
2189,IA_medio,22,Derrota,8,Si
2189,IA_dificil,17,Empate,4,Si
2190,IA_facil,17,Derrota,5,Si
2190,IA_medio,21,Victoria,6,Si
2190,IA_dificil,20,Derrota,5,Si
2191,IA_facil,18,Derrota,5,Si
2191,IA_medio,20,Victoria,4,Si
2191,IA_dificil,19,Derrota,4,Si
2192,IA_facil,20,Victoria,5,Si
2192,IA_medio,22,Derrota,6,Si
2192,IA_dificil,19,Derrota,5,Si
2193,IA_facil,18,Derrota,4,Si
2193,IA_medio,19,Victoria,5,Si
2193,IA_dificil,18,Derrota,6,Si
2194,IA_facil,18,Derrota,6,Si
2194,IA_medio,21,Victoria,6,Si
2194,IA_dificil,20,Derrota,6,Si
2195,IA_facil,20,Empate,5,Si
2195,IA_medio,19,Derrota,6,Si
2195,IA_dificil,20,Empate,7,Si
2196,IA_facil,17,Derrota,4,Si
2196,IA_medio,17,Derrota,4,Si
2196,IA_dificil,21,Victoria,7,Si
2197,IA_facil,17,Victoria,6,Si
2197,IA_medio,23,Derrota,5,Si
2197,IA_dificil,25,Derrota,5,Si
2198,IA_facil,18,Derrota,5,Si
2198,IA_medio,19,Victoria,5,Si
2198,IA_dificil,23,Derrota,7,Si
2199,IA_facil,20,Derrota,5,Si
2199,IA_medio,21,Victoria,7,Si
2199,IA_dificil,19,Derrota,5,Si
2200,IA_facil,20,Empate,6,Si
2200,IA_medio,20,Empate,7,Si
2200,IA_dificil,17,Derrota,7,Si
2201,IA_facil,17,Empate,4,Si
2201,IA_medio,22,Derrota,5,Si
2201,IA_dificil,17,Empate,3,Si
2202,IA_facil,19,Derrota,6,Si
2202,IA_medio,19,Derrota,5,Si
2202,IA_dificil,21,Victoria,6,Si
2203,IA_facil,18,Victoria,6,Si
2203,IA_medio,25,Derrota,7,Si
2203,IA_dificil,24,Derrota,8,Si
2204,IA_facil,18,Derrota,3,Si
2204,IA_medio,20,Derrota,6,Si
2204,IA_dificil,21,Victoria,7,Si
2205,IA_facil,20,Derrota,7,Si
2205,IA_medio,21,Victoria,6,Si
2205,IA_dificil,18,Derrota,7,Si
2206,IA_facil,18,Derrota,5,Si
2206,IA_medio,17,Derrota,4,Si
2206,IA_dificil,19,Victoria,5,Si
2207,IA_facil,18,Derrota,4,Si
2207,IA_medio,21,Victoria,7,Si
2207,IA_dificil,19,Derrota,7,Si
2208,IA_facil,18,Derrota,5,Si
2208,IA_medio,17,Derrota,4,Si
2208,IA_dificil,21,Victoria,6,Si
2209,IA_facil,18,Derrota,7,Si
2209,IA_medio,20,Victoria,7,Si
2209,IA_dificil,24,Derrota,6,Si
2210,IA_facil,17,Derrota,6,Si
2210,IA_medio,20,Victoria,5,Si
2210,IA_dificil,19,Derrota,5,Si
2211,IA_facil,18,Victoria,5,Si
2211,IA_medio,22,Derrota,9,Si
2211,IA_dificil,22,Derrota,6,Si
2212,IA_facil,17,Derrota,5,Si
2212,IA_medio,21,Victoria,5,Si
2212,IA_dificil,18,Derrota,5,Si
2213,IA_facil,18,Derrota,6,Si
2213,IA_medio,17,Derrota,6,Si
2213,IA_dificil,21,Victoria,7,Si
2214,IA_facil,18,Derrota,5,Si
2214,IA_medio,19,Derrota,5,Si
2214,IA_dificil,21,Victoria,5,Si
2215,IA_facil,19,Victoria,4,Si
2215,IA_medio,18,Derrota,6,Si
2215,IA_dificil,24,Derrota,8,Si
2216,IA_facil,17,Derrota,4,Si
2216,IA_medio,18,Empate,5,Si
2216,IA_dificil,18,Empate,4,Si
2217,IA_facil,19,Derrota,4,Si
2217,IA_medio,20,Victoria,5,Si
2217,IA_dificil,23,Derrota,8,Si
2218,IA_facil,17,Derrota,5,Si
2218,IA_medio,20,Victoria,4,Si
2218,IA_dificil,19,Derrota,5,Si
2219,IA_facil,20,Victoria,6,Si
2219,IA_medio,23,Derrota,6,Si
2219,IA_dificil,22,Derrota,6,Si
2220,IA_facil,22,Derrota,5,Si
2220,IA_medio,21,Victoria,6,Si
2220,IA_dificil,22,Derrota,6,Si
2221,IA_facil,20,Empate,6,Si
2221,IA_medio,20,Empate,6,Si
2221,IA_dificil,17,Derrota,8,Si
2222,IA_facil,18,Derrota,4,Si
2222,IA_medio,21,Empate,4,Si
2222,IA_dificil,21,Empate,5,Si
2223,IA_facil,18,Derrota,3,Si
2223,IA_medio,20,Victoria,4,Si
2223,IA_dificil,19,Derrota,5,Si
2224,IA_facil,18,Derrota,4,Si
2224,IA_medio,20,Victoria,6,Si
2224,IA_dificil,17,Derrota,4,Si
2225,IA_facil,18,Derrota,5,Si
2225,IA_medio,21,Victoria,5,Si
2225,IA_dificil,20,Derrota,5,Si
2226,IA_facil,20,Victoria,6,Si
2226,IA_medio,19,Derrota,8,Si
2226,IA_dificil,24,Derrota,5,Si
2227,IA_facil,21,Victoria,5,Si
2227,IA_medio,18,Derrota,3,Si
2227,IA_dificil,23,Derrota,6,Si
2228,IA_facil,18,Derrota,4,Si
2228,IA_medio,17,Derrota,5,Si
2228,IA_dificil,20,Victoria,4,Si
2229,IA_facil,19,Derrota,5,Si
2229,IA_medio,21,Victoria,6,Si
2229,IA_dificil,17,Derrota,5,Si
2230,IA_facil,20,Empate,5,Si
2230,IA_medio,20,Empate,6,Si
2230,IA_dificil,17,Derrota,5,Si
2231,IA_facil,19,Victoria,5,Si
2231,IA_medio,22,Derrota,7,Si
2231,IA_dificil,17,Derrota,5,Si
2232,IA_facil,20,Derrota,7,Si
2232,IA_medio,22,Derrota,6,Si
2232,IA_dificil,21,Victoria,4,Si
2233,IA_facil,22,Derrota,6,Si
2233,IA_medio,20,Victoria,7,Si
2233,IA_dificil,19,Derrota,7,Si
2234,IA_facil,18,Derrota,5,Si
2234,IA_medio,23,Derrota,6,Si
2234,IA_dificil,20,Victoria,6,Si
2235,IA_facil,18,Victoria,6,Si
2235,IA_medio,23,Derrota,6,Si
2235,IA_dificil,24,Derrota,6,Si
2236,IA_facil,19,Victoria,5,Si
2236,IA_medio,18,Derrota,5,Si
2236,IA_dificil,17,Derrota,5,Si
2237,IA_facil,18,Derrota,6,Si
2237,IA_medio,17,Derrota,4,Si
2237,IA_dificil,21,Victoria,5,Si
2238,IA_facil,20,Empate,8,Si
2238,IA_medio,20,Empate,4,Si
2238,IA_dificil,20,Empate,4,Si
2239,IA_facil,17,Derrota,5,Si
2239,IA_medio,20,Victoria,4,Si
2239,IA_dificil,19,Derrota,4,Si
2240,IA_facil,17,Derrota,5,Si
2240,IA_medio,20,Victoria,7,Si
2240,IA_dificil,19,Derrota,6,Si
2241,IA_facil,19,Empate,5,Si
2241,IA_medio,18,Derrota,7,Si
2241,IA_dificil,19,Empate,6,Si
2242,IA_facil,18,Derrota,5,Si
2242,IA_medio,20,Victoria,5,Si
2242,IA_dificil,17,Derrota,7,Si
2243,IA_facil,17,Derrota,6,Si
2243,IA_medio,23,Derrota,7,Si
2243,IA_dificil,20,Victoria,5,Si
2244,IA_facil,17,Derrota,4,Si
2244,IA_medio,19,Derrota,6,Si
2244,IA_dificil,20,Victoria,7,Si
2245,IA_facil,18,Derrota,4,Si
2245,IA_medio,24,Derrota,5,Si
2245,IA_dificil,19,Victoria,5,Si
2246,IA_facil,18,Derrota,7,Si
2246,IA_medio,19,Derrota,6,Si
2246,IA_dificil,20,Victoria,6,Si
2247,IA_facil,20,Empate,4,Si
2247,IA_medio,19,Derrota,6,Si
2247,IA_dificil,20,Empate,6,Si
2248,IA_facil,17,Derrota,5,Si
2248,IA_medio,18,Derrota,4,Si
2248,IA_dificil,19,Victoria,6,Si
2249,IA_facil,17,Derrota,6,Si
2249,IA_medio,18,Empate,5,Si
2249,IA_dificil,18,Empate,5,Si
2250,IA_facil,17,Derrota,4,Si
2250,IA_medio,19,Derrota,4,Si
2250,IA_dificil,20,Victoria,5,Si
2251,IA_facil,19,Victoria,5,Si
2251,IA_medio,17,Derrota,4,Si
2251,IA_dificil,23,Derrota,6,Si
2252,IA_facil,20,Victoria,4,Si
2252,IA_medio,17,Derrota,6,Si
2252,IA_dificil,17,Derrota,6,Si
2253,IA_facil,17,Derrota,5,Si
2253,IA_medio,22,Derrota,8,Si
2253,IA_dificil,21,Victoria,6,Si
2254,IA_facil,18,Derrota,6,Si
2254,IA_medio,20,Victoria,5,Si
2254,IA_dificil,18,Derrota,5,Si
2255,IA_facil,19,Empate,7,Si
2255,IA_medio,19,Empate,5,Si
2255,IA_dificil,18,Derrota,4,Si
2256,IA_facil,18,Empate,6,Si
2256,IA_medio,17,Derrota,7,Si
2256,IA_dificil,18,Empate,6,Si
2257,IA_facil,17,Derrota,5,Si
2257,IA_medio,18,Victoria,8,Si
2257,IA_dificil,23,Derrota,5,Si
2258,IA_facil,17,Derrota,6,Si
2258,IA_medio,21,Victoria,8,Si
2258,IA_dificil,17,Derrota,5,Si
2259,IA_facil,18,Derrota,5,Si
2259,IA_medio,20,Victoria,6,Si
2259,IA_dificil,22,Derrota,4,Si
2260,IA_facil,21,Empate,6,Si
2260,IA_medio,21,Empate,5,Si
2260,IA_dificil,17,Derrota,5,Si
2261,IA_facil,17,Derrota,5,Si
2261,IA_medio,20,Empate,4,Si
2261,IA_dificil,20,Empate,7,Si
2262,IA_facil,17,Derrota,5,Si
2262,IA_medio,18,Victoria,5,Si
2262,IA_dificil,17,Derrota,5,Si
2263,IA_facil,22,Derrota,6,Si
2263,IA_medio,20,Empate,6,Si
2263,IA_dificil,20,Empate,5,Si
2264,IA_facil,18,Derrota,4,Si
2264,IA_medio,18,Derrota,5,Si
2264,IA_dificil,19,Victoria,5,Si
2265,IA_facil,17,Derrota,6,Si
2265,IA_medio,18,Victoria,5,Si
2265,IA_dificil,22,Derrota,8,Si
2266,IA_facil,20,Derrota,6,Si
2266,IA_medio,21,Victoria,7,Si
2266,IA_dificil,19,Derrota,6,Si
2267,IA_facil,18,Derrota,4,Si
2267,IA_medio,20,Victoria,5,Si
2267,IA_dificil,17,Derrota,4,Si
2268,IA_facil,19,Derrota,5,Si
2268,IA_medio,25,Derrota,6,Si
2268,IA_dificil,21,Victoria,5,Si
2269,IA_facil,17,Derrota,6,Si
2269,IA_medio,18,Victoria,6,Si
2269,IA_dificil,17,Derrota,5,Si
2270,IA_facil,19,Victoria,5,Si
2270,IA_medio,17,Derrota,6,Si
2270,IA_dificil,18,Derrota,5,Si
2271,IA_facil,18,Derrota,6,Si
2271,IA_medio,19,Victoria,6,Si
2271,IA_dificil,17,Derrota,4,Si
2272,IA_facil,18,Derrota,4,Si
2272,IA_medio,18,Derrota,5,Si
2272,IA_dificil,20,Victoria,5,Si
2273,IA_facil,17,Derrota,5,Si
2273,IA_medio,24,Derrota,6,Si
2273,IA_dificil,20,Victoria,5,Si
2274,IA_facil,21,Victoria,6,Si
2274,IA_medio,24,Derrota,8,Si
2274,IA_dificil,24,Derrota,5,Si
2275,IA_facil,17,Victoria,5,Si
2275,IA_medio,22,Derrota,5,Si
2275,IA_dificil,22,Derrota,6,Si
2276,IA_facil,18,Derrota,6,Si
2276,IA_medio,19,Derrota,7,Si
2276,IA_dificil,21,Victoria,6,Si
2277,IA_facil,18,Victoria,5,Si
2277,IA_medio,23,Derrota,7,Si
2277,IA_dificil,17,Derrota,4,Si
2278,IA_facil,17,Derrota,5,Si
2278,IA_medio,17,Derrota,5,Si
2278,IA_dificil,19,Victoria,7,Si
2279,IA_facil,18,Victoria,4,Si
2279,IA_medio,17,Derrota,6,Si
2279,IA_dificil,25,Derrota,5,Si
2280,IA_facil,17,Derrota,6,Si
2280,IA_medio,24,Derrota,9,Si
2280,IA_dificil,20,Victoria,7,Si
2281,IA_facil,19,Derrota,5,Si
2281,IA_medio,21,Empate,7,Si
2281,IA_dificil,21,Empate,5,Si
2282,IA_facil,21,Victoria,8,Si
2282,IA_medio,20,Derrota,5,Si
2282,IA_dificil,19,Derrota,6,Si
2283,IA_facil,17,Victoria,5,Si
2283,IA_medio,22,Derrota,5,Si
2283,IA_dificil,25,Derrota,7,Si
2284,IA_facil,19,Derrota,6,Si
2284,IA_medio,20,Victoria,6,Si
2284,IA_dificil,25,Derrota,7,Si
2285,IA_facil,19,Empate,7,Si
2285,IA_medio,22,Derrota,6,Si
2285,IA_dificil,19,Empate,7,Si
2286,IA_facil,21,Empate,5,Si
2286,IA_medio,21,Empate,6,Si
2286,IA_dificil,19,Derrota,6,Si
2287,IA_facil,18,Derrota,6,Si
2287,IA_medio,20,Victoria,5,Si
2287,IA_dificil,17,Derrota,6,Si
2288,IA_facil,17,Derrota,5,Si
2288,IA_medio,18,Derrota,3,Si
2288,IA_dificil,20,Victoria,4,Si
2289,IA_facil,17,Derrota,9,Si
2289,IA_medio,23,Derrota,6,Si
2289,IA_dificil,20,Victoria,6,Si
2290,IA_facil,17,Empate,4,Si
2290,IA_medio,17,Empate,7,Si
2290,IA_dificil,22,Derrota,7,Si
2291,IA_facil,17,Derrota,5,Si
2291,IA_medio,18,Derrota,6,Si
2291,IA_dificil,19,Victoria,5,Si
2292,IA_facil,18,Derrota,5,Si
2292,IA_medio,20,Victoria,8,Si
2292,IA_dificil,22,Derrota,5,Si
2293,IA_facil,17,Derrota,5,Si
2293,IA_medio,22,Derrota,6,Si
2293,IA_dificil,18,Victoria,4,Si
2294,IA_facil,17,Derrota,5,Si
2294,IA_medio,20,Victoria,5,Si
2294,IA_dificil,17,Derrota,5,Si
2295,IA_facil,18,Derrota,6,Si
2295,IA_medio,18,Derrota,5,Si
2295,IA_dificil,21,Victoria,5,Si
2296,IA_facil,21,Victoria,6,Si
2296,IA_medio,17,Derrota,4,Si
2296,IA_dificil,19,Derrota,5,Si
2297,IA_facil,20,Victoria,6,Si
2297,IA_medio,23,Derrota,7,Si
2297,IA_dificil,18,Derrota,6,Si
2298,IA_facil,17,Derrota,6,Si
2298,IA_medio,22,Derrota,6,Si
2298,IA_dificil,21,Victoria,7,Si
2299,IA_facil,18,Empate,4,Si
2299,IA_medio,17,Derrota,4,Si
2299,IA_dificil,18,Empate,6,Si
2300,IA_facil,17,Derrota,4,Si
2300,IA_medio,22,Derrota,6,Si
2300,IA_dificil,20,Victoria,5,Si
2301,IA_facil,19,Derrota,4,Si
2301,IA_medio,21,Victoria,6,Si
2301,IA_dificil,22,Derrota,7,Si
2302,IA_facil,17,Derrota,7,Si
2302,IA_medio,22,Derrota,5,Si
2302,IA_dificil,20,Victoria,6,Si
2303,IA_facil,18,Derrota,4,Si
2303,IA_medio,20,Victoria,5,Si
2303,IA_dificil,19,Derrota,8,Si
2304,IA_facil,19,Victoria,6,Si
2304,IA_medio,24,Derrota,8,Si
2304,IA_dificil,17,Derrota,4,Si
2305,IA_facil,19,Derrota,6,Si
2305,IA_medio,20,Victoria,5,Si
2305,IA_dificil,19,Derrota,5,Si
2306,IA_facil,18,Empate,5,Si
2306,IA_medio,23,Derrota,7,Si
2306,IA_dificil,18,Empate,6,Si
2307,IA_facil,19,Derrota,7,Si
2307,IA_medio,20,Victoria,6,Si
2307,IA_dificil,24,Derrota,5,Si
2308,IA_facil,19,Derrota,6,Si
2308,IA_medio,18,Derrota,4,Si
2308,IA_dificil,20,Victoria,6,Si
2309,IA_facil,17,Derrota,5,Si
2309,IA_medio,19,Victoria,6,Si
2309,IA_dificil,25,Derrota,9,Si
2310,IA_facil,20,Victoria,5,Si
2310,IA_medio,22,Derrota,8,Si
2310,IA_dificil,17,Derrota,4,Si
2311,IA_facil,21,Empate,4,Si
2311,IA_medio,21,Empate,4,Si
2311,IA_dificil,17,Derrota,6,Si
2312,IA_facil,21,Victoria,5,Si
2312,IA_medio,24,Derrota,7,Si
2312,IA_dificil,19,Derrota,6,Si
2313,IA_facil,19,Derrota,4,Si
2313,IA_medio,18,Derrota,5,Si
2313,IA_dificil,21,Victoria,5,Si
2314,IA_facil,19,Victoria,7,Si
2314,IA_medio,18,Derrota,5,Si
2314,IA_dificil,18,Derrota,6,Si
2315,IA_facil,17,Derrota,6,Si
2315,IA_medio,17,Derrota,4,Si
2315,IA_dificil,20,Victoria,6,Si
2316,IA_facil,19,Derrota,6,Si
2316,IA_medio,21,Victoria,6,Si
2316,IA_dificil,22,Derrota,6,Si
2317,IA_facil,17,Derrota,7,Si
2317,IA_medio,20,Victoria,6,Si
2317,IA_dificil,19,Derrota,6,Si
2318,IA_facil,17,Derrota,4,Si
2318,IA_medio,21,Victoria,5,Si
2318,IA_dificil,19,Derrota,4,Si
2319,IA_facil,21,Victoria,6,Si
2319,IA_medio,22,Derrota,6,Si
2319,IA_dificil,18,Derrota,6,Si
2320,IA_facil,17,Derrota,6,Si
2320,IA_medio,20,Victoria,6,Si
2320,IA_dificil,22,Derrota,5,Si
2321,IA_facil,17,Derrota,4,Si
2321,IA_medio,18,Victoria,6,Si
2321,IA_dificil,22,Derrota,7,Si
2322,IA_facil,19,Victoria,7,Si
2322,IA_medio,18,Derrota,4,Si
2322,IA_dificil,17,Derrota,6,Si
2323,IA_facil,19,Derrota,5,Si
2323,IA_medio,19,Derrota,8,Si
2323,IA_dificil,21,Victoria,4,Si
2324,IA_facil,18,Derrota,5,Si
2324,IA_medio,22,Derrota,8,Si
2324,IA_dificil,19,Victoria,5,Si
2325,IA_facil,19,Empate,7,Si
2325,IA_medio,18,Derrota,5,Si
2325,IA_dificil,19,Empate,5,Si
2326,IA_facil,18,Derrota,5,Si
2326,IA_medio,20,Derrota,9,Si
2326,IA_dificil,21,Victoria,5,Si
2327,IA_facil,19,Victoria,7,Si
2327,IA_medio,18,Derrota,5,Si
2327,IA_dificil,17,Derrota,9,Si
2328,IA_facil,18,Derrota,4,Si
2328,IA_medio,19,Victoria,5,Si
2328,IA_dificil,18,Derrota,4,Si
2329,IA_facil,18,Victoria,5,Si
2329,IA_medio,22,Derrota,5,Si
2329,IA_dificil,22,Derrota,7,Si
2330,IA_facil,20,Empate,5,Si
2330,IA_medio,20,Empate,9,Si
2330,IA_dificil,17,Derrota,5,Si
2331,IA_facil,21,Victoria,5,Si
2331,IA_medio,17,Derrota,4,Si
2331,IA_dificil,19,Derrota,4,Si
2332,IA_facil,17,Derrota,7,Si
2332,IA_medio,17,Derrota,4,Si
2332,IA_dificil,19,Victoria,6,Si
2333,IA_facil,18,Victoria,5,Si
2333,IA_medio,17,Derrota,4,Si
2333,IA_dificil,17,Derrota,4,Si
2334,IA_facil,21,Victoria,5,Si
2334,IA_medio,17,Derrota,6,Si
2334,IA_dificil,17,Derrota,3,Si
2335,IA_facil,19,Derrota,6,Si
2335,IA_medio,19,Derrota,4,Si
2335,IA_dificil,21,Victoria,6,Si
2336,IA_facil,17,Derrota,6,Si
2336,IA_medio,18,Victoria,4,Si
2336,IA_dificil,17,Derrota,5,Si
2337,IA_facil,19,Victoria,5,Si
2337,IA_medio,22,Derrota,6,Si
2337,IA_dificil,18,Derrota,6,Si
2338,IA_facil,20,Victoria,5,Si
2338,IA_medio,25,Derrota,7,Si
2338,IA_dificil,22,Derrota,6,Si
2339,IA_facil,22,Derrota,6,Si
2339,IA_medio,20,Victoria,4,Si
2339,IA_dificil,19,Derrota,4,Si
2340,IA_facil,18,Victoria,4,Si
2340,IA_medio,22,Derrota,6,Si
2340,IA_dificil,22,Derrota,7,Si
2341,IA_facil,19,Victoria,5,Si
2341,IA_medio,24,Derrota,8,Si
2341,IA_dificil,22,Derrota,4,Si
2342,IA_facil,17,Derrota,4,Si
2342,IA_medio,17,Derrota,4,Si
2342,IA_dificil,18,Victoria,6,Si
2343,IA_facil,21,Victoria,7,Si
2343,IA_medio,20,Derrota,5,Si
2343,IA_dificil,17,Derrota,4,Si
2344,IA_facil,18,Derrota,7,Si
2344,IA_medio,23,Derrota,5,Si
2344,IA_dificil,20,Victoria,5,Si
2345,IA_facil,20,Victoria,6,Si
2345,IA_medio,19,Derrota,4,Si
2345,IA_dificil,19,Derrota,4,Si
2346,IA_facil,17,Victoria,4,Si
2346,IA_medio,23,Derrota,7,Si
2346,IA_dificil,23,Derrota,6,Si
2347,IA_facil,19,Derrota,5,Si
2347,IA_medio,17,Derrota,4,Si
2347,IA_dificil,21,Victoria,6,Si
2348,IA_facil,17,Derrota,4,Si
2348,IA_medio,17,Derrota,6,Si
2348,IA_dificil,18,Victoria,4,Si
2349,IA_facil,17,Derrota,5,Si
2349,IA_medio,21,Empate,7,Si
2349,IA_dificil,21,Empate,5,Si
2350,IA_facil,18,Derrota,5,Si
2350,IA_medio,17,Derrota,8,Si
2350,IA_dificil,20,Victoria,6,Si
2351,IA_facil,17,Derrota,6,Si
2351,IA_medio,21,Victoria,5,Si
2351,IA_dificil,17,Derrota,9,Si
2352,IA_facil,19,Victoria,6,Si
2352,IA_medio,25,Derrota,7,Si
2352,IA_dificil,18,Derrota,6,Si
2353,IA_facil,17,Derrota,4,Si
2353,IA_medio,19,Victoria,5,Si
2353,IA_dificil,18,Derrota,5,Si
2354,IA_facil,21,Victoria,7,Si
2354,IA_medio,19,Derrota,7,Si
2354,IA_dificil,19,Derrota,6,Si
2355,IA_facil,18,Victoria,4,Si
2355,IA_medio,24,Derrota,5,Si
2355,IA_dificil,17,Derrota,4,Si
2356,IA_facil,19,Derrota,5,Si
2356,IA_medio,19,Derrota,6,Si
2356,IA_dificil,20,Victoria,6,Si
2357,IA_facil,19,Derrota,5,Si
2357,IA_medio,20,Victoria,6,Si
2357,IA_dificil,19,Derrota,6,Si
2358,IA_facil,18,Derrota,6,Si
2358,IA_medio,21,Victoria,8,Si
2358,IA_dificil,22,Derrota,6,Si
2359,IA_facil,17,Derrota,7,Si
2359,IA_medio,19,Victoria,5,Si
2359,IA_dificil,22,Derrota,7,Si
2360,IA_facil,20,Empate,9,Si
2360,IA_medio,25,Derrota,5,Si
2360,IA_dificil,20,Empate,6,Si
2361,IA_facil,18,Empate,6,Si
2361,IA_medio,22,Derrota,4,Si
2361,IA_dificil,18,Empate,6,Si
2362,IA_facil,21,Victoria,5,Si
2362,IA_medio,19,Derrota,5,Si
2362,IA_dificil,17,Derrota,4,Si
2363,IA_facil,17,Derrota,6,Si
2363,IA_medio,19,Victoria,4,Si
2363,IA_dificil,17,Derrota,6,Si
2364,IA_facil,19,Derrota,7,Si
2364,IA_medio,17,Derrota,4,Si
2364,IA_dificil,21,Victoria,7,Si
2365,IA_facil,21,Victoria,5,Si
2365,IA_medio,24,Derrota,6,Si
2365,IA_dificil,22,Derrota,7,Si
2366,IA_facil,17,Victoria,6,Si
2366,IA_medio,23,Derrota,8,Si
2366,IA_dificil,24,Derrota,5,Si
2367,IA_facil,19,Derrota,6,Si
2367,IA_medio,20,Victoria,5,Si
2367,IA_dificil,17,Derrota,5,Si
2368,IA_facil,19,Victoria,7,Si
2368,IA_medio,18,Derrota,5,Si
2368,IA_dificil,22,Derrota,6,Si
2369,IA_facil,17,Derrota,4,Si
2369,IA_medio,22,Derrota,7,Si
2369,IA_dificil,20,Victoria,5,Si
2370,IA_facil,17,Derrota,5,Si
2370,IA_medio,18,Derrota,4,Si
2370,IA_dificil,20,Victoria,4,Si
2371,IA_facil,19,Victoria,5,Si
2371,IA_medio,18,Derrota,5,Si
2371,IA_dificil,17,Derrota,4,Si
2372,IA_facil,17,Empate,4,Si
2372,IA_medio,17,Empate,3,Si
2372,IA_dificil,22,Derrota,6,Si
2373,IA_facil,19,Victoria,5,Si
2373,IA_medio,17,Derrota,5,Si
2373,IA_dificil,22,Derrota,6,Si
2374,IA_facil,19,Victoria,4,Si
2374,IA_medio,17,Derrota,4,Si
2374,IA_dificil,17,Derrota,7,Si
2375,IA_facil,19,Derrota,7,Si
2375,IA_medio,20,Victoria,4,Si
2375,IA_dificil,18,Derrota,4,Si
2376,IA_facil,17,Derrota,5,Si
2376,IA_medio,21,Victoria,9,Si
2376,IA_dificil,18,Derrota,5,Si
2377,IA_facil,20,Victoria,6,Si
2377,IA_medio,19,Derrota,4,Si
2377,IA_dificil,18,Derrota,5,Si
2378,IA_facil,20,Victoria,5,Si
2378,IA_medio,22,Derrota,7,Si
2378,IA_dificil,19,Derrota,5,Si
2379,IA_facil,19,Derrota,5,Si
2379,IA_medio,21,Victoria,7,Si
2379,IA_dificil,18,Derrota,6,Si
2380,IA_facil,20,Derrota,6,Si
2380,IA_medio,17,Derrota,5,Si
2380,IA_dificil,21,Victoria,5,Si
2381,IA_facil,19,Derrota,6,Si
2381,IA_medio,20,Victoria,8,Si
2381,IA_dificil,17,Derrota,4,Si
2382,IA_facil,18,Derrota,10,Si
2382,IA_medio,19,Empate,6,Si
2382,IA_dificil,19,Empate,5,Si
2383,IA_facil,18,Derrota,5,Si
2383,IA_medio,20,Victoria,6,Si
2383,IA_dificil,25,Derrota,7,Si
2384,IA_facil,19,Victoria,8,Si
2384,IA_medio,18,Derrota,5,Si
2384,IA_dificil,17,Derrota,5,Si
2385,IA_facil,19,Derrota,4,Si
2385,IA_medio,23,Derrota,6,Si
2385,IA_dificil,20,Victoria,7,Si
2386,IA_facil,17,Derrota,6,Si
2386,IA_medio,17,Derrota,4,Si
2386,IA_dificil,20,Victoria,7,Si
2387,IA_facil,18,Derrota,6,Si
2387,IA_medio,21,Victoria,4,Si
2387,IA_dificil,22,Derrota,6,Si
2388,IA_facil,19,Derrota,6,Si
2388,IA_medio,21,Victoria,8,Si
2388,IA_dificil,18,Derrota,4,Si
2389,IA_facil,18,Derrota,5,Si
2389,IA_medio,17,Derrota,5,Si
2389,IA_dificil,19,Victoria,4,Si
2390,IA_facil,18,Derrota,5,Si
2390,IA_medio,19,Victoria,5,Si
2390,IA_dificil,17,Derrota,5,Si
2391,IA_facil,18,Empate,6,Si
2391,IA_medio,18,Empate,5,Si
2391,IA_dificil,22,Derrota,6,Si
2392,IA_facil,18,Derrota,5,Si
2392,IA_medio,24,Derrota,6,Si
2392,IA_dificil,21,Victoria,6,Si
2393,IA_facil,20,Empate,6,Si
2393,IA_medio,19,Derrota,4,Si
2393,IA_dificil,20,Empate,6,Si
2394,IA_facil,20,Derrota,6,Si
2394,IA_medio,21,Victoria,5,Si
2394,IA_dificil,19,Derrota,6,Si
2395,IA_facil,22,Derrota,5,Si
2395,IA_medio,18,Derrota,5,Si
2395,IA_dificil,20,Victoria,6,Si
2396,IA_facil,18,Derrota,3,Si
2396,IA_medio,20,Empate,4,Si
2396,IA_dificil,20,Empate,7,Si
2397,IA_facil,17,Derrota,5,Si
2397,IA_medio,19,Empate,7,Si
2397,IA_dificil,19,Empate,7,Si
2398,IA_facil,18,Derrota,6,Si
2398,IA_medio,17,Derrota,6,Si
2398,IA_dificil,19,Victoria,4,Si
2399,IA_facil,18,Derrota,7,Si
2399,IA_medio,18,Derrota,5,Si
2399,IA_dificil,21,Victoria,6,Si
2400,IA_facil,20,Empate,5,Si
2400,IA_medio,20,Empate,5,Si
2400,IA_dificil,19,Derrota,5,Si
2401,IA_facil,18,Derrota,6,Si
2401,IA_medio,17,Derrota,7,Si
2401,IA_dificil,19,Victoria,6,Si
2402,IA_facil,20,Victoria,5,Si
2402,IA_medio,17,Derrota,4,Si
2402,IA_dificil,17,Derrota,5,Si
2403,IA_facil,18,Derrota,4,Si
2403,IA_medio,20,Empate,6,Si
2403,IA_dificil,20,Empate,6,Si
2404,IA_facil,18,Derrota,5,Si
2404,IA_medio,19,Empate,5,Si
2404,IA_dificil,19,Empate,5,Si
2405,IA_facil,18,Derrota,5,Si
2405,IA_medio,18,Derrota,6,Si
2405,IA_dificil,19,Victoria,6,Si
2406,IA_facil,18,Derrota,5,Si
2406,IA_medio,20,Empate,5,Si
2406,IA_dificil,20,Empate,5,Si
2407,IA_facil,17,Derrota,5,Si
2407,IA_medio,19,Derrota,6,Si
2407,IA_dificil,21,Victoria,6,Si
2408,IA_facil,20,Derrota,7,Si
2408,IA_medio,21,Victoria,6,Si
2408,IA_dificil,22,Derrota,5,Si
2409,IA_facil,20,Victoria,4,Si
2409,IA_medio,17,Derrota,3,Si
2409,IA_dificil,17,Derrota,5,Si
2410,IA_facil,18,Derrota,4,Si
2410,IA_medio,20,Victoria,5,Si
2410,IA_dificil,18,Derrota,6,Si
2411,IA_facil,21,Victoria,5,Si
2411,IA_medio,18,Derrota,5,Si
2411,IA_dificil,18,Derrota,4,Si
2412,IA_facil,22,Derrota,6,Si
2412,IA_medio,23,Derrota,9,Si
2412,IA_dificil,20,Victoria,6,Si
2413,IA_facil,20,Victoria,5,Si
2413,IA_medio,22,Derrota,6,Si
2413,IA_dificil,17,Derrota,7,Si
2414,IA_facil,18,Derrota,5,Si
2414,IA_medio,17,Derrota,7,Si
2414,IA_dificil,19,Victoria,4,Si
2415,IA_facil,18,Derrota,4,Si
2415,IA_medio,20,Victoria,4,Si
2415,IA_dificil,18,Derrota,5,Si
2416,IA_facil,19,Derrota,5,Si
2416,IA_medio,22,Derrota,5,Si
2416,IA_dificil,21,Victoria,5,Si
2417,IA_facil,18,Empate,6,Si
2417,IA_medio,18,Empate,5,Si
2417,IA_dificil,18,Empate,4,Si
2418,IA_facil,19,Derrota,7,Si
2418,IA_medio,20,Victoria,6,Si
2418,IA_dificil,18,Derrota,5,Si
2419,IA_facil,19,Derrota,5,Si
2419,IA_medio,20,Victoria,8,Si
2419,IA_dificil,25,Derrota,7,Si
2420,IA_facil,17,Derrota,4,Si
2420,IA_medio,20,Victoria,6,Si
2420,IA_dificil,17,Derrota,5,Si
2421,IA_facil,19,Victoria,4,Si
2421,IA_medio,17,Derrota,3,Si
2421,IA_dificil,18,Derrota,6,Si
2422,IA_facil,19,Victoria,7,Si
2422,IA_medio,17,Derrota,5,Si
2422,IA_dificil,18,Derrota,4,Si
2423,IA_facil,20,Empate,6,Si
2423,IA_medio,20,Empate,6,Si
2423,IA_dificil,25,Derrota,9,Si
2424,IA_facil,18,Derrota,4,Si
2424,IA_medio,20,Victoria,6,Si
2424,IA_dificil,17,Derrota,6,Si
2425,IA_facil,17,Derrota,4,Si
2425,IA_medio,21,Victoria,6,Si
2425,IA_dificil,18,Derrota,4,Si
2426,IA_facil,20,Empate,4,Si
2426,IA_medio,19,Derrota,6,Si
2426,IA_dificil,20,Empate,6,Si
2427,IA_facil,18,Derrota,4,Si
2427,IA_medio,18,Derrota,8,Si
2427,IA_dificil,20,Victoria,6,Si
2428,IA_facil,19,Derrota,4,Si
2428,IA_medio,21,Empate,6,Si
2428,IA_dificil,21,Empate,6,Si
2429,IA_facil,21,Empate,8,Si
2429,IA_medio,21,Empate,6,Si
2429,IA_dificil,18,Derrota,5,Si
2430,IA_facil,21,Victoria,6,Si
2430,IA_medio,19,Derrota,7,Si
2430,IA_dificil,18,Derrota,4,Si
2431,IA_facil,17,Derrota,4,Si
2431,IA_medio,17,Derrota,4,Si
2431,IA_dificil,18,Victoria,5,Si
2432,IA_facil,18,Derrota,5,Si
2432,IA_medio,20,Victoria,6,Si
2432,IA_dificil,19,Derrota,6,Si
2433,IA_facil,19,Derrota,7,Si
2433,IA_medio,22,Derrota,5,Si
2433,IA_dificil,21,Victoria,5,Si
2434,IA_facil,17,Derrota,3,Si
2434,IA_medio,18,Empate,5,Si
2434,IA_dificil,18,Empate,5,Si
2435,IA_facil,18,Derrota,6,Si
2435,IA_medio,23,Derrota,6,Si
2435,IA_dificil,20,Victoria,5,Si
2436,IA_facil,17,Derrota,5,Si
2436,IA_medio,20,Derrota,6,Si
2436,IA_dificil,21,Victoria,5,Si
2437,IA_facil,19,Victoria,5,Si
2437,IA_medio,17,Derrota,6,Si
2437,IA_dificil,17,Derrota,6,Si
2438,IA_facil,17,Derrota,5,Si
2438,IA_medio,21,Empate,9,Si
2438,IA_dificil,21,Empate,6,Si
2439,IA_facil,18,Empate,3,Si
2439,IA_medio,22,Derrota,7,Si
2439,IA_dificil,18,Empate,7,Si
2440,IA_facil,21,Victoria,6,Si
2440,IA_medio,18,Derrota,9,Si
2440,IA_dificil,19,Derrota,5,Si
2441,IA_facil,17,Derrota,5,Si
2441,IA_medio,19,Derrota,10,Si
2441,IA_dificil,20,Victoria,7,Si
2442,IA_facil,19,Empate,6,Si
2442,IA_medio,18,Derrota,5,Si
2442,IA_dificil,19,Empate,5,Si
2443,IA_facil,19,Victoria,5,Si
2443,IA_medio,18,Derrota,5,Si
2443,IA_dificil,22,Derrota,6,Si
2444,IA_facil,18,Derrota,5,Si
2444,IA_medio,22,Derrota,5,Si
2444,IA_dificil,21,Victoria,7,Si
2445,IA_facil,20,Derrota,5,Si
2445,IA_medio,21,Victoria,5,Si
2445,IA_dificil,17,Derrota,5,Si
2446,IA_facil,20,Victoria,7,Si
2446,IA_medio,24,Derrota,7,Si
2446,IA_dificil,19,Derrota,4,Si
2447,IA_facil,19,Victoria,4,Si
2447,IA_medio,18,Derrota,8,Si
2447,IA_dificil,22,Derrota,5,Si
2448,IA_facil,21,Empate,4,Si
2448,IA_medio,20,Derrota,4,Si
2448,IA_dificil,21,Empate,6,Si
2449,IA_facil,20,Derrota,6,Si
2449,IA_medio,20,Derrota,5,Si
2449,IA_dificil,21,Victoria,5,Si
2450,IA_facil,19,Derrota,6,Si
2450,IA_medio,21,Victoria,6,Si
2450,IA_dificil,18,Derrota,6,Si
2451,IA_facil,17,Derrota,6,Si
2451,IA_medio,20,Derrota,7,Si
2451,IA_dificil,21,Victoria,6,Si
2452,IA_facil,17,Derrota,6,Si
2452,IA_medio,17,Derrota,5,Si
2452,IA_dificil,20,Victoria,7,Si
2453,IA_facil,19,Empate,5,Si
2453,IA_medio,24,Derrota,6,Si
2453,IA_dificil,19,Empate,5,Si
2454,IA_facil,20,Empate,6,Si
2454,IA_medio,20,Empate,7,Si
2454,IA_dificil,17,Derrota,5,Si
2455,IA_facil,19,Empate,5,Si
2455,IA_medio,19,Empate,5,Si
2455,IA_dificil,22,Derrota,6,Si
2456,IA_facil,20,Victoria,6,Si
2456,IA_medio,25,Derrota,7,Si
2456,IA_dificil,19,Derrota,4,Si
2457,IA_facil,19,Derrota,6,Si
2457,IA_medio,19,Derrota,5,Si
2457,IA_dificil,20,Victoria,5,Si
2458,IA_facil,22,Derrota,6,Si
2458,IA_medio,17,Victoria,7,Si
2458,IA_dificil,24,Derrota,7,Si
2459,IA_facil,17,Derrota,6,Si
2459,IA_medio,23,Derrota,6,Si
2459,IA_dificil,18,Victoria,5,Si
2460,IA_facil,22,Derrota,4,Si
2460,IA_medio,17,Derrota,6,Si
2460,IA_dificil,20,Victoria,8,Si
2461,IA_facil,19,Victoria,5,Si
2461,IA_medio,18,Derrota,6,Si
2461,IA_dificil,17,Derrota,5,Si
2462,IA_facil,17,Derrota,6,Si
2462,IA_medio,22,Derrota,7,Si
2462,IA_dificil,21,Victoria,7,Si
2463,IA_facil,21,Victoria,4,Si
2463,IA_medio,20,Derrota,7,Si
2463,IA_dificil,22,Derrota,6,Si
2464,IA_facil,18,Derrota,5,Si
2464,IA_medio,19,Empate,5,Si
2464,IA_dificil,19,Empate,6,Si
2465,IA_facil,19,Derrota,7,Si
2465,IA_medio,21,Empate,5,Si
2465,IA_dificil,21,Empate,5,Si
2466,IA_facil,17,Derrota,5,Si
2466,IA_medio,20,Victoria,7,Si
2466,IA_dificil,19,Derrota,6,Si
2467,IA_facil,18,Derrota,6,Si
2467,IA_medio,17,Derrota,7,Si
2467,IA_dificil,21,Victoria,8,Si
2468,IA_facil,17,Derrota,6,Si
2468,IA_medio,20,Victoria,5,Si
2468,IA_dificil,19,Derrota,6,Si
2469,IA_facil,19,Derrota,6,Si
2469,IA_medio,20,Victoria,4,Si
2469,IA_dificil,22,Derrota,4,Si
2470,IA_facil,21,Victoria,7,Si
2470,IA_medio,20,Derrota,6,Si
2470,IA_dificil,20,Derrota,5,Si
2471,IA_facil,22,Derrota,6,Si
2471,IA_medio,19,Victoria,5,Si
2471,IA_dificil,22,Derrota,6,Si
2472,IA_facil,21,Victoria,6,Si
2472,IA_medio,17,Derrota,4,Si
2472,IA_dificil,17,Derrota,5,Si
2473,IA_facil,17,Derrota,5,Si
2473,IA_medio,20,Victoria,7,Si
2473,IA_dificil,23,Derrota,5,Si
2474,IA_facil,17,Empate,4,Si
2474,IA_medio,17,Empate,6,Si
2474,IA_dificil,22,Derrota,7,Si
2475,IA_facil,18,Empate,5,Si
2475,IA_medio,22,Derrota,5,Si
2475,IA_dificil,18,Empate,6,Si
2476,IA_facil,18,Derrota,4,Si
2476,IA_medio,18,Derrota,4,Si
2476,IA_dificil,21,Victoria,5,Si
2477,IA_facil,19,Empate,4,Si
2477,IA_medio,19,Empate,7,Si
2477,IA_dificil,18,Derrota,5,Si
2478,IA_facil,19,Derrota,5,Si
2478,IA_medio,21,Victoria,6,Si
2478,IA_dificil,19,Derrota,5,Si
2479,IA_facil,19,Derrota,6,Si
2479,IA_medio,20,Victoria,6,Si
2479,IA_dificil,18,Derrota,5,Si
2480,IA_facil,20,Derrota,8,Si
2480,IA_medio,21,Victoria,7,Si
2480,IA_dificil,22,Derrota,5,Si
2481,IA_facil,18,Derrota,4,Si
2481,IA_medio,17,Derrota,3,Si
2481,IA_dificil,20,Victoria,4,Si
2482,IA_facil,19,Victoria,5,Si
2482,IA_medio,17,Derrota,6,Si
2482,IA_dificil,18,Derrota,4,Si
2483,IA_facil,17,Derrota,4,Si
2483,IA_medio,21,Victoria,6,Si
2483,IA_dificil,18,Derrota,4,Si
2484,IA_facil,18,Victoria,5,Si
2484,IA_medio,23,Derrota,9,Si
2484,IA_dificil,17,Derrota,3,Si
2485,IA_facil,17,Derrota,7,Si
2485,IA_medio,22,Derrota,8,Si
2485,IA_dificil,18,Victoria,4,Si
2486,IA_facil,19,Derrota,5,Si
2486,IA_medio,21,Victoria,6,Si
2486,IA_dificil,17,Derrota,8,Si
2487,IA_facil,17,Derrota,4,Si
2487,IA_medio,21,Victoria,5,Si
2487,IA_dificil,20,Derrota,6,Si
2488,IA_facil,18,Derrota,4,Si
2488,IA_medio,21,Victoria,5,Si
2488,IA_dificil,24,Derrota,6,Si
2489,IA_facil,18,Derrota,5,Si
2489,IA_medio,21,Victoria,7,Si
2489,IA_dificil,17,Derrota,4,Si
2490,IA_facil,17,Derrota,5,Si
2490,IA_medio,23,Derrota,7,Si
2490,IA_dificil,20,Victoria,6,Si
2491,IA_facil,18,Derrota,6,Si
2491,IA_medio,20,Victoria,5,Si
2491,IA_dificil,18,Derrota,6,Si
2492,IA_facil,18,Derrota,6,Si
2492,IA_medio,17,Derrota,6,Si
2492,IA_dificil,21,Victoria,6,Si
2493,IA_facil,18,Derrota,6,Si
2493,IA_medio,21,Victoria,6,Si
2493,IA_dificil,20,Derrota,7,Si
2494,IA_facil,21,Victoria,5,Si
2494,IA_medio,20,Derrota,5,Si
2494,IA_dificil,22,Derrota,6,Si
2495,IA_facil,20,Victoria,6,Si
2495,IA_medio,17,Derrota,6,Si
2495,IA_dificil,23,Derrota,9,Si
2496,IA_facil,21,Victoria,6,Si
2496,IA_medio,20,Derrota,6,Si
2496,IA_dificil,24,Derrota,7,Si
2497,IA_facil,22,Derrota,6,Si
2497,IA_medio,21,Victoria,6,Si
2497,IA_dificil,22,Derrota,6,Si
2498,IA_facil,18,Empate,5,Si
2498,IA_medio,18,Empate,4,Si
2498,IA_dificil,17,Derrota,7,Si
2499,IA_facil,20,Empate,6,Si
2499,IA_medio,19,Derrota,4,Si
2499,IA_dificil,20,Empate,6,Si
2500,IA_facil,19,Derrota,4,Si
2500,IA_medio,20,Victoria,7,Si
2500,IA_dificil,23,Derrota,4,Si
2501,IA_facil,20,Derrota,8,Si
2501,IA_medio,21,Victoria,6,Si
2501,IA_dificil,17,Derrota,4,Si
2502,IA_facil,18,Derrota,7,Si
2502,IA_medio,20,Victoria,6,Si
2502,IA_dificil,22,Derrota,5,Si
2503,IA_facil,20,Derrota,6,Si
2503,IA_medio,22,Derrota,7,Si
2503,IA_dificil,21,Victoria,6,Si
2504,IA_facil,17,Derrota,5,Si
2504,IA_medio,20,Empate,4,Si
2504,IA_dificil,20,Empate,6,Si
2505,IA_facil,18,Derrota,7,Si
2505,IA_medio,22,Derrota,7,Si
2505,IA_dificil,19,Victoria,8,Si
2506,IA_facil,19,Victoria,4,Si
2506,IA_medio,22,Derrota,6,Si
2506,IA_dificil,18,Derrota,4,Si
2507,IA_facil,19,Derrota,7,Si
2507,IA_medio,17,Derrota,5,Si
2507,IA_dificil,20,Victoria,5,Si
2508,IA_facil,20,Victoria,5,Si
2508,IA_medio,17,Derrota,5,Si
2508,IA_dificil,18,Derrota,5,Si
2509,IA_facil,19,Derrota,6,Si
2509,IA_medio,22,Derrota,9,Si
2509,IA_dificil,21,Victoria,8,Si
2510,IA_facil,18,Derrota,4,Si
2510,IA_medio,20,Victoria,8,Si
2510,IA_dificil,18,Derrota,4,Si
2511,IA_facil,18,Victoria,6,Si
2511,IA_medio,17,Derrota,4,Si
2511,IA_dificil,17,Derrota,4,Si
2512,IA_facil,18,Derrota,5,Si
2512,IA_medio,21,Empate,5,Si
2512,IA_dificil,21,Empate,6,Si
2513,IA_facil,19,Derrota,4,Si
2513,IA_medio,18,Derrota,5,Si
2513,IA_dificil,20,Victoria,6,Si
2514,IA_facil,19,Empate,7,Si
2514,IA_medio,19,Empate,5,Si
2514,IA_dificil,17,Derrota,4,Si
2515,IA_facil,20,Empate,6,Si
2515,IA_medio,20,Empate,6,Si
2515,IA_dificil,18,Derrota,6,Si
2516,IA_facil,17,Derrota,6,Si
2516,IA_medio,23,Derrota,5,Si
2516,IA_dificil,20,Victoria,5,Si
2517,IA_facil,19,Empate,4,Si
2517,IA_medio,24,Derrota,6,Si
2517,IA_dificil,19,Empate,7,Si
2518,IA_facil,18,Derrota,7,Si
2518,IA_medio,17,Derrota,6,Si
2518,IA_dificil,19,Victoria,6,Si
2519,IA_facil,22,Derrota,6,Si
2519,IA_medio,19,Victoria,7,Si
2519,IA_dificil,22,Derrota,5,Si
2520,IA_facil,17,Empate,4,Si
2520,IA_medio,17,Empate,3,Si
2520,IA_dificil,22,Derrota,6,Si
2521,IA_facil,21,Victoria,5,Si
2521,IA_medio,18,Derrota,5,Si
2521,IA_dificil,19,Derrota,5,Si
2522,IA_facil,17,Derrota,6,Si
2522,IA_medio,21,Victoria,7,Si
2522,IA_dificil,18,Derrota,3,Si
2523,IA_facil,19,Derrota,7,Si
2523,IA_medio,17,Derrota,5,Si
2523,IA_dificil,20,Victoria,6,Si
2524,IA_facil,19,Empate,5,Si
2524,IA_medio,25,Derrota,6,Si
2524,IA_dificil,19,Empate,6,Si
2525,IA_facil,17,Derrota,4,Si
2525,IA_medio,21,Victoria,4,Si
2525,IA_dificil,17,Derrota,5,Si
2526,IA_facil,18,Derrota,5,Si
2526,IA_medio,21,Victoria,5,Si
2526,IA_dificil,18,Derrota,6,Si
2527,IA_facil,18,Derrota,6,Si
2527,IA_medio,21,Empate,6,Si
2527,IA_dificil,21,Empate,6,Si
2528,IA_facil,20,Empate,4,Si
2528,IA_medio,20,Empate,7,Si
2528,IA_dificil,20,Empate,8,Si
2529,IA_facil,17,Derrota,4,Si
2529,IA_medio,18,Derrota,6,Si
2529,IA_dificil,19,Victoria,5,Si
2530,IA_facil,17,Empate,5,Si
2530,IA_medio,17,Empate,4,Si
2530,IA_dificil,23,Derrota,5,Si
2531,IA_facil,17,Derrota,4,Si
2531,IA_medio,20,Derrota,6,Si
2531,IA_dificil,21,Victoria,8,Si
2532,IA_facil,17,Derrota,6,Si
2532,IA_medio,18,Empate,6,Si
2532,IA_dificil,18,Empate,5,Si
2533,IA_facil,18,Derrota,5,Si
2533,IA_medio,19,Victoria,4,Si
2533,IA_dificil,22,Derrota,6,Si
2534,IA_facil,18,Victoria,5,Si
2534,IA_medio,17,Derrota,5,Si
2534,IA_dificil,17,Derrota,5,Si
2535,IA_facil,17,Derrota,5,Si
2535,IA_medio,20,Victoria,6,Si
2535,IA_dificil,18,Derrota,6,Si
2536,IA_facil,17,Derrota,4,Si
2536,IA_medio,22,Derrota,5,Si
2536,IA_dificil,19,Victoria,4,Si
2537,IA_facil,18,Derrota,6,Si
2537,IA_medio,21,Victoria,5,Si
2537,IA_dificil,19,Derrota,6,Si
2538,IA_facil,21,Victoria,5,Si
2538,IA_medio,19,Derrota,4,Si
2538,IA_dificil,18,Derrota,5,Si
2539,IA_facil,22,Derrota,6,Si
2539,IA_medio,22,Derrota,6,Si
2539,IA_dificil,23,Derrota,6,Si
2540,IA_facil,17,Derrota,4,Si
2540,IA_medio,21,Victoria,5,Si
2540,IA_dificil,18,Derrota,5,Si
2541,IA_facil,18,Empate,6,Si
2541,IA_medio,18,Empate,5,Si
2541,IA_dificil,18,Empate,8,Si
2542,IA_facil,20,Victoria,4,Si
2542,IA_medio,19,Derrota,6,Si
2542,IA_dificil,17,Derrota,5,Si
2543,IA_facil,17,Derrota,4,Si
2543,IA_medio,18,Derrota,5,Si
2543,IA_dificil,20,Victoria,7,Si
2544,IA_facil,20,Victoria,6,Si
2544,IA_medio,18,Derrota,4,Si
2544,IA_dificil,19,Derrota,6,Si
2545,IA_facil,19,Victoria,6,Si
2545,IA_medio,17,Derrota,5,Si
2545,IA_dificil,18,Derrota,4,Si
2546,IA_facil,21,Empate,5,Si
2546,IA_medio,18,Derrota,5,Si
2546,IA_dificil,21,Empate,5,Si
2547,IA_facil,18,Derrota,5,Si
2547,IA_medio,21,Victoria,5,Si
2547,IA_dificil,22,Derrota,6,Si
2548,IA_facil,19,Derrota,7,Si
2548,IA_medio,23,Derrota,8,Si
2548,IA_dificil,21,Victoria,5,Si
2549,IA_facil,17,Derrota,6,Si
2549,IA_medio,24,Derrota,8,Si
2549,IA_dificil,18,Victoria,5,Si
2550,IA_facil,19,Derrota,5,Si
2550,IA_medio,17,Derrota,5,Si
2550,IA_dificil,21,Victoria,6,Si
2551,IA_facil,21,Victoria,9,Si
2551,IA_medio,20,Derrota,7,Si
2551,IA_dificil,18,Derrota,4,Si
2552,IA_facil,20,Empate,5,Si
2552,IA_medio,20,Empate,5,Si
2552,IA_dificil,19,Derrota,5,Si
2553,IA_facil,19,Derrota,4,Si
2553,IA_medio,20,Empate,6,Si
2553,IA_dificil,20,Empate,6,Si
2554,IA_facil,19,Derrota,4,Si
2554,IA_medio,23,Derrota,6,Si
2554,IA_dificil,20,Victoria,7,Si
2555,IA_facil,19,Empate,6,Si
2555,IA_medio,19,Empate,4,Si
2555,IA_dificil,22,Derrota,6,Si
2556,IA_facil,19,Victoria,6,Si
2556,IA_medio,22,Derrota,5,Si
2556,IA_dificil,17,Derrota,4,Si
2557,IA_facil,22,Derrota,6,Si
2557,IA_medio,19,Victoria,5,Si
2557,IA_dificil,18,Derrota,5,Si
2558,IA_facil,17,Derrota,7,Si
2558,IA_medio,18,Derrota,9,Si
2558,IA_dificil,20,Victoria,8,Si
2559,IA_facil,17,Derrota,4,Si
2559,IA_medio,20,Derrota,6,Si
2559,IA_dificil,21,Victoria,6,Si
2560,IA_facil,20,Derrota,4,Si
2560,IA_medio,21,Empate,6,Si
2560,IA_dificil,21,Empate,5,Si
2561,IA_facil,21,Empate,7,Si
2561,IA_medio,17,Derrota,4,Si
2561,IA_dificil,21,Empate,8,Si
2562,IA_facil,20,Derrota,5,Si
2562,IA_medio,21,Victoria,5,Si
2562,IA_dificil,20,Derrota,5,Si
2563,IA_facil,17,Derrota,4,Si
2563,IA_medio,19,Derrota,7,Si
2563,IA_dificil,20,Victoria,5,Si
2564,IA_facil,19,Derrota,6,Si
2564,IA_medio,21,Victoria,6,Si
2564,IA_dificil,17,Derrota,6,Si
2565,IA_facil,18,Derrota,5,Si
2565,IA_medio,17,Derrota,4,Si
2565,IA_dificil,19,Victoria,5,Si
2566,IA_facil,18,Derrota,6,Si
2566,IA_medio,20,Derrota,8,Si
2566,IA_dificil,21,Victoria,7,Si
2567,IA_facil,21,Victoria,7,Si
2567,IA_medio,19,Derrota,7,Si
2567,IA_dificil,22,Derrota,7,Si
2568,IA_facil,20,Victoria,4,Si
2568,IA_medio,19,Derrota,5,Si
2568,IA_dificil,19,Derrota,7,Si
2569,IA_facil,20,Derrota,5,Si
2569,IA_medio,21,Victoria,5,Si
2569,IA_dificil,18,Derrota,4,Si
2570,IA_facil,21,Victoria,5,Si
2570,IA_medio,19,Derrota,4,Si
2570,IA_dificil,17,Derrota,5,Si
2571,IA_facil,19,Derrota,5,Si
2571,IA_medio,21,Victoria,6,Si
2571,IA_dificil,20,Derrota,4,Si
2572,IA_facil,20,Empate,5,Si
2572,IA_medio,20,Empate,5,Si
2572,IA_dificil,17,Derrota,4,Si
2573,IA_facil,17,Derrota,6,Si
2573,IA_medio,20,Victoria,5,Si
2573,IA_dificil,23,Derrota,7,Si
2574,IA_facil,18,Derrota,6,Si
2574,IA_medio,23,Derrota,5,Si
2574,IA_dificil,19,Victoria,4,Si
2575,IA_facil,19,Victoria,5,Si
2575,IA_medio,22,Derrota,5,Si
2575,IA_dificil,18,Derrota,8,Si
2576,IA_facil,21,Empate,5,Si
2576,IA_medio,21,Empate,6,Si
2576,IA_dificil,21,Empate,6,Si
2577,IA_facil,17,Derrota,6,Si
2577,IA_medio,19,Victoria,4,Si
2577,IA_dificil,17,Derrota,5,Si
2578,IA_facil,20,Victoria,6,Si
2578,IA_medio,17,Derrota,4,Si
2578,IA_dificil,23,Derrota,5,Si
2579,IA_facil,17,Derrota,5,Si
2579,IA_medio,21,Victoria,6,Si
2579,IA_dificil,20,Derrota,6,Si
2580,IA_facil,22,Derrota,5,Si
2580,IA_medio,22,Derrota,5,Si
2580,IA_dificil,19,Victoria,6,Si
2581,IA_facil,18,Derrota,6,Si
2581,IA_medio,25,Derrota,6,Si
2581,IA_dificil,20,Victoria,6,Si
2582,IA_facil,17,Derrota,4,Si
2582,IA_medio,17,Derrota,4,Si
2582,IA_dificil,18,Victoria,5,Si
2583,IA_facil,17,Derrota,7,Si
2583,IA_medio,18,Victoria,6,Si
2583,IA_dificil,23,Derrota,5,Si
2584,IA_facil,17,Derrota,5,Si
2584,IA_medio,20,Empate,5,Si
2584,IA_dificil,20,Empate,4,Si
2585,IA_facil,19,Derrota,9,Si
2585,IA_medio,20,Victoria,5,Si
2585,IA_dificil,18,Derrota,7,Si
2586,IA_facil,17,Derrota,4,Si
2586,IA_medio,21,Victoria,6,Si
2586,IA_dificil,20,Derrota,5,Si
2587,IA_facil,19,Empate,5,Si
2587,IA_medio,19,Empate,5,Si
2587,IA_dificil,19,Empate,5,Si
2588,IA_facil,20,Victoria,4,Si
2588,IA_medio,22,Derrota,9,Si
2588,IA_dificil,18,Derrota,5,Si
2589,IA_facil,19,Derrota,7,Si
2589,IA_medio,18,Derrota,5,Si
2589,IA_dificil,20,Victoria,5,Si
2590,IA_facil,19,Empate,6,Si
2590,IA_medio,19,Empate,5,Si
2590,IA_dificil,24,Derrota,7,Si
2591,IA_facil,19,Empate,5,Si
2591,IA_medio,19,Empate,6,Si
2591,IA_dificil,18,Derrota,6,Si
2592,IA_facil,19,Victoria,5,Si
2592,IA_medio,22,Derrota,6,Si
2592,IA_dificil,24,Derrota,5,Si
2593,IA_facil,20,Derrota,5,Si
2593,IA_medio,17,Derrota,4,Si
2593,IA_dificil,21,Victoria,6,Si
2594,IA_facil,19,Derrota,6,Si
2594,IA_medio,21,Victoria,5,Si
2594,IA_dificil,20,Derrota,7,Si
2595,IA_facil,22,Derrota,7,Si
2595,IA_medio,21,Victoria,5,Si
2595,IA_dificil,18,Derrota,4,Si
2596,IA_facil,17,Victoria,5,Si
2596,IA_medio,22,Derrota,6,Si
2596,IA_dificil,22,Derrota,4,Si
2597,IA_facil,22,Derrota,6,Si
2597,IA_medio,20,Victoria,6,Si
2597,IA_dificil,19,Derrota,6,Si
2598,IA_facil,18,Derrota,5,Si
2598,IA_medio,18,Derrota,5,Si
2598,IA_dificil,19,Victoria,4,Si
2599,IA_facil,19,Derrota,4,Si
2599,IA_medio,20,Victoria,6,Si
2599,IA_dificil,17,Derrota,4,Si
2600,IA_facil,17,Derrota,5,Si
2600,IA_medio,20,Victoria,5,Si
2600,IA_dificil,19,Derrota,6,Si
2601,IA_facil,20,Derrota,6,Si
2601,IA_medio,20,Derrota,6,Si
2601,IA_dificil,21,Victoria,9,Si
2602,IA_facil,17,Derrota,5,Si
2602,IA_medio,21,Empate,6,Si
2602,IA_dificil,21,Empate,6,Si
2603,IA_facil,17,Derrota,4,Si
2603,IA_medio,18,Derrota,5,Si
2603,IA_dificil,20,Victoria,5,Si
2604,IA_facil,18,Derrota,5,Si
2604,IA_medio,17,Derrota,3,Si
2604,IA_dificil,20,Victoria,6,Si
2605,IA_facil,18,Victoria,4,Si
2605,IA_medio,22,Derrota,6,Si
2605,IA_dificil,22,Derrota,6,Si
2606,IA_facil,19,Derrota,6,Si
2606,IA_medio,22,Derrota,6,Si
2606,IA_dificil,21,Victoria,6,Si
2607,IA_facil,19,Victoria,5,Si
2607,IA_medio,24,Derrota,7,Si
2607,IA_dificil,23,Derrota,9,Si
2608,IA_facil,17,Derrota,4,Si
2608,IA_medio,20,Victoria,7,Si
2608,IA_dificil,18,Derrota,6,Si
2609,IA_facil,17,Derrota,5,Si
2609,IA_medio,21,Victoria,5,Si
2609,IA_dificil,20,Derrota,6,Si
2610,IA_facil,17,Derrota,4,Si
2610,IA_medio,20,Victoria,5,Si
2610,IA_dificil,18,Derrota,7,Si
2611,IA_facil,17,Empate,7,Si
2611,IA_medio,22,Derrota,6,Si
2611,IA_dificil,17,Empate,5,Si
2612,IA_facil,21,Victoria,7,Si
2612,IA_medio,19,Derrota,4,Si
2612,IA_dificil,17,Derrota,5,Si
2613,IA_facil,17,Derrota,6,Si
2613,IA_medio,18,Victoria,5,Si
2613,IA_dificil,24,Derrota,6,Si
2614,IA_facil,21,Empate,7,Si
2614,IA_medio,19,Derrota,6,Si
2614,IA_dificil,21,Empate,6,Si
2615,IA_facil,20,Victoria,5,Si
2615,IA_medio,25,Derrota,5,Si
2615,IA_dificil,18,Derrota,6,Si
2616,IA_facil,17,Derrota,6,Si
2616,IA_medio,19,Derrota,5,Si
2616,IA_dificil,21,Victoria,6,Si
2617,IA_facil,18,Derrota,4,Si
2617,IA_medio,17,Derrota,4,Si
2617,IA_dificil,21,Victoria,5,Si
2618,IA_facil,19,Derrota,4,Si
2618,IA_medio,23,Derrota,6,Si
2618,IA_dificil,21,Victoria,8,Si
2619,IA_facil,19,Derrota,6,Si
2619,IA_medio,21,Victoria,5,Si
2619,IA_dificil,20,Derrota,5,Si
2620,IA_facil,22,Derrota,7,Si
2620,IA_medio,21,Victoria,5,Si
2620,IA_dificil,17,Derrota,4,Si
2621,IA_facil,17,Derrota,6,Si
2621,IA_medio,18,Derrota,6,Si
2621,IA_dificil,19,Victoria,6,Si
2622,IA_facil,20,Empate,7,Si
2622,IA_medio,19,Derrota,7,Si
2622,IA_dificil,20,Empate,5,Si
2623,IA_facil,20,Empate,6,Si
2623,IA_medio,20,Empate,7,Si
2623,IA_dificil,20,Empate,6,Si
2624,IA_facil,17,Derrota,5,Si
2624,IA_medio,21,Victoria,7,Si
2624,IA_dificil,23,Derrota,7,Si
2625,IA_facil,19,Derrota,5,Si
2625,IA_medio,17,Derrota,4,Si
2625,IA_dificil,21,Victoria,5,Si
2626,IA_facil,17,Derrota,8,Si
2626,IA_medio,25,Derrota,6,Si
2626,IA_dificil,19,Victoria,5,Si
2627,IA_facil,18,Derrota,5,Si
2627,IA_medio,21,Victoria,5,Si
2627,IA_dificil,18,Derrota,5,Si
2628,IA_facil,17,Derrota,5,Si
2628,IA_medio,20,Victoria,6,Si
2628,IA_dificil,17,Derrota,5,Si
2629,IA_facil,19,Derrota,4,Si
2629,IA_medio,18,Derrota,9,Si
2629,IA_dificil,20,Victoria,5,Si
2630,IA_facil,18,Derrota,4,Si
2630,IA_medio,21,Victoria,7,Si
2630,IA_dificil,20,Derrota,6,Si
2631,IA_facil,19,Empate,5,Si
2631,IA_medio,19,Empate,5,Si
2631,IA_dificil,19,Empate,4,Si
2632,IA_facil,22,Derrota,5,Si
2632,IA_medio,18,Empate,5,Si
2632,IA_dificil,18,Empate,4,Si
2633,IA_facil,19,Derrota,5,Si
2633,IA_medio,20,Victoria,5,Si
2633,IA_dificil,18,Derrota,5,Si
2634,IA_facil,17,Empate,4,Si
2634,IA_medio,22,Derrota,7,Si
2634,IA_dificil,17,Empate,5,Si
2635,IA_facil,20,Derrota,5,Si
2635,IA_medio,21,Victoria,8,Si
2635,IA_dificil,22,Derrota,6,Si
2636,IA_facil,19,Derrota,8,Si
2636,IA_medio,21,Victoria,6,Si
2636,IA_dificil,22,Derrota,5,Si
2637,IA_facil,18,Victoria,4,Si
2637,IA_medio,17,Derrota,6,Si
2637,IA_dificil,23,Derrota,6,Si
2638,IA_facil,19,Derrota,6,Si
2638,IA_medio,17,Derrota,6,Si
2638,IA_dificil,20,Victoria,5,Si
2639,IA_facil,19,Derrota,5,Si
2639,IA_medio,20,Derrota,5,Si
2639,IA_dificil,21,Victoria,7,Si
2640,IA_facil,18,Derrota,6,Si
2640,IA_medio,22,Derrota,5,Si
2640,IA_dificil,19,Victoria,6,Si
2641,IA_facil,21,Empate,6,Si
2641,IA_medio,21,Empate,6,Si
2641,IA_dificil,20,Derrota,5,Si
2642,IA_facil,22,Derrota,6,Si
2642,IA_medio,17,Empate,4,Si
2642,IA_dificil,17,Empate,5,Si
2643,IA_facil,18,Derrota,6,Si
2643,IA_medio,17,Derrota,8,Si
2643,IA_dificil,21,Victoria,5,Si
2644,IA_facil,17,Derrota,6,Si
2644,IA_medio,21,Victoria,7,Si
2644,IA_dificil,24,Derrota,6,Si
2645,IA_facil,19,Derrota,5,Si
2645,IA_medio,21,Victoria,5,Si
2645,IA_dificil,17,Derrota,5,Si
2646,IA_facil,20,Victoria,9,Si
2646,IA_medio,18,Derrota,6,Si
2646,IA_dificil,22,Derrota,8,Si
2647,IA_facil,17,Derrota,6,Si
2647,IA_medio,20,Derrota,5,Si
2647,IA_dificil,21,Victoria,4,Si
2648,IA_facil,19,Empate,5,Si
2648,IA_medio,19,Empate,6,Si
2648,IA_dificil,17,Derrota,5,Si
2649,IA_facil,20,Victoria,6,Si
2649,IA_medio,19,Derrota,6,Si
2649,IA_dificil,19,Derrota,4,Si
2650,IA_facil,18,Victoria,5,Si
2650,IA_medio,17,Derrota,5,Si
2650,IA_dificil,23,Derrota,4,Si
2651,IA_facil,17,Derrota,5,Si
2651,IA_medio,20,Victoria,5,Si
2651,IA_dificil,18,Derrota,8,Si
2652,IA_facil,18,Victoria,5,Si
2652,IA_medio,17,Derrota,6,Si
2652,IA_dificil,25,Derrota,7,Si
2653,IA_facil,20,Derrota,5,Si
2653,IA_medio,21,Empate,7,Si
2653,IA_dificil,21,Empate,5,Si
2654,IA_facil,19,Derrota,6,Si
2654,IA_medio,18,Derrota,8,Si
2654,IA_dificil,20,Victoria,5,Si
2655,IA_facil,17,Derrota,5,Si
2655,IA_medio,24,Derrota,5,Si
2655,IA_dificil,18,Victoria,7,Si
2656,IA_facil,18,Derrota,7,Si
2656,IA_medio,17,Derrota,5,Si
2656,IA_dificil,20,Victoria,5,Si
2657,IA_facil,18,Derrota,6,Si
2657,IA_medio,20,Derrota,6,Si
2657,IA_dificil,21,Victoria,7,Si
2658,IA_facil,18,Derrota,6,Si
2658,IA_medio,20,Empate,7,Si
2658,IA_dificil,20,Empate,4,Si
2659,IA_facil,17,Derrota,5,Si
2659,IA_medio,19,Victoria,5,Si
2659,IA_dificil,18,Derrota,4,Si
2660,IA_facil,19,Derrota,5,Si
2660,IA_medio,20,Victoria,4,Si
2660,IA_dificil,23,Derrota,5,Si
2661,IA_facil,22,Derrota,5,Si
2661,IA_medio,22,Derrota,4,Si
2661,IA_dificil,18,Victoria,6,Si
2662,IA_facil,19,Empate,5,Si
2662,IA_medio,19,Empate,4,Si
2662,IA_dificil,25,Derrota,7,Si
2663,IA_facil,18,Derrota,4,Si
2663,IA_medio,17,Derrota,4,Si
2663,IA_dificil,21,Victoria,4,Si
2664,IA_facil,19,Empate,6,Si
2664,IA_medio,19,Empate,5,Si
2664,IA_dificil,17,Derrota,8,Si
2665,IA_facil,18,Empate,6,Si
2665,IA_medio,18,Empate,4,Si
2665,IA_dificil,18,Empate,6,Si
2666,IA_facil,19,Victoria,7,Si
2666,IA_medio,18,Derrota,5,Si
2666,IA_dificil,22,Derrota,6,Si
2667,IA_facil,18,Victoria,5,Si
2667,IA_medio,22,Derrota,6,Si
2667,IA_dificil,17,Derrota,4,Si
2668,IA_facil,19,Victoria,5,Si
2668,IA_medio,18,Derrota,6,Si
2668,IA_dificil,17,Derrota,5,Si
2669,IA_facil,17,Derrota,6,Si
2669,IA_medio,20,Victoria,6,Si
2669,IA_dificil,17,Derrota,4,Si
2670,IA_facil,17,Derrota,4,Si
2670,IA_medio,20,Empate,5,Si
2670,IA_dificil,20,Empate,6,Si
2671,IA_facil,21,Victoria,6,Si
2671,IA_medio,22,Derrota,7,Si
2671,IA_dificil,19,Derrota,5,Si
2672,IA_facil,17,Derrota,6,Si
2672,IA_medio,20,Victoria,6,Si
2672,IA_dificil,18,Derrota,4,Si
2673,IA_facil,17,Derrota,6,Si
2673,IA_medio,22,Derrota,7,Si
2673,IA_dificil,21,Victoria,5,Si
2674,IA_facil,17,Empate,8,Si
2674,IA_medio,22,Derrota,7,Si
2674,IA_dificil,17,Empate,4,Si
2675,IA_facil,17,Derrota,6,Si
2675,IA_medio,21,Empate,8,Si
2675,IA_dificil,21,Empate,6,Si
2676,IA_facil,19,Derrota,7,Si
2676,IA_medio,22,Derrota,6,Si
2676,IA_dificil,21,Victoria,6,Si
2677,IA_facil,19,Victoria,4,Si
2677,IA_medio,18,Derrota,7,Si
2677,IA_dificil,22,Derrota,5,Si
2678,IA_facil,22,Derrota,7,Si
2678,IA_medio,21,Victoria,5,Si
2678,IA_dificil,22,Derrota,5,Si
2679,IA_facil,21,Empate,6,Si
2679,IA_medio,17,Derrota,4,Si
2679,IA_dificil,21,Empate,6,Si
2680,IA_facil,18,Derrota,4,Si
2680,IA_medio,20,Empate,6,Si
2680,IA_dificil,20,Empate,5,Si
2681,IA_facil,18,Derrota,7,Si
2681,IA_medio,20,Empate,7,Si
2681,IA_dificil,20,Empate,5,Si
2682,IA_facil,19,Derrota,4,Si
2682,IA_medio,20,Empate,6,Si
2682,IA_dificil,20,Empate,6,Si
2683,IA_facil,17,Empate,4,Si
2683,IA_medio,17,Empate,6,Si
2683,IA_dificil,22,Derrota,6,Si
2684,IA_facil,19,Derrota,4,Si
2684,IA_medio,19,Derrota,5,Si
2684,IA_dificil,20,Victoria,5,Si
2685,IA_facil,18,Derrota,4,Si
2685,IA_medio,17,Derrota,7,Si
2685,IA_dificil,19,Victoria,4,Si
2686,IA_facil,18,Derrota,4,Si
2686,IA_medio,21,Victoria,5,Si
2686,IA_dificil,20,Derrota,7,Si
2687,IA_facil,21,Victoria,7,Si
2687,IA_medio,18,Derrota,4,Si
2687,IA_dificil,20,Derrota,7,Si
2688,IA_facil,17,Derrota,4,Si
2688,IA_medio,19,Victoria,5,Si
2688,IA_dificil,18,Derrota,6,Si
2689,IA_facil,19,Victoria,5,Si
2689,IA_medio,22,Derrota,6,Si
2689,IA_dificil,25,Derrota,6,Si
2690,IA_facil,20,Empate,6,Si
2690,IA_medio,20,Empate,5,Si
2690,IA_dificil,20,Empate,6,Si
2691,IA_facil,17,Derrota,7,Si
2691,IA_medio,21,Victoria,5,Si
2691,IA_dificil,17,Derrota,4,Si
2692,IA_facil,17,Empate,4,Si
2692,IA_medio,17,Empate,5,Si
2692,IA_dificil,17,Empate,4,Si
2693,IA_facil,20,Empate,6,Si
2693,IA_medio,23,Derrota,8,Si
2693,IA_dificil,20,Empate,6,Si
2694,IA_facil,19,Derrota,5,Si
2694,IA_medio,20,Empate,4,Si
2694,IA_dificil,20,Empate,6,Si
2695,IA_facil,18,Derrota,5,Si
2695,IA_medio,21,Victoria,5,Si
2695,IA_dificil,18,Derrota,7,Si
2696,IA_facil,18,Derrota,5,Si
2696,IA_medio,18,Derrota,4,Si
2696,IA_dificil,20,Victoria,6,Si
2697,IA_facil,17,Derrota,4,Si
2697,IA_medio,21,Victoria,7,Si
2697,IA_dificil,20,Derrota,5,Si
2698,IA_facil,19,Derrota,5,Si
2698,IA_medio,20,Victoria,4,Si
2698,IA_dificil,22,Derrota,5,Si
2699,IA_facil,20,Victoria,6,Si
2699,IA_medio,19,Derrota,4,Si
2699,IA_dificil,18,Derrota,6,Si
2700,IA_facil,18,Empate,5,Si
2700,IA_medio,18,Empate,7,Si
2700,IA_dificil,18,Empate,5,Si
2701,IA_facil,18,Empate,4,Si
2701,IA_medio,18,Empate,6,Si
2701,IA_dificil,22,Derrota,6,Si
2702,IA_facil,18,Victoria,5,Si
2702,IA_medio,17,Derrota,5,Si
2702,IA_dificil,17,Derrota,5,Si
2703,IA_facil,19,Empate,7,Si
2703,IA_medio,19,Empate,5,Si
2703,IA_dificil,19,Empate,6,Si
2704,IA_facil,18,Derrota,4,Si
2704,IA_medio,24,Derrota,5,Si
2704,IA_dificil,20,Victoria,4,Si
2705,IA_facil,19,Derrota,5,Si
2705,IA_medio,23,Derrota,6,Si
2705,IA_dificil,21,Victoria,5,Si
2706,IA_facil,19,Derrota,5,Si
2706,IA_medio,17,Derrota,6,Si
2706,IA_dificil,20,Victoria,9,Si
2707,IA_facil,17,Derrota,4,Si
2707,IA_medio,20,Derrota,7,Si
2707,IA_dificil,21,Victoria,5,Si
2708,IA_facil,17,Derrota,6,Si
2708,IA_medio,19,Derrota,5,Si
2708,IA_dificil,20,Victoria,6,Si
2709,IA_facil,20,Victoria,6,Si
2709,IA_medio,24,Derrota,7,Si
2709,IA_dificil,19,Derrota,6,Si
2710,IA_facil,21,Victoria,6,Si
2710,IA_medio,20,Derrota,6,Si
2710,IA_dificil,18,Derrota,6,Si
2711,IA_facil,20,Derrota,7,Si
2711,IA_medio,19,Derrota,4,Si
2711,IA_dificil,21,Victoria,4,Si
2712,IA_facil,22,Derrota,6,Si
2712,IA_medio,17,Victoria,5,Si
2712,IA_dificil,24,Derrota,6,Si
2713,IA_facil,18,Empate,5,Si
2713,IA_medio,24,Derrota,6,Si
2713,IA_dificil,18,Empate,5,Si
2714,IA_facil,19,Derrota,8,Si
2714,IA_medio,18,Derrota,6,Si
2714,IA_dificil,20,Victoria,5,Si
2715,IA_facil,18,Derrota,6,Si
2715,IA_medio,20,Victoria,9,Si
2715,IA_dificil,17,Derrota,4,Si
2716,IA_facil,17,Derrota,4,Si
2716,IA_medio,22,Derrota,5,Si
2716,IA_dificil,20,Victoria,6,Si
2717,IA_facil,18,Derrota,6,Si
2717,IA_medio,20,Victoria,7,Si
2717,IA_dificil,17,Derrota,7,Si
2718,IA_facil,17,Derrota,5,Si
2718,IA_medio,20,Victoria,7,Si
2718,IA_dificil,17,Derrota,5,Si
2719,IA_facil,17,Derrota,5,Si
2719,IA_medio,20,Empate,4,Si
2719,IA_dificil,20,Empate,6,Si
2720,IA_facil,19,Empate,5,Si
2720,IA_medio,19,Empate,6,Si
2720,IA_dificil,19,Empate,5,Si
2721,IA_facil,20,Victoria,4,Si
2721,IA_medio,18,Derrota,3,Si
2721,IA_dificil,19,Derrota,7,Si
2722,IA_facil,17,Derrota,4,Si
2722,IA_medio,21,Victoria,7,Si
2722,IA_dificil,20,Derrota,7,Si
2723,IA_facil,17,Derrota,6,Si
2723,IA_medio,22,Derrota,7,Si
2723,IA_dificil,18,Victoria,5,Si
2724,IA_facil,17,Derrota,5,Si
2724,IA_medio,17,Derrota,4,Si
2724,IA_dificil,18,Victoria,3,Si
2725,IA_facil,19,Victoria,7,Si
2725,IA_medio,18,Derrota,8,Si
2725,IA_dificil,23,Derrota,6,Si
2726,IA_facil,17,Victoria,6,Si
2726,IA_medio,24,Derrota,6,Si
2726,IA_dificil,22,Derrota,6,Si
2727,IA_facil,20,Victoria,4,Si
2727,IA_medio,22,Derrota,7,Si
2727,IA_dificil,23,Derrota,6,Si
2728,IA_facil,18,Victoria,8,Si
2728,IA_medio,17,Derrota,5,Si
2728,IA_dificil,22,Derrota,6,Si
2729,IA_facil,17,Derrota,6,Si
2729,IA_medio,20,Empate,6,Si
2729,IA_dificil,20,Empate,4,Si
2730,IA_facil,17,Derrota,5,Si
2730,IA_medio,22,Derrota,6,Si
2730,IA_dificil,19,Victoria,6,Si
2731,IA_facil,17,Empate,4,Si
2731,IA_medio,23,Derrota,5,Si
2731,IA_dificil,17,Empate,5,Si
2732,IA_facil,20,Derrota,6,Si
2732,IA_medio,21,Victoria,5,Si
2732,IA_dificil,22,Derrota,5,Si
2733,IA_facil,21,Victoria,5,Si
2733,IA_medio,20,Derrota,5,Si
2733,IA_dificil,19,Derrota,7,Si
2734,IA_facil,19,Empate,4,Si
2734,IA_medio,19,Empate,5,Si
2734,IA_dificil,25,Derrota,7,Si
2735,IA_facil,21,Victoria,6,Si
2735,IA_medio,18,Derrota,5,Si
2735,IA_dificil,18,Derrota,6,Si
2736,IA_facil,17,Empate,4,Si
2736,IA_medio,22,Derrota,7,Si
2736,IA_dificil,17,Empate,5,Si
2737,IA_facil,17,Derrota,4,Si
2737,IA_medio,19,Victoria,5,Si
2737,IA_dificil,17,Derrota,4,Si
2738,IA_facil,17,Derrota,3,Si
2738,IA_medio,23,Derrota,5,Si
2738,IA_dificil,19,Victoria,6,Si
2739,IA_facil,20,Empate,5,Si
2739,IA_medio,20,Empate,6,Si
2739,IA_dificil,17,Derrota,6,Si
2740,IA_facil,19,Victoria,5,Si
2740,IA_medio,18,Derrota,6,Si
2740,IA_dificil,18,Derrota,6,Si
2741,IA_facil,17,Derrota,5,Si
2741,IA_medio,21,Victoria,4,Si
2741,IA_dificil,17,Derrota,5,Si
2742,IA_facil,21,Victoria,5,Si
2742,IA_medio,19,Derrota,4,Si
2742,IA_dificil,22,Derrota,6,Si
2743,IA_facil,20,Victoria,5,Si
2743,IA_medio,19,Derrota,7,Si
2743,IA_dificil,17,Derrota,5,Si
2744,IA_facil,19,Empate,5,Si
2744,IA_medio,24,Derrota,7,Si
2744,IA_dificil,19,Empate,5,Si
2745,IA_facil,17,Derrota,6,Si
2745,IA_medio,23,Derrota,4,Si
2745,IA_dificil,21,Victoria,8,Si
2746,IA_facil,18,Derrota,4,Si
2746,IA_medio,22,Derrota,5,Si
2746,IA_dificil,20,Victoria,8,Si
2747,IA_facil,22,Derrota,5,Si
2747,IA_medio,20,Victoria,6,Si
2747,IA_dificil,18,Derrota,5,Si
2748,IA_facil,19,Derrota,8,Si
2748,IA_medio,20,Empate,4,Si
2748,IA_dificil,20,Empate,5,Si
2749,IA_facil,19,Empate,5,Si
2749,IA_medio,19,Empate,4,Si
2749,IA_dificil,23,Derrota,8,Si
2750,IA_facil,19,Victoria,4,Si
2750,IA_medio,22,Derrota,4,Si
2750,IA_dificil,22,Derrota,6,Si
2751,IA_facil,20,Victoria,5,Si
2751,IA_medio,22,Derrota,8,Si
2751,IA_dificil,24,Derrota,6,Si
2752,IA_facil,17,Derrota,5,Si
2752,IA_medio,21,Victoria,4,Si
2752,IA_dificil,22,Derrota,7,Si
2753,IA_facil,21,Victoria,4,Si
2753,IA_medio,18,Derrota,6,Si
2753,IA_dificil,19,Derrota,5,Si
2754,IA_facil,18,Derrota,4,Si
2754,IA_medio,21,Victoria,8,Si
2754,IA_dificil,25,Derrota,6,Si
2755,IA_facil,19,Victoria,4,Si
2755,IA_medio,23,Derrota,7,Si
2755,IA_dificil,23,Derrota,7,Si
2756,IA_facil,19,Derrota,5,Si
2756,IA_medio,20,Empate,7,Si
2756,IA_dificil,20,Empate,5,Si
2757,IA_facil,18,Derrota,5,Si
2757,IA_medio,18,Derrota,6,Si
2757,IA_dificil,20,Victoria,5,Si
2758,IA_facil,21,Victoria,6,Si
2758,IA_medio,20,Derrota,5,Si
2758,IA_dificil,17,Derrota,6,Si
2759,IA_facil,20,Derrota,5,Si
2759,IA_medio,20,Derrota,6,Si
2759,IA_dificil,21,Victoria,5,Si
2760,IA_facil,21,Victoria,6,Si
2760,IA_medio,17,Derrota,5,Si
2760,IA_dificil,17,Derrota,4,Si
2761,IA_facil,17,Derrota,4,Si
2761,IA_medio,19,Victoria,5,Si
2761,IA_dificil,17,Derrota,5,Si
2762,IA_facil,18,Derrota,5,Si
2762,IA_medio,19,Victoria,7,Si
2762,IA_dificil,17,Derrota,4,Si
2763,IA_facil,18,Derrota,4,Si
2763,IA_medio,19,Victoria,4,Si
2763,IA_dificil,22,Derrota,5,Si
2764,IA_facil,18,Victoria,5,Si
2764,IA_medio,22,Derrota,6,Si
2764,IA_dificil,17,Derrota,9,Si
2765,IA_facil,17,Empate,4,Si
2765,IA_medio,17,Empate,5,Si
2765,IA_dificil,17,Empate,4,Si
2766,IA_facil,20,Victoria,6,Si
2766,IA_medio,18,Derrota,6,Si
2766,IA_dificil,18,Derrota,4,Si
2767,IA_facil,17,Derrota,5,Si
2767,IA_medio,18,Victoria,4,Si
2767,IA_dificil,17,Derrota,7,Si
2768,IA_facil,20,Derrota,7,Si
2768,IA_medio,21,Victoria,5,Si
2768,IA_dificil,19,Derrota,7,Si
2769,IA_facil,21,Victoria,4,Si
2769,IA_medio,22,Derrota,6,Si
2769,IA_dificil,18,Derrota,5,Si
2770,IA_facil,17,Derrota,7,Si
2770,IA_medio,20,Victoria,4,Si
2770,IA_dificil,17,Derrota,4,Si
2771,IA_facil,17,Derrota,6,Si
2771,IA_medio,18,Derrota,4,Si
2771,IA_dificil,20,Victoria,5,Si
2772,IA_facil,22,Derrota,4,Si
2772,IA_medio,17,Empate,4,Si
2772,IA_dificil,17,Empate,6,Si
2773,IA_facil,18,Empate,5,Si
2773,IA_medio,18,Empate,5,Si
2773,IA_dificil,17,Derrota,6,Si
2774,IA_facil,17,Derrota,5,Si
2774,IA_medio,18,Empate,7,Si
2774,IA_dificil,18,Empate,8,Si
2775,IA_facil,18,Derrota,5,Si
2775,IA_medio,21,Victoria,5,Si
2775,IA_dificil,20,Derrota,6,Si
2776,IA_facil,17,Derrota,7,Si
2776,IA_medio,21,Victoria,6,Si
2776,IA_dificil,17,Derrota,5,Si
2777,IA_facil,17,Derrota,3,Si
2777,IA_medio,21,Victoria,6,Si
2777,IA_dificil,19,Derrota,4,Si
2778,IA_facil,20,Empate,9,Si
2778,IA_medio,20,Empate,5,Si
2778,IA_dificil,18,Derrota,5,Si
2779,IA_facil,19,Derrota,4,Si
2779,IA_medio,20,Victoria,5,Si
2779,IA_dificil,17,Derrota,3,Si
2780,IA_facil,19,Derrota,5,Si
2780,IA_medio,20,Victoria,5,Si
2780,IA_dificil,22,Derrota,4,Si
2781,IA_facil,17,Derrota,6,Si
2781,IA_medio,19,Empate,4,Si
2781,IA_dificil,19,Empate,6,Si
2782,IA_facil,19,Derrota,4,Si
2782,IA_medio,21,Victoria,8,Si
2782,IA_dificil,17,Derrota,4,Si
2783,IA_facil,19,Derrota,7,Si
2783,IA_medio,23,Derrota,5,Si
2783,IA_dificil,21,Victoria,5,Si
2784,IA_facil,18,Empate,4,Si
2784,IA_medio,25,Derrota,6,Si
2784,IA_dificil,18,Empate,5,Si
2785,IA_facil,17,Derrota,4,Si
2785,IA_medio,19,Victoria,7,Si
2785,IA_dificil,25,Derrota,5,Si
2786,IA_facil,18,Derrota,7,Si
2786,IA_medio,19,Victoria,4,Si
2786,IA_dificil,17,Derrota,6,Si
2787,IA_facil,18,Derrota,4,Si
2787,IA_medio,20,Victoria,8,Si
2787,IA_dificil,22,Derrota,8,Si
2788,IA_facil,17,Derrota,6,Si
2788,IA_medio,21,Empate,8,Si
2788,IA_dificil,21,Empate,7,Si
2789,IA_facil,18,Derrota,6,Si
2789,IA_medio,17,Derrota,5,Si
2789,IA_dificil,20,Victoria,8,Si
2790,IA_facil,18,Derrota,8,Si
2790,IA_medio,22,Derrota,5,Si
2790,IA_dificil,20,Victoria,7,Si
2791,IA_facil,22,Derrota,5,Si
2791,IA_medio,21,Victoria,5,Si
2791,IA_dificil,17,Derrota,4,Si
2792,IA_facil,18,Derrota,7,Si
2792,IA_medio,21,Victoria,5,Si
2792,IA_dificil,17,Derrota,6,Si
2793,IA_facil,18,Empate,4,Si
2793,IA_medio,17,Derrota,4,Si
2793,IA_dificil,18,Empate,7,Si
2794,IA_facil,20,Victoria,8,Si
2794,IA_medio,22,Derrota,5,Si
2794,IA_dificil,19,Derrota,6,Si
2795,IA_facil,20,Derrota,8,Si
2795,IA_medio,17,Derrota,6,Si
2795,IA_dificil,21,Victoria,7,Si
2796,IA_facil,19,Derrota,5,Si
2796,IA_medio,21,Empate,6,Si
2796,IA_dificil,21,Empate,6,Si
2797,IA_facil,21,Victoria,5,Si
2797,IA_medio,23,Derrota,7,Si
2797,IA_dificil,18,Derrota,5,Si
2798,IA_facil,17,Derrota,4,Si
2798,IA_medio,21,Victoria,6,Si
2798,IA_dificil,22,Derrota,6,Si
2799,IA_facil,17,Derrota,7,Si
2799,IA_medio,19,Victoria,6,Si
2799,IA_dificil,17,Derrota,5,Si
2800,IA_facil,18,Derrota,8,Si
2800,IA_medio,19,Victoria,7,Si
2800,IA_dificil,18,Derrota,4,Si
2801,IA_facil,17,Empate,5,Si
2801,IA_medio,22,Derrota,5,Si
2801,IA_dificil,17,Empate,6,Si
2802,IA_facil,18,Derrota,4,Si
2802,IA_medio,20,Victoria,8,Si
2802,IA_dificil,19,Derrota,6,Si
2803,IA_facil,17,Derrota,4,Si
2803,IA_medio,20,Empate,5,Si
2803,IA_dificil,20,Empate,4,Si
2804,IA_facil,21,Empate,5,Si
2804,IA_medio,21,Empate,5,Si
2804,IA_dificil,19,Derrota,4,Si
2805,IA_facil,18,Empate,7,Si
2805,IA_medio,18,Empate,4,Si
2805,IA_dificil,17,Derrota,6,Si
2806,IA_facil,17,Derrota,4,Si
2806,IA_medio,21,Victoria,5,Si
2806,IA_dificil,18,Derrota,5,Si
2807,IA_facil,17,Derrota,5,Si
2807,IA_medio,18,Victoria,6,Si
2807,IA_dificil,22,Derrota,5,Si
2808,IA_facil,17,Derrota,4,Si
2808,IA_medio,21,Victoria,5,Si
2808,IA_dificil,20,Derrota,6,Si
2809,IA_facil,20,Empate,5,Si
2809,IA_medio,20,Empate,6,Si
2809,IA_dificil,17,Derrota,4,Si
2810,IA_facil,22,Derrota,7,Si
2810,IA_medio,19,Victoria,6,Si
2810,IA_dificil,18,Derrota,5,Si
2811,IA_facil,20,Victoria,7,Si
2811,IA_medio,22,Derrota,6,Si
2811,IA_dificil,17,Derrota,5,Si
2812,IA_facil,17,Derrota,5,Si
2812,IA_medio,19,Derrota,6,Si
2812,IA_dificil,20,Victoria,5,Si
2813,IA_facil,17,Derrota,6,Si
2813,IA_medio,21,Victoria,6,Si
2813,IA_dificil,17,Derrota,3,Si
2814,IA_facil,20,Derrota,5,Si
2814,IA_medio,21,Victoria,7,Si
2814,IA_dificil,20,Derrota,5,Si
2815,IA_facil,19,Derrota,5,Si
2815,IA_medio,20,Victoria,4,Si
2815,IA_dificil,19,Derrota,6,Si
2816,IA_facil,18,Empate,5,Si
2816,IA_medio,17,Derrota,6,Si
2816,IA_dificil,18,Empate,4,Si
2817,IA_facil,19,Derrota,6,Si
2817,IA_medio,21,Victoria,6,Si
2817,IA_dificil,18,Derrota,4,Si
2818,IA_facil,22,Derrota,5,Si
2818,IA_medio,18,Victoria,7,Si
2818,IA_dificil,23,Derrota,6,Si
2819,IA_facil,18,Victoria,6,Si
2819,IA_medio,23,Derrota,5,Si
2819,IA_dificil,22,Derrota,6,Si
2820,IA_facil,17,Empate,5,Si
2820,IA_medio,17,Empate,5,Si
2820,IA_dificil,17,Empate,5,Si
2821,IA_facil,17,Derrota,6,Si
2821,IA_medio,17,Derrota,5,Si
2821,IA_dificil,21,Victoria,4,Si
2822,IA_facil,17,Derrota,5,Si
2822,IA_medio,18,Derrota,6,Si
2822,IA_dificil,20,Victoria,6,Si
2823,IA_facil,19,Victoria,7,Si
2823,IA_medio,24,Derrota,6,Si
2823,IA_dificil,17,Derrota,4,Si
2824,IA_facil,21,Victoria,5,Si
2824,IA_medio,20,Derrota,8,Si
2824,IA_dificil,18,Derrota,4,Si
2825,IA_facil,19,Derrota,6,Si
2825,IA_medio,20,Victoria,7,Si
2825,IA_dificil,19,Derrota,7,Si
2826,IA_facil,22,Derrota,7,Si
2826,IA_medio,23,Derrota,7,Si
2826,IA_dificil,18,Victoria,8,Si
2827,IA_facil,20,Empate,4,Si
2827,IA_medio,20,Empate,6,Si
2827,IA_dificil,23,Derrota,7,Si
2828,IA_facil,17,Derrota,4,Si
2828,IA_medio,21,Victoria,7,Si
2828,IA_dificil,18,Derrota,4,Si
2829,IA_facil,17,Derrota,5,Si
2829,IA_medio,19,Victoria,5,Si
2829,IA_dificil,18,Derrota,5,Si
2830,IA_facil,19,Empate,5,Si
2830,IA_medio,19,Empate,8,Si
2830,IA_dificil,18,Derrota,5,Si
2831,IA_facil,20,Victoria,5,Si
2831,IA_medio,24,Derrota,7,Si
2831,IA_dificil,19,Derrota,4,Si
2832,IA_facil,20,Derrota,5,Si
2832,IA_medio,22,Derrota,5,Si
2832,IA_dificil,21,Victoria,6,Si
2833,IA_facil,18,Empate,5,Si
2833,IA_medio,18,Empate,5,Si
2833,IA_dificil,23,Derrota,5,Si
2834,IA_facil,21,Victoria,5,Si
2834,IA_medio,19,Derrota,6,Si
2834,IA_dificil,19,Derrota,6,Si
2835,IA_facil,20,Derrota,6,Si
2835,IA_medio,21,Victoria,5,Si
2835,IA_dificil,23,Derrota,6,Si
2836,IA_facil,21,Victoria,6,Si
2836,IA_medio,19,Derrota,8,Si
2836,IA_dificil,17,Derrota,5,Si
2837,IA_facil,17,Derrota,7,Si
2837,IA_medio,21,Empate,5,Si
2837,IA_dificil,21,Empate,6,Si
2838,IA_facil,18,Derrota,4,Si
2838,IA_medio,22,Derrota,5,Si
2838,IA_dificil,19,Victoria,6,Si
2839,IA_facil,20,Victoria,7,Si
2839,IA_medio,23,Derrota,7,Si
2839,IA_dificil,17,Derrota,7,Si
2840,IA_facil,18,Empate,4,Si
2840,IA_medio,22,Derrota,5,Si
2840,IA_dificil,18,Empate,4,Si
2841,IA_facil,18,Derrota,7,Si
2841,IA_medio,21,Victoria,4,Si
2841,IA_dificil,18,Derrota,4,Si
2842,IA_facil,17,Derrota,4,Si
2842,IA_medio,19,Victoria,4,Si
2842,IA_dificil,22,Derrota,7,Si
2843,IA_facil,17,Derrota,4,Si
2843,IA_medio,25,Derrota,7,Si
2843,IA_dificil,18,Victoria,4,Si
2844,IA_facil,19,Empate,5,Si
2844,IA_medio,19,Empate,7,Si
2844,IA_dificil,19,Empate,5,Si
2845,IA_facil,19,Empate,5,Si
2845,IA_medio,19,Empate,7,Si
2845,IA_dificil,18,Derrota,6,Si
2846,IA_facil,19,Derrota,4,Si
2846,IA_medio,20,Victoria,5,Si
2846,IA_dificil,18,Derrota,6,Si
2847,IA_facil,19,Empate,4,Si
2847,IA_medio,17,Derrota,5,Si
2847,IA_dificil,19,Empate,5,Si
2848,IA_facil,18,Derrota,4,Si
2848,IA_medio,25,Derrota,6,Si
2848,IA_dificil,19,Victoria,5,Si
2849,IA_facil,21,Victoria,5,Si
2849,IA_medio,23,Derrota,6,Si
2849,IA_dificil,19,Derrota,6,Si
2850,IA_facil,21,Victoria,5,Si
2850,IA_medio,20,Derrota,6,Si
2850,IA_dificil,20,Derrota,4,Si
2851,IA_facil,21,Victoria,6,Si
2851,IA_medio,20,Derrota,5,Si
2851,IA_dificil,17,Derrota,3,Si
2852,IA_facil,21,Victoria,6,Si
2852,IA_medio,23,Derrota,7,Si
2852,IA_dificil,19,Derrota,5,Si
2853,IA_facil,21,Empate,6,Si
2853,IA_medio,21,Empate,6,Si
2853,IA_dificil,18,Derrota,6,Si
2854,IA_facil,17,Derrota,6,Si
2854,IA_medio,24,Derrota,6,Si
2854,IA_dificil,20,Victoria,6,Si
2855,IA_facil,17,Empate,6,Si
2855,IA_medio,24,Derrota,6,Si
2855,IA_dificil,17,Empate,5,Si
2856,IA_facil,20,Victoria,6,Si
2856,IA_medio,22,Derrota,7,Si
2856,IA_dificil,17,Derrota,4,Si
2857,IA_facil,18,Empate,6,Si
2857,IA_medio,22,Derrota,5,Si
2857,IA_dificil,18,Empate,6,Si
2858,IA_facil,19,Empate,4,Si
2858,IA_medio,23,Derrota,8,Si
2858,IA_dificil,19,Empate,4,Si
2859,IA_facil,17,Derrota,6,Si
2859,IA_medio,20,Victoria,7,Si
2859,IA_dificil,18,Derrota,5,Si
2860,IA_facil,17,Derrota,6,Si
2860,IA_medio,18,Victoria,5,Si
2860,IA_dificil,22,Derrota,6,Si
2861,IA_facil,19,Derrota,4,Si
2861,IA_medio,22,Derrota,7,Si
2861,IA_dificil,21,Victoria,7,Si
2862,IA_facil,20,Empate,7,Si
2862,IA_medio,23,Derrota,8,Si
2862,IA_dificil,20,Empate,6,Si
2863,IA_facil,18,Derrota,4,Si
2863,IA_medio,20,Victoria,7,Si
2863,IA_dificil,17,Derrota,4,Si
2864,IA_facil,20,Victoria,5,Si
2864,IA_medio,19,Derrota,5,Si
2864,IA_dificil,19,Derrota,6,Si
2865,IA_facil,17,Derrota,5,Si
2865,IA_medio,22,Derrota,7,Si
2865,IA_dificil,20,Victoria,6,Si
2866,IA_facil,18,Victoria,3,Si
2866,IA_medio,17,Derrota,3,Si
2866,IA_dificil,17,Derrota,6,Si
2867,IA_facil,19,Derrota,6,Si
2867,IA_medio,19,Derrota,6,Si
2867,IA_dificil,21,Victoria,5,Si
2868,IA_facil,20,Victoria,5,Si
2868,IA_medio,22,Derrota,5,Si
2868,IA_dificil,22,Derrota,5,Si
2869,IA_facil,17,Derrota,5,Si
2869,IA_medio,21,Empate,4,Si
2869,IA_dificil,21,Empate,8,Si
2870,IA_facil,18,Victoria,4,Si
2870,IA_medio,24,Derrota,5,Si
2870,IA_dificil,17,Derrota,6,Si
2871,IA_facil,17,Derrota,4,Si
2871,IA_medio,22,Derrota,4,Si
2871,IA_dificil,18,Victoria,5,Si
2872,IA_facil,17,Derrota,5,Si
2872,IA_medio,22,Derrota,6,Si
2872,IA_dificil,20,Victoria,7,Si
2873,IA_facil,17,Derrota,3,Si
2873,IA_medio,20,Victoria,7,Si
2873,IA_dificil,19,Derrota,6,Si
2874,IA_facil,18,Victoria,6,Si
2874,IA_medio,17,Derrota,4,Si
2874,IA_dificil,17,Derrota,6,Si
2875,IA_facil,17,Derrota,6,Si
2875,IA_medio,21,Victoria,6,Si
2875,IA_dificil,19,Derrota,7,Si
2876,IA_facil,17,Derrota,6,Si
2876,IA_medio,20,Victoria,10,Si
2876,IA_dificil,17,Derrota,6,Si
2877,IA_facil,18,Derrota,6,Si
2877,IA_medio,21,Victoria,7,Si
2877,IA_dificil,20,Derrota,6,Si
2878,IA_facil,21,Empate,7,Si
2878,IA_medio,24,Derrota,8,Si
2878,IA_dificil,21,Empate,8,Si
2879,IA_facil,18,Victoria,5,Si
2879,IA_medio,22,Derrota,5,Si
2879,IA_dificil,23,Derrota,9,Si
2880,IA_facil,17,Derrota,5,Si
2880,IA_medio,17,Derrota,5,Si
2880,IA_dificil,20,Victoria,5,Si
2881,IA_facil,20,Victoria,5,Si
2881,IA_medio,23,Derrota,5,Si
2881,IA_dificil,18,Derrota,6,Si
2882,IA_facil,17,Derrota,7,Si
2882,IA_medio,23,Derrota,7,Si
2882,IA_dificil,20,Victoria,5,Si
2883,IA_facil,17,Derrota,8,Si
2883,IA_medio,18,Derrota,4,Si
2883,IA_dificil,20,Victoria,9,Si
2884,IA_facil,19,Derrota,6,Si
2884,IA_medio,22,Derrota,5,Si
2884,IA_dificil,20,Victoria,5,Si
2885,IA_facil,18,Victoria,4,Si
2885,IA_medio,23,Derrota,8,Si
2885,IA_dificil,22,Derrota,5,Si
2886,IA_facil,20,Victoria,4,Si
2886,IA_medio,24,Derrota,7,Si
2886,IA_dificil,18,Derrota,6,Si
2887,IA_facil,19,Empate,4,Si
2887,IA_medio,24,Derrota,7,Si
2887,IA_dificil,19,Empate,7,Si
2888,IA_facil,18,Empate,6,Si
2888,IA_medio,22,Derrota,7,Si
2888,IA_dificil,18,Empate,8,Si
2889,IA_facil,17,Derrota,5,Si
2889,IA_medio,21,Victoria,5,Si
2889,IA_dificil,20,Derrota,8,Si
2890,IA_facil,20,Victoria,5,Si
2890,IA_medio,23,Derrota,6,Si
2890,IA_dificil,18,Derrota,6,Si
2891,IA_facil,18,Empate,7,Si
2891,IA_medio,18,Empate,6,Si
2891,IA_dificil,22,Derrota,5,Si
2892,IA_facil,21,Empate,7,Si
2892,IA_medio,21,Empate,7,Si
2892,IA_dificil,23,Derrota,6,Si
2893,IA_facil,20,Empate,5,Si
2893,IA_medio,20,Empate,6,Si
2893,IA_dificil,22,Derrota,6,Si
2894,IA_facil,20,Victoria,7,Si
2894,IA_medio,18,Derrota,5,Si
2894,IA_dificil,18,Derrota,5,Si
2895,IA_facil,17,Derrota,8,Si
2895,IA_medio,17,Derrota,6,Si
2895,IA_dificil,19,Victoria,6,Si
2896,IA_facil,19,Derrota,7,Si
2896,IA_medio,21,Victoria,6,Si
2896,IA_dificil,18,Derrota,6,Si
2897,IA_facil,20,Victoria,4,Si
2897,IA_medio,22,Derrota,4,Si
2897,IA_dificil,17,Derrota,4,Si
2898,IA_facil,18,Empate,6,Si
2898,IA_medio,23,Derrota,8,Si
2898,IA_dificil,18,Empate,5,Si
2899,IA_facil,21,Empate,5,Si
2899,IA_medio,20,Derrota,7,Si
2899,IA_dificil,21,Empate,6,Si
2900,IA_facil,18,Empate,5,Si
2900,IA_medio,17,Derrota,6,Si
2900,IA_dificil,18,Empate,7,Si
2901,IA_facil,19,Empate,7,Si
2901,IA_medio,17,Derrota,5,Si
2901,IA_dificil,19,Empate,4,Si
2902,IA_facil,18,Empate,5,Si
2902,IA_medio,22,Derrota,6,Si
2902,IA_dificil,18,Empate,7,Si
2903,IA_facil,17,Derrota,4,Si
2903,IA_medio,21,Empate,8,Si
2903,IA_dificil,21,Empate,5,Si
2904,IA_facil,20,Victoria,7,Si
2904,IA_medio,17,Derrota,5,Si
2904,IA_dificil,17,Derrota,4,Si
2905,IA_facil,17,Derrota,7,Si
2905,IA_medio,19,Empate,5,Si
2905,IA_dificil,19,Empate,6,Si
2906,IA_facil,20,Victoria,5,Si
2906,IA_medio,17,Derrota,5,Si
2906,IA_dificil,17,Derrota,5,Si
2907,IA_facil,20,Victoria,5,Si
2907,IA_medio,22,Derrota,8,Si
2907,IA_dificil,18,Derrota,5,Si
2908,IA_facil,17,Derrota,4,Si
2908,IA_medio,19,Victoria,6,Si
2908,IA_dificil,17,Derrota,6,Si
2909,IA_facil,17,Derrota,6,Si
2909,IA_medio,21,Victoria,5,Si
2909,IA_dificil,17,Derrota,5,Si
2910,IA_facil,21,Victoria,4,Si
2910,IA_medio,18,Derrota,4,Si
2910,IA_dificil,18,Derrota,6,Si
2911,IA_facil,21,Victoria,5,Si
2911,IA_medio,23,Derrota,8,Si
2911,IA_dificil,17,Derrota,5,Si
2912,IA_facil,18,Derrota,6,Si
2912,IA_medio,19,Derrota,5,Si
2912,IA_dificil,20,Victoria,5,Si
2913,IA_facil,18,Derrota,6,Si
2913,IA_medio,19,Derrota,7,Si
2913,IA_dificil,20,Victoria,6,Si
2914,IA_facil,21,Empate,4,Si
2914,IA_medio,22,Derrota,6,Si
2914,IA_dificil,21,Empate,5,Si
2915,IA_facil,19,Derrota,6,Si
2915,IA_medio,20,Victoria,5,Si
2915,IA_dificil,18,Derrota,7,Si
2916,IA_facil,18,Empate,5,Si
2916,IA_medio,18,Empate,4,Si
2916,IA_dificil,17,Derrota,5,Si
2917,IA_facil,17,Derrota,6,Si
2917,IA_medio,22,Derrota,7,Si
2917,IA_dificil,19,Victoria,5,Si
2918,IA_facil,17,Derrota,5,Si
2918,IA_medio,17,Derrota,4,Si
2918,IA_dificil,18,Victoria,7,Si
2919,IA_facil,18,Derrota,6,Si
2919,IA_medio,20,Victoria,5,Si
2919,IA_dificil,23,Derrota,6,Si
2920,IA_facil,18,Derrota,4,Si
2920,IA_medio,20,Victoria,7,Si
2920,IA_dificil,19,Derrota,6,Si
2921,IA_facil,18,Derrota,4,Si
2921,IA_medio,20,Victoria,4,Si
2921,IA_dificil,17,Derrota,4,Si
2922,IA_facil,18,Derrota,6,Si
2922,IA_medio,19,Empate,5,Si
2922,IA_dificil,19,Empate,5,Si
2923,IA_facil,18,Victoria,5,Si
2923,IA_medio,22,Derrota,6,Si
2923,IA_dificil,17,Derrota,4,Si
2924,IA_facil,22,Derrota,5,Si
2924,IA_medio,19,Empate,6,Si
2924,IA_dificil,19,Empate,6,Si
2925,IA_facil,22,Derrota,5,Si
2925,IA_medio,20,Derrota,4,Si
2925,IA_dificil,21,Victoria,5,Si
2926,IA_facil,20,Victoria,6,Si
2926,IA_medio,19,Derrota,5,Si
2926,IA_dificil,23,Derrota,6,Si
2927,IA_facil,19,Derrota,5,Si
2927,IA_medio,21,Victoria,7,Si
2927,IA_dificil,22,Derrota,7,Si
2928,IA_facil,17,Derrota,4,Si
2928,IA_medio,23,Derrota,6,Si
2928,IA_dificil,20,Victoria,4,Si
2929,IA_facil,17,Empate,7,Si
2929,IA_medio,22,Derrota,6,Si
2929,IA_dificil,17,Empate,5,Si
2930,IA_facil,18,Derrota,4,Si
2930,IA_medio,17,Derrota,7,Si
2930,IA_dificil,21,Victoria,7,Si
2931,IA_facil,20,Derrota,5,Si
2931,IA_medio,22,Derrota,5,Si
2931,IA_dificil,21,Victoria,5,Si
2932,IA_facil,18,Derrota,6,Si
2932,IA_medio,20,Victoria,5,Si
2932,IA_dificil,17,Derrota,4,Si
2933,IA_facil,19,Victoria,8,Si
2933,IA_medio,17,Derrota,4,Si
2933,IA_dificil,18,Derrota,6,Si
2934,IA_facil,18,Derrota,5,Si
2934,IA_medio,22,Derrota,5,Si
2934,IA_dificil,20,Victoria,6,Si
2935,IA_facil,18,Derrota,6,Si
2935,IA_medio,21,Victoria,4,Si
2935,IA_dificil,19,Derrota,8,Si
2936,IA_facil,18,Derrota,3,Si
2936,IA_medio,19,Derrota,8,Si
2936,IA_dificil,20,Victoria,6,Si
2937,IA_facil,19,Derrota,5,Si
2937,IA_medio,20,Empate,5,Si
2937,IA_dificil,20,Empate,7,Si
2938,IA_facil,17,Derrota,4,Si
2938,IA_medio,20,Derrota,5,Si
2938,IA_dificil,21,Victoria,5,Si
2939,IA_facil,22,Derrota,5,Si
2939,IA_medio,24,Derrota,5,Si
2939,IA_dificil,19,Victoria,9,Si
2940,IA_facil,18,Victoria,5,Si
2940,IA_medio,17,Derrota,4,Si
2940,IA_dificil,17,Derrota,5,Si
2941,IA_facil,20,Derrota,7,Si
2941,IA_medio,21,Victoria,6,Si
2941,IA_dificil,23,Derrota,5,Si
2942,IA_facil,17,Derrota,6,Si
2942,IA_medio,21,Victoria,7,Si
2942,IA_dificil,17,Derrota,5,Si
2943,IA_facil,17,Derrota,4,Si
2943,IA_medio,19,Empate,6,Si
2943,IA_dificil,19,Empate,8,Si
2944,IA_facil,17,Empate,7,Si
2944,IA_medio,22,Derrota,6,Si
2944,IA_dificil,17,Empate,5,Si
2945,IA_facil,19,Victoria,5,Si
2945,IA_medio,25,Derrota,7,Si
2945,IA_dificil,18,Derrota,6,Si
2946,IA_facil,20,Victoria,4,Si
2946,IA_medio,19,Derrota,5,Si
2946,IA_dificil,18,Derrota,4,Si
2947,IA_facil,18,Derrota,4,Si
2947,IA_medio,23,Derrota,6,Si
2947,IA_dificil,21,Victoria,5,Si
2948,IA_facil,18,Derrota,4,Si
2948,IA_medio,20,Victoria,7,Si
2948,IA_dificil,18,Derrota,4,Si
2949,IA_facil,18,Victoria,8,Si
2949,IA_medio,22,Derrota,6,Si
2949,IA_dificil,24,Derrota,7,Si
2950,IA_facil,20,Victoria,5,Si
2950,IA_medio,22,Derrota,6,Si
2950,IA_dificil,17,Derrota,6,Si
2951,IA_facil,20,Victoria,4,Si
2951,IA_medio,18,Derrota,5,Si
2951,IA_dificil,17,Derrota,5,Si
2952,IA_facil,19,Derrota,4,Si
2952,IA_medio,20,Victoria,5,Si
2952,IA_dificil,17,Derrota,5,Si
2953,IA_facil,17,Derrota,3,Si
2953,IA_medio,21,Empate,7,Si
2953,IA_dificil,21,Empate,6,Si
2954,IA_facil,18,Derrota,4,Si
2954,IA_medio,19,Derrota,8,Si
2954,IA_dificil,20,Victoria,6,Si
2955,IA_facil,20,Victoria,5,Si
2955,IA_medio,17,Derrota,6,Si
2955,IA_dificil,19,Derrota,7,Si
2956,IA_facil,17,Derrota,5,Si
2956,IA_medio,18,Empate,6,Si
2956,IA_dificil,18,Empate,6,Si
2957,IA_facil,17,Derrota,5,Si
2957,IA_medio,21,Victoria,6,Si
2957,IA_dificil,17,Derrota,5,Si
2958,IA_facil,17,Derrota,6,Si
2958,IA_medio,21,Victoria,11,Si
2958,IA_dificil,23,Derrota,8,Si
2959,IA_facil,18,Empate,5,Si
2959,IA_medio,18,Empate,6,Si
2959,IA_dificil,18,Empate,5,Si
2960,IA_facil,17,Derrota,5,Si
2960,IA_medio,17,Derrota,5,Si
2960,IA_dificil,18,Victoria,4,Si
2961,IA_facil,17,Derrota,6,Si
2961,IA_medio,19,Derrota,8,Si
2961,IA_dificil,20,Victoria,5,Si
2962,IA_facil,17,Derrota,6,Si
2962,IA_medio,19,Derrota,5,Si
2962,IA_dificil,21,Victoria,6,Si
2963,IA_facil,18,Victoria,7,Si
2963,IA_medio,17,Derrota,6,Si
2963,IA_dificil,17,Derrota,6,Si
2964,IA_facil,19,Derrota,5,Si
2964,IA_medio,20,Victoria,6,Si
2964,IA_dificil,17,Derrota,5,Si
2965,IA_facil,18,Derrota,4,Si
2965,IA_medio,17,Derrota,4,Si
2965,IA_dificil,19,Victoria,4,Si
2966,IA_facil,19,Victoria,7,Si
2966,IA_medio,22,Derrota,9,Si
2966,IA_dificil,17,Derrota,5,Si
2967,IA_facil,18,Derrota,5,Si
2967,IA_medio,20,Victoria,6,Si
2967,IA_dificil,19,Derrota,4,Si
2968,IA_facil,19,Derrota,5,Si
2968,IA_medio,23,Derrota,6,Si
2968,IA_dificil,20,Victoria,5,Si
2969,IA_facil,17,Derrota,4,Si
2969,IA_medio,20,Empate,6,Si
2969,IA_dificil,20,Empate,8,Si
2970,IA_facil,17,Derrota,5,Si
2970,IA_medio,22,Derrota,4,Si
2970,IA_dificil,21,Victoria,9,Si
2971,IA_facil,20,Victoria,5,Si
2971,IA_medio,23,Derrota,6,Si
2971,IA_dificil,17,Derrota,6,Si
2972,IA_facil,17,Empate,5,Si
2972,IA_medio,22,Derrota,6,Si
2972,IA_dificil,17,Empate,5,Si
2973,IA_facil,19,Empate,5,Si
2973,IA_medio,18,Derrota,5,Si
2973,IA_dificil,19,Empate,6,Si
2974,IA_facil,17,Derrota,5,Si
2974,IA_medio,21,Victoria,5,Si
2974,IA_dificil,18,Derrota,5,Si
2975,IA_facil,21,Victoria,7,Si
2975,IA_medio,20,Derrota,7,Si
2975,IA_dificil,23,Derrota,8,Si
2976,IA_facil,17,Derrota,7,Si
2976,IA_medio,20,Victoria,7,Si
2976,IA_dificil,18,Derrota,5,Si
2977,IA_facil,18,Derrota,5,Si
2977,IA_medio,20,Victoria,5,Si
2977,IA_dificil,18,Derrota,7,Si
2978,IA_facil,17,Derrota,5,Si
2978,IA_medio,18,Derrota,5,Si
2978,IA_dificil,20,Victoria,6,Si
2979,IA_facil,20,Derrota,5,Si
2979,IA_medio,17,Derrota,5,Si
2979,IA_dificil,21,Victoria,4,Si
2980,IA_facil,19,Empate,4,Si
2980,IA_medio,18,Derrota,4,Si
2980,IA_dificil,19,Empate,5,Si
2981,IA_facil,18,Derrota,6,Si
2981,IA_medio,24,Derrota,7,Si
2981,IA_dificil,20,Victoria,5,Si
2982,IA_facil,17,Empate,4,Si
2982,IA_medio,22,Derrota,6,Si
2982,IA_dificil,17,Empate,5,Si
2983,IA_facil,17,Derrota,5,Si
2983,IA_medio,17,Derrota,4,Si
2983,IA_dificil,20,Victoria,5,Si
2984,IA_facil,17,Derrota,6,Si
2984,IA_medio,17,Derrota,5,Si
2984,IA_dificil,19,Victoria,6,Si
2985,IA_facil,17,Empate,4,Si
2985,IA_medio,22,Derrota,4,Si
2985,IA_dificil,17,Empate,5,Si
2986,IA_facil,21,Victoria,4,Si
2986,IA_medio,22,Derrota,5,Si
2986,IA_dificil,20,Derrota,8,Si
2987,IA_facil,21,Victoria,7,Si
2987,IA_medio,22,Derrota,6,Si
2987,IA_dificil,18,Derrota,5,Si
2988,IA_facil,21,Victoria,4,Si
2988,IA_medio,18,Derrota,4,Si
2988,IA_dificil,20,Derrota,7,Si
2989,IA_facil,20,Empate,7,Si
2989,IA_medio,25,Derrota,8,Si
2989,IA_dificil,20,Empate,5,Si
2990,IA_facil,17,Derrota,5,Si
2990,IA_medio,18,Derrota,5,Si
2990,IA_dificil,21,Victoria,5,Si
2991,IA_facil,18,Derrota,4,Si
2991,IA_medio,19,Empate,6,Si
2991,IA_dificil,19,Empate,6,Si
2992,IA_facil,20,Victoria,4,Si
2992,IA_medio,24,Derrota,6,Si
2992,IA_dificil,19,Derrota,4,Si
2993,IA_facil,18,Derrota,6,Si
2993,IA_medio,17,Derrota,6,Si
2993,IA_dificil,20,Victoria,6,Si
2994,IA_facil,20,Empate,4,Si
2994,IA_medio,18,Derrota,6,Si
2994,IA_dificil,20,Empate,6,Si
2995,IA_facil,17,Derrota,5,Si
2995,IA_medio,17,Derrota,7,Si
2995,IA_dificil,20,Victoria,4,Si
2996,IA_facil,17,Derrota,3,Si
2996,IA_medio,18,Derrota,4,Si
2996,IA_dificil,21,Victoria,5,Si
2997,IA_facil,19,Derrota,5,Si
2997,IA_medio,20,Victoria,6,Si
2997,IA_dificil,17,Derrota,5,Si
2998,IA_facil,17,Empate,4,Si
2998,IA_medio,17,Empate,5,Si
2998,IA_dificil,23,Derrota,5,Si
2999,IA_facil,17,Derrota,4,Si
2999,IA_medio,20,Victoria,6,Si
2999,IA_dificil,18,Derrota,5,Si
3000,IA_facil,21,Empate,6,Si
3000,IA_medio,17,Derrota,6,Si
3000,IA_dificil,21,Empate,6,Si
3001,IA_facil,17,Derrota,5,Si
3001,IA_medio,17,Derrota,5,Si
3001,IA_dificil,18,Victoria,5,Si
3002,IA_facil,22,Derrota,5,Si
3002,IA_medio,23,Derrota,6,Si
3002,IA_dificil,18,Victoria,5,Si
3003,IA_facil,18,Derrota,6,Si
3003,IA_medio,21,Victoria,4,Si
3003,IA_dificil,17,Derrota,6,Si
3004,IA_facil,19,Derrota,5,Si
3004,IA_medio,22,Derrota,5,Si
3004,IA_dificil,20,Victoria,4,Si
3005,IA_facil,18,Derrota,6,Si
3005,IA_medio,20,Victoria,6,Si
3005,IA_dificil,17,Derrota,6,Si
3006,IA_facil,21,Victoria,5,Si
3006,IA_medio,20,Derrota,7,Si
3006,IA_dificil,17,Derrota,4,Si
3007,IA_facil,18,Empate,5,Si
3007,IA_medio,25,Derrota,7,Si
3007,IA_dificil,18,Empate,4,Si
3008,IA_facil,17,Derrota,6,Si
3008,IA_medio,22,Derrota,9,Si
3008,IA_dificil,21,Victoria,6,Si
3009,IA_facil,17,Derrota,5,Si
3009,IA_medio,20,Victoria,5,Si
3009,IA_dificil,23,Derrota,7,Si
3010,IA_facil,18,Derrota,4,Si
3010,IA_medio,22,Derrota,7,Si
3010,IA_dificil,21,Victoria,8,Si
3011,IA_facil,20,Empate,7,Si
3011,IA_medio,20,Empate,6,Si
3011,IA_dificil,19,Derrota,5,Si
3012,IA_facil,18,Derrota,4,Si
3012,IA_medio,22,Derrota,7,Si
3012,IA_dificil,19,Victoria,7,Si
3013,IA_facil,19,Derrota,6,Si
3013,IA_medio,20,Victoria,6,Si
3013,IA_dificil,17,Derrota,5,Si
3014,IA_facil,21,Victoria,5,Si
3014,IA_medio,22,Derrota,6,Si
3014,IA_dificil,20,Derrota,4,Si
3015,IA_facil,18,Derrota,6,Si
3015,IA_medio,21,Victoria,5,Si
3015,IA_dificil,18,Derrota,6,Si
3016,IA_facil,21,Victoria,5,Si
3016,IA_medio,23,Derrota,8,Si
3016,IA_dificil,20,Derrota,5,Si
3017,IA_facil,17,Derrota,4,Si
3017,IA_medio,21,Empate,5,Si
3017,IA_dificil,21,Empate,8,Si
3018,IA_facil,20,Victoria,5,Si
3018,IA_medio,19,Derrota,6,Si
3018,IA_dificil,18,Derrota,4,Si
3019,IA_facil,17,Derrota,5,Si
3019,IA_medio,17,Derrota,5,Si
3019,IA_dificil,19,Victoria,6,Si
3020,IA_facil,17,Derrota,4,Si
3020,IA_medio,17,Derrota,6,Si
3020,IA_dificil,21,Victoria,5,Si
3021,IA_facil,18,Derrota,5,Si
3021,IA_medio,20,Victoria,7,Si
3021,IA_dificil,23,Derrota,5,Si
3022,IA_facil,19,Derrota,5,Si
3022,IA_medio,22,Derrota,8,Si
3022,IA_dificil,20,Victoria,6,Si
3023,IA_facil,19,Victoria,7,Si
3023,IA_medio,22,Derrota,7,Si
3023,IA_dificil,17,Derrota,5,Si
3024,IA_facil,18,Derrota,4,Si
3024,IA_medio,19,Empate,6,Si
3024,IA_dificil,19,Empate,4,Si
3025,IA_facil,21,Victoria,5,Si
3025,IA_medio,23,Derrota,5,Si
3025,IA_dificil,20,Derrota,6,Si
3026,IA_facil,17,Derrota,4,Si
3026,IA_medio,19,Derrota,4,Si
3026,IA_dificil,20,Victoria,5,Si
3027,IA_facil,18,Victoria,6,Si
3027,IA_medio,23,Derrota,6,Si
3027,IA_dificil,17,Derrota,6,Si
3028,IA_facil,17,Derrota,6,Si
3028,IA_medio,21,Victoria,8,Si
3028,IA_dificil,20,Derrota,5,Si
3029,IA_facil,20,Victoria,5,Si
3029,IA_medio,22,Derrota,7,Si
3029,IA_dificil,18,Derrota,6,Si
3030,IA_facil,18,Derrota,4,Si
3030,IA_medio,19,Victoria,7,Si
3030,IA_dificil,17,Derrota,4,Si
3031,IA_facil,18,Derrota,4,Si
3031,IA_medio,20,Derrota,4,Si
3031,IA_dificil,21,Victoria,7,Si
3032,IA_facil,17,Derrota,7,Si
3032,IA_medio,21,Victoria,5,Si
3032,IA_dificil,17,Derrota,5,Si
3033,IA_facil,21,Victoria,6,Si
3033,IA_medio,22,Derrota,6,Si
3033,IA_dificil,18,Derrota,6,Si
3034,IA_facil,17,Victoria,5,Si
3034,IA_medio,22,Derrota,7,Si
3034,IA_dificil,22,Derrota,6,Si
3035,IA_facil,19,Derrota,4,Si
3035,IA_medio,20,Victoria,5,Si
3035,IA_dificil,18,Derrota,6,Si
3036,IA_facil,18,Derrota,6,Si
3036,IA_medio,17,Derrota,5,Si
3036,IA_dificil,21,Victoria,6,Si
3037,IA_facil,17,Derrota,6,Si
3037,IA_medio,24,Derrota,6,Si
3037,IA_dificil,21,Victoria,4,Si
3038,IA_facil,17,Derrota,3,Si
3038,IA_medio,19,Victoria,6,Si
3038,IA_dificil,23,Derrota,5,Si
3039,IA_facil,17,Derrota,4,Si
3039,IA_medio,22,Derrota,6,Si
3039,IA_dificil,20,Victoria,5,Si
3040,IA_facil,20,Empate,5,Si
3040,IA_medio,20,Empate,4,Si
3040,IA_dificil,18,Derrota,4,Si
3041,IA_facil,19,Empate,7,Si
3041,IA_medio,19,Empate,4,Si
3041,IA_dificil,18,Derrota,7,Si
3042,IA_facil,20,Empate,6,Si
3042,IA_medio,18,Derrota,6,Si
3042,IA_dificil,20,Empate,6,Si
3043,IA_facil,17,Derrota,4,Si
3043,IA_medio,20,Victoria,5,Si
3043,IA_dificil,19,Derrota,4,Si
3044,IA_facil,22,Derrota,6,Si
3044,IA_medio,18,Derrota,6,Si
3044,IA_dificil,20,Victoria,4,Si
3045,IA_facil,19,Derrota,6,Si
3045,IA_medio,20,Empate,5,Si
3045,IA_dificil,20,Empate,4,Si
3046,IA_facil,18,Derrota,5,Si
3046,IA_medio,21,Victoria,5,Si
3046,IA_dificil,23,Derrota,8,Si
3047,IA_facil,20,Empate,8,Si
3047,IA_medio,20,Empate,6,Si
3047,IA_dificil,22,Derrota,6,Si
3048,IA_facil,18,Derrota,8,Si
3048,IA_medio,21,Victoria,6,Si
3048,IA_dificil,25,Derrota,5,Si
3049,IA_facil,17,Derrota,5,Si
3049,IA_medio,18,Derrota,7,Si
3049,IA_dificil,21,Victoria,5,Si
3050,IA_facil,18,Derrota,4,Si
3050,IA_medio,20,Victoria,6,Si
3050,IA_dificil,22,Derrota,5,Si
3051,IA_facil,18,Derrota,6,Si
3051,IA_medio,19,Victoria,4,Si
3051,IA_dificil,22,Derrota,6,Si
3052,IA_facil,20,Victoria,7,Si
3052,IA_medio,17,Derrota,5,Si
3052,IA_dificil,22,Derrota,8,Si
3053,IA_facil,22,Derrota,6,Si
3053,IA_medio,20,Victoria,4,Si
3053,IA_dificil,17,Derrota,4,Si
3054,IA_facil,21,Victoria,5,Si
3054,IA_medio,19,Derrota,5,Si
3054,IA_dificil,18,Derrota,5,Si
3055,IA_facil,17,Derrota,4,Si
3055,IA_medio,18,Derrota,4,Si
3055,IA_dificil,19,Victoria,6,Si
3056,IA_facil,22,Derrota,7,Si
3056,IA_medio,23,Derrota,6,Si
3056,IA_dificil,21,Victoria,6,Si
3057,IA_facil,20,Victoria,5,Si
3057,IA_medio,22,Derrota,9,Si
3057,IA_dificil,19,Derrota,6,Si
3058,IA_facil,20,Derrota,5,Si
3058,IA_medio,17,Derrota,5,Si
3058,IA_dificil,21,Victoria,5,Si
3059,IA_facil,19,Victoria,8,Si
3059,IA_medio,17,Derrota,3,Si
3059,IA_dificil,23,Derrota,5,Si
3060,IA_facil,17,Derrota,5,Si
3060,IA_medio,20,Empate,6,Si
3060,IA_dificil,20,Empate,5,Si
3061,IA_facil,21,Victoria,6,Si
3061,IA_medio,17,Derrota,6,Si
3061,IA_dificil,18,Derrota,4,Si
3062,IA_facil,20,Derrota,6,Si
3062,IA_medio,21,Empate,6,Si
3062,IA_dificil,21,Empate,5,Si
3063,IA_facil,20,Victoria,5,Si
3063,IA_medio,19,Derrota,7,Si
3063,IA_dificil,18,Derrota,6,Si
3064,IA_facil,19,Derrota,8,Si
3064,IA_medio,21,Empate,7,Si
3064,IA_dificil,21,Empate,7,Si
3065,IA_facil,20,Derrota,4,Si
3065,IA_medio,21,Empate,5,Si
3065,IA_dificil,21,Empate,5,Si
3066,IA_facil,19,Empate,5,Si
3066,IA_medio,24,Derrota,7,Si
3066,IA_dificil,19,Empate,5,Si
3067,IA_facil,18,Derrota,6,Si
3067,IA_medio,22,Derrota,6,Si
3067,IA_dificil,19,Victoria,6,Si
3068,IA_facil,21,Victoria,5,Si
3068,IA_medio,20,Derrota,5,Si
3068,IA_dificil,20,Derrota,5,Si
3069,IA_facil,20,Derrota,5,Si
3069,IA_medio,22,Derrota,8,Si
3069,IA_dificil,21,Victoria,5,Si
3070,IA_facil,19,Victoria,6,Si
3070,IA_medio,23,Derrota,7,Si
3070,IA_dificil,17,Derrota,5,Si
3071,IA_facil,20,Empate,7,Si
3071,IA_medio,20,Empate,6,Si
3071,IA_dificil,19,Derrota,5,Si
3072,IA_facil,21,Victoria,4,Si
3072,IA_medio,17,Derrota,4,Si
3072,IA_dificil,18,Derrota,5,Si
3073,IA_facil,22,Derrota,4,Si
3073,IA_medio,20,Victoria,5,Si
3073,IA_dificil,18,Derrota,4,Si
3074,IA_facil,19,Derrota,5,Si
3074,IA_medio,21,Victoria,7,Si
3074,IA_dificil,22,Derrota,5,Si
3075,IA_facil,20,Victoria,8,Si
3075,IA_medio,18,Derrota,4,Si
3075,IA_dificil,22,Derrota,6,Si
3076,IA_facil,20,Victoria,5,Si
3076,IA_medio,22,Derrota,5,Si
3076,IA_dificil,19,Derrota,5,Si
3077,IA_facil,18,Derrota,4,Si
3077,IA_medio,17,Derrota,4,Si
3077,IA_dificil,20,Victoria,7,Si
3078,IA_facil,18,Derrota,5,Si
3078,IA_medio,21,Victoria,4,Si
3078,IA_dificil,20,Derrota,5,Si
3079,IA_facil,20,Victoria,5,Si
3079,IA_medio,19,Derrota,6,Si
3079,IA_dificil,24,Derrota,7,Si
3080,IA_facil,21,Victoria,5,Si
3080,IA_medio,23,Derrota,5,Si
3080,IA_dificil,17,Derrota,4,Si
3081,IA_facil,18,Empate,6,Si
3081,IA_medio,18,Empate,6,Si
3081,IA_dificil,17,Derrota,3,Si
3082,IA_facil,18,Victoria,6,Si
3082,IA_medio,22,Derrota,6,Si
3082,IA_dificil,17,Derrota,6,Si
3083,IA_facil,20,Victoria,7,Si
3083,IA_medio,22,Derrota,5,Si
3083,IA_dificil,18,Derrota,5,Si
3084,IA_facil,19,Victoria,5,Si
3084,IA_medio,17,Derrota,4,Si
3084,IA_dificil,22,Derrota,7,Si
3085,IA_facil,19,Derrota,6,Si
3085,IA_medio,20,Empate,5,Si
3085,IA_dificil,20,Empate,6,Si
3086,IA_facil,20,Victoria,4,Si
3086,IA_medio,22,Derrota,8,Si
3086,IA_dificil,19,Derrota,4,Si
3087,IA_facil,18,Derrota,6,Si
3087,IA_medio,20,Derrota,5,Si
3087,IA_dificil,21,Victoria,7,Si
3088,IA_facil,18,Derrota,4,Si
3088,IA_medio,19,Victoria,10,Si
3088,IA_dificil,17,Derrota,5,Si
3089,IA_facil,17,Empate,5,Si
3089,IA_medio,23,Derrota,5,Si
3089,IA_dificil,17,Empate,4,Si
3090,IA_facil,19,Derrota,4,Si
3090,IA_medio,22,Derrota,6,Si
3090,IA_dificil,21,Victoria,6,Si
3091,IA_facil,17,Derrota,5,Si
3091,IA_medio,23,Derrota,5,Si
3091,IA_dificil,19,Victoria,5,Si
3092,IA_facil,18,Empate,4,Si
3092,IA_medio,18,Empate,5,Si
3092,IA_dificil,17,Derrota,4,Si
3093,IA_facil,21,Victoria,6,Si
3093,IA_medio,20,Derrota,4,Si
3093,IA_dificil,19,Derrota,5,Si
3094,IA_facil,17,Derrota,5,Si
3094,IA_medio,20,Victoria,4,Si
3094,IA_dificil,19,Derrota,5,Si
3095,IA_facil,17,Derrota,4,Si
3095,IA_medio,24,Derrota,6,Si
3095,IA_dificil,20,Victoria,6,Si
3096,IA_facil,19,Victoria,6,Si
3096,IA_medio,18,Derrota,5,Si
3096,IA_dificil,23,Derrota,6,Si
3097,IA_facil,19,Derrota,4,Si
3097,IA_medio,22,Derrota,6,Si
3097,IA_dificil,20,Victoria,6,Si
3098,IA_facil,22,Derrota,6,Si
3098,IA_medio,21,Victoria,6,Si
3098,IA_dificil,23,Derrota,6,Si
3099,IA_facil,20,Victoria,5,Si
3099,IA_medio,18,Derrota,6,Si
3099,IA_dificil,18,Derrota,5,Si
3100,IA_facil,17,Derrota,5,Si
3100,IA_medio,21,Victoria,6,Si
3100,IA_dificil,24,Derrota,5,Si
3101,IA_facil,19,Derrota,4,Si
3101,IA_medio,20,Victoria,4,Si
3101,IA_dificil,19,Derrota,4,Si
3102,IA_facil,17,Derrota,7,Si
3102,IA_medio,17,Derrota,6,Si
3102,IA_dificil,20,Victoria,5,Si
3103,IA_facil,19,Victoria,4,Si
3103,IA_medio,24,Derrota,8,Si
3103,IA_dificil,18,Derrota,4,Si
3104,IA_facil,17,Derrota,4,Si
3104,IA_medio,21,Victoria,6,Si
3104,IA_dificil,17,Derrota,4,Si
3105,IA_facil,17,Derrota,5,Si
3105,IA_medio,17,Derrota,4,Si
3105,IA_dificil,19,Victoria,6,Si
3106,IA_facil,19,Derrota,6,Si
3106,IA_medio,20,Victoria,6,Si
3106,IA_dificil,17,Derrota,5,Si
3107,IA_facil,17,Derrota,5,Si
3107,IA_medio,22,Derrota,6,Si
3107,IA_dificil,18,Victoria,5,Si
3108,IA_facil,20,Empate,6,Si
3108,IA_medio,20,Empate,5,Si
3108,IA_dificil,17,Derrota,5,Si
3109,IA_facil,19,Victoria,8,Si
3109,IA_medio,18,Derrota,7,Si
3109,IA_dificil,22,Derrota,6,Si
3110,IA_facil,18,Victoria,6,Si
3110,IA_medio,17,Derrota,4,Si
3110,IA_dificil,17,Derrota,5,Si
3111,IA_facil,17,Derrota,6,Si
3111,IA_medio,19,Derrota,5,Si
3111,IA_dificil,21,Victoria,6,Si
3112,IA_facil,18,Victoria,5,Si
3112,IA_medio,17,Derrota,5,Si
3112,IA_dificil,17,Derrota,4,Si
3113,IA_facil,17,Derrota,6,Si
3113,IA_medio,21,Victoria,6,Si
3113,IA_dificil,20,Derrota,5,Si
3114,IA_facil,18,Derrota,6,Si
3114,IA_medio,23,Derrota,7,Si
3114,IA_dificil,20,Victoria,6,Si
3115,IA_facil,17,Derrota,4,Si
3115,IA_medio,21,Victoria,6,Si
3115,IA_dificil,17,Derrota,4,Si
3116,IA_facil,20,Victoria,6,Si
3116,IA_medio,22,Derrota,6,Si
3116,IA_dificil,18,Derrota,6,Si
3117,IA_facil,17,Empate,4,Si
3117,IA_medio,17,Empate,4,Si
3117,IA_dificil,17,Empate,4,Si
3118,IA_facil,17,Derrota,6,Si
3118,IA_medio,21,Victoria,5,Si
3118,IA_dificil,17,Derrota,7,Si
3119,IA_facil,18,Derrota,4,Si
3119,IA_medio,23,Derrota,7,Si
3119,IA_dificil,20,Victoria,8,Si
3120,IA_facil,18,Derrota,3,Si
3120,IA_medio,17,Derrota,4,Si
3120,IA_dificil,19,Victoria,4,Si
3121,IA_facil,22,Derrota,6,Si
3121,IA_medio,19,Victoria,4,Si
3121,IA_dificil,22,Derrota,7,Si
3122,IA_facil,18,Derrota,3,Si
3122,IA_medio,22,Derrota,5,Si
3122,IA_dificil,21,Victoria,8,Si
3123,IA_facil,19,Victoria,5,Si
3123,IA_medio,18,Derrota,4,Si
3123,IA_dificil,17,Derrota,7,Si
3124,IA_facil,19,Victoria,4,Si
3124,IA_medio,22,Derrota,5,Si
3124,IA_dificil,17,Derrota,4,Si
3125,IA_facil,19,Derrota,4,Si
3125,IA_medio,24,Derrota,7,Si
3125,IA_dificil,20,Victoria,6,Si
3126,IA_facil,17,Derrota,5,Si
3126,IA_medio,19,Derrota,6,Si
3126,IA_dificil,20,Victoria,4,Si
3127,IA_facil,17,Empate,5,Si
3127,IA_medio,17,Empate,4,Si
3127,IA_dificil,17,Empate,4,Si
3128,IA_facil,18,Empate,5,Si
3128,IA_medio,22,Derrota,5,Si
3128,IA_dificil,18,Empate,5,Si
3129,IA_facil,20,Derrota,6,Si
3129,IA_medio,21,Victoria,5,Si
3129,IA_dificil,22,Derrota,4,Si
3130,IA_facil,17,Derrota,4,Si
3130,IA_medio,22,Derrota,5,Si
3130,IA_dificil,20,Victoria,8,Si
3131,IA_facil,17,Derrota,5,Si
3131,IA_medio,22,Derrota,7,Si
3131,IA_dificil,19,Victoria,5,Si
3132,IA_facil,17,Derrota,4,Si
3132,IA_medio,22,Derrota,5,Si
3132,IA_dificil,20,Victoria,6,Si
3133,IA_facil,18,Derrota,5,Si
3133,IA_medio,20,Victoria,5,Si
3133,IA_dificil,17,Derrota,5,Si
3134,IA_facil,17,Derrota,5,Si
3134,IA_medio,23,Derrota,5,Si
3134,IA_dificil,18,Victoria,4,Si
3135,IA_facil,17,Derrota,4,Si
3135,IA_medio,17,Derrota,4,Si
3135,IA_dificil,20,Victoria,5,Si
3136,IA_facil,19,Derrota,4,Si
3136,IA_medio,20,Victoria,6,Si
3136,IA_dificil,19,Derrota,4,Si
3137,IA_facil,18,Derrota,6,Si
3137,IA_medio,21,Victoria,5,Si
3137,IA_dificil,20,Derrota,6,Si
3138,IA_facil,17,Derrota,4,Si
3138,IA_medio,18,Derrota,5,Si
3138,IA_dificil,19,Victoria,6,Si
3139,IA_facil,19,Victoria,5,Si
3139,IA_medio,17,Derrota,6,Si
3139,IA_dificil,18,Derrota,5,Si
3140,IA_facil,17,Derrota,4,Si
3140,IA_medio,17,Derrota,6,Si
3140,IA_dificil,21,Victoria,5,Si
3141,IA_facil,19,Derrota,4,Si
3141,IA_medio,18,Derrota,7,Si
3141,IA_dificil,21,Victoria,4,Si
3142,IA_facil,18,Empate,6,Si
3142,IA_medio,23,Derrota,7,Si
3142,IA_dificil,18,Empate,5,Si
3143,IA_facil,17,Victoria,3,Si
3143,IA_medio,24,Derrota,7,Si
3143,IA_dificil,24,Derrota,6,Si
3144,IA_facil,20,Derrota,7,Si
3144,IA_medio,19,Derrota,6,Si
3144,IA_dificil,21,Victoria,5,Si
3145,IA_facil,19,Victoria,6,Si
3145,IA_medio,23,Derrota,5,Si
3145,IA_dificil,18,Derrota,4,Si
3146,IA_facil,17,Derrota,5,Si
3146,IA_medio,19,Victoria,5,Si
3146,IA_dificil,18,Derrota,4,Si
3147,IA_facil,19,Victoria,4,Si
3147,IA_medio,18,Derrota,6,Si
3147,IA_dificil,22,Derrota,6,Si
3148,IA_facil,21,Victoria,4,Si
3148,IA_medio,24,Derrota,6,Si
3148,IA_dificil,18,Derrota,7,Si
3149,IA_facil,20,Empate,6,Si
3149,IA_medio,17,Derrota,5,Si
3149,IA_dificil,20,Empate,5,Si
3150,IA_facil,17,Derrota,4,Si
3150,IA_medio,22,Derrota,5,Si
3150,IA_dificil,18,Victoria,5,Si
3151,IA_facil,19,Victoria,4,Si
3151,IA_medio,22,Derrota,7,Si
3151,IA_dificil,17,Derrota,5,Si
3152,IA_facil,17,Derrota,6,Si
3152,IA_medio,21,Victoria,4,Si
3152,IA_dificil,22,Derrota,6,Si
3153,IA_facil,18,Derrota,7,Si
3153,IA_medio,24,Derrota,6,Si
3153,IA_dificil,20,Victoria,5,Si
3154,IA_facil,18,Derrota,4,Si
3154,IA_medio,21,Victoria,7,Si
3154,IA_dificil,18,Derrota,4,Si
3155,IA_facil,17,Empate,4,Si
3155,IA_medio,17,Empate,4,Si
3155,IA_dificil,24,Derrota,6,Si
3156,IA_facil,21,Victoria,7,Si
3156,IA_medio,20,Derrota,5,Si
3156,IA_dificil,18,Derrota,5,Si
3157,IA_facil,19,Derrota,6,Si
3157,IA_medio,18,Derrota,3,Si
3157,IA_dificil,21,Victoria,6,Si
3158,IA_facil,20,Empate,7,Si
3158,IA_medio,19,Derrota,4,Si
3158,IA_dificil,20,Empate,10,Si
3159,IA_facil,20,Derrota,4,Si
3159,IA_medio,21,Victoria,7,Si
3159,IA_dificil,17,Derrota,6,Si
3160,IA_facil,22,Derrota,5,Si
3160,IA_medio,22,Derrota,5,Si
3160,IA_dificil,19,Victoria,6,Si
3161,IA_facil,19,Victoria,5,Si
3161,IA_medio,24,Derrota,8,Si
3161,IA_dificil,18,Derrota,9,Si
3162,IA_facil,22,Derrota,4,Si
3162,IA_medio,19,Victoria,5,Si
3162,IA_dificil,18,Derrota,4,Si
3163,IA_facil,18,Victoria,6,Si
3163,IA_medio,22,Derrota,5,Si
3163,IA_dificil,17,Derrota,4,Si
3164,IA_facil,20,Victoria,5,Si
3164,IA_medio,22,Derrota,7,Si
3164,IA_dificil,17,Derrota,5,Si
3165,IA_facil,20,Victoria,5,Si
3165,IA_medio,24,Derrota,6,Si
3165,IA_dificil,19,Derrota,5,Si
3166,IA_facil,18,Derrota,4,Si
3166,IA_medio,20,Empate,5,Si
3166,IA_dificil,20,Empate,7,Si
3167,IA_facil,22,Derrota,5,Si
3167,IA_medio,18,Derrota,6,Si
3167,IA_dificil,19,Victoria,8,Si
3168,IA_facil,21,Victoria,4,Si
3168,IA_medio,22,Derrota,4,Si
3168,IA_dificil,20,Derrota,6,Si
3169,IA_facil,20,Empate,5,Si
3169,IA_medio,19,Derrota,5,Si
3169,IA_dificil,20,Empate,6,Si
3170,IA_facil,18,Empate,6,Si
3170,IA_medio,18,Empate,6,Si
3170,IA_dificil,22,Derrota,6,Si
3171,IA_facil,21,Victoria,6,Si
3171,IA_medio,22,Derrota,6,Si
3171,IA_dificil,22,Derrota,8,Si
3172,IA_facil,19,Victoria,5,Si
3172,IA_medio,24,Derrota,5,Si
3172,IA_dificil,18,Derrota,6,Si
3173,IA_facil,17,Derrota,6,Si
3173,IA_medio,18,Derrota,6,Si
3173,IA_dificil,20,Victoria,7,Si
3174,IA_facil,20,Derrota,5,Si
3174,IA_medio,20,Derrota,7,Si
3174,IA_dificil,21,Victoria,6,Si
3175,IA_facil,19,Empate,4,Si
3175,IA_medio,19,Empate,6,Si
3175,IA_dificil,18,Derrota,5,Si
3176,IA_facil,20,Derrota,5,Si
3176,IA_medio,22,Derrota,8,Si
3176,IA_dificil,21,Victoria,5,Si
3177,IA_facil,19,Victoria,5,Si
3177,IA_medio,18,Derrota,6,Si
3177,IA_dificil,18,Derrota,4,Si
3178,IA_facil,17,Derrota,4,Si
3178,IA_medio,21,Victoria,6,Si
3178,IA_dificil,18,Derrota,7,Si
3179,IA_facil,17,Derrota,4,Si
3179,IA_medio,17,Derrota,6,Si
3179,IA_dificil,18,Victoria,6,Si
3180,IA_facil,18,Victoria,4,Si
3180,IA_medio,23,Derrota,7,Si
3180,IA_dificil,23,Derrota,5,Si
3181,IA_facil,21,Victoria,6,Si
3181,IA_medio,17,Derrota,4,Si
3181,IA_dificil,17,Derrota,4,Si
3182,IA_facil,18,Empate,3,Si
3182,IA_medio,25,Derrota,5,Si
3182,IA_dificil,18,Empate,4,Si
3183,IA_facil,18,Empate,5,Si
3183,IA_medio,18,Empate,4,Si
3183,IA_dificil,18,Empate,6,Si
3184,IA_facil,17,Derrota,5,Si
3184,IA_medio,21,Victoria,5,Si
3184,IA_dificil,20,Derrota,5,Si
3185,IA_facil,20,Victoria,4,Si
3185,IA_medio,17,Derrota,3,Si
3185,IA_dificil,17,Derrota,5,Si
3186,IA_facil,19,Empate,4,Si
3186,IA_medio,17,Derrota,8,Si
3186,IA_dificil,19,Empate,6,Si
3187,IA_facil,17,Derrota,5,Si
3187,IA_medio,20,Victoria,5,Si
3187,IA_dificil,19,Derrota,5,Si
3188,IA_facil,19,Derrota,6,Si
3188,IA_medio,22,Derrota,5,Si
3188,IA_dificil,20,Victoria,7,Si
3189,IA_facil,17,Derrota,5,Si
3189,IA_medio,22,Derrota,7,Si
3189,IA_dificil,19,Victoria,7,Si
3190,IA_facil,19,Victoria,7,Si
3190,IA_medio,17,Derrota,6,Si
3190,IA_dificil,17,Derrota,4,Si
3191,IA_facil,21,Empate,7,Si
3191,IA_medio,20,Derrota,7,Si
3191,IA_dificil,21,Empate,6,Si
3192,IA_facil,22,Derrota,5,Si
3192,IA_medio,19,Victoria,4,Si
3192,IA_dificil,17,Derrota,4,Si
3193,IA_facil,18,Empate,5,Si
3193,IA_medio,22,Derrota,5,Si
3193,IA_dificil,18,Empate,6,Si
3194,IA_facil,21,Empate,5,Si
3194,IA_medio,21,Empate,8,Si
3194,IA_dificil,22,Derrota,6,Si
3195,IA_facil,21,Victoria,5,Si
3195,IA_medio,17,Derrota,5,Si
3195,IA_dificil,17,Derrota,5,Si
3196,IA_facil,17,Derrota,5,Si
3196,IA_medio,21,Empate,7,Si
3196,IA_dificil,21,Empate,6,Si
3197,IA_facil,17,Derrota,5,Si
3197,IA_medio,21,Empate,7,Si
3197,IA_dificil,21,Empate,6,Si
3198,IA_facil,20,Derrota,6,Si
3198,IA_medio,23,Derrota,7,Si
3198,IA_dificil,21,Victoria,5,Si
3199,IA_facil,21,Empate,5,Si
3199,IA_medio,20,Derrota,6,Si
3199,IA_dificil,21,Empate,7,Si
3200,IA_facil,18,Victoria,6,Si
3200,IA_medio,24,Derrota,5,Si
3200,IA_dificil,17,Derrota,6,Si
3201,IA_facil,17,Derrota,6,Si
3201,IA_medio,25,Derrota,6,Si
3201,IA_dificil,20,Victoria,4,Si
3202,IA_facil,21,Victoria,8,Si
3202,IA_medio,20,Derrota,6,Si
3202,IA_dificil,17,Derrota,4,Si
3203,IA_facil,20,Empate,6,Si
3203,IA_medio,17,Derrota,8,Si
3203,IA_dificil,20,Empate,5,Si
3204,IA_facil,19,Empate,5,Si
3204,IA_medio,19,Empate,6,Si
3204,IA_dificil,17,Derrota,5,Si
3205,IA_facil,19,Empate,5,Si
3205,IA_medio,25,Derrota,6,Si
3205,IA_dificil,19,Empate,5,Si
3206,IA_facil,20,Victoria,6,Si
3206,IA_medio,18,Derrota,8,Si
3206,IA_dificil,18,Derrota,4,Si
3207,IA_facil,18,Empate,7,Si
3207,IA_medio,18,Empate,6,Si
3207,IA_dificil,17,Derrota,6,Si
3208,IA_facil,18,Derrota,4,Si
3208,IA_medio,17,Derrota,6,Si
3208,IA_dificil,19,Victoria,6,Si
3209,IA_facil,19,Victoria,5,Si
3209,IA_medio,17,Derrota,5,Si
3209,IA_dificil,18,Derrota,6,Si
3210,IA_facil,18,Derrota,4,Si
3210,IA_medio,21,Empate,7,Si
3210,IA_dificil,21,Empate,6,Si
3211,IA_facil,19,Derrota,4,Si
3211,IA_medio,22,Derrota,5,Si
3211,IA_dificil,20,Victoria,4,Si
3212,IA_facil,18,Empate,5,Si
3212,IA_medio,18,Empate,5,Si
3212,IA_dificil,17,Derrota,6,Si
3213,IA_facil,21,Victoria,5,Si
3213,IA_medio,20,Derrota,7,Si
3213,IA_dificil,17,Derrota,5,Si
3214,IA_facil,18,Derrota,6,Si
3214,IA_medio,20,Victoria,6,Si
3214,IA_dificil,19,Derrota,6,Si
3215,IA_facil,18,Derrota,5,Si
3215,IA_medio,18,Derrota,6,Si
3215,IA_dificil,20,Victoria,4,Si
3216,IA_facil,18,Derrota,5,Si
3216,IA_medio,17,Derrota,6,Si
3216,IA_dificil,21,Victoria,6,Si
3217,IA_facil,18,Victoria,6,Si
3217,IA_medio,17,Derrota,5,Si
3217,IA_dificil,17,Derrota,4,Si
3218,IA_facil,17,Derrota,6,Si
3218,IA_medio,20,Victoria,7,Si
3218,IA_dificil,19,Derrota,6,Si
3219,IA_facil,17,Derrota,7,Si
3219,IA_medio,22,Derrota,4,Si
3219,IA_dificil,20,Victoria,5,Si
3220,IA_facil,17,Derrota,6,Si
3220,IA_medio,18,Empate,5,Si
3220,IA_dificil,18,Empate,5,Si
3221,IA_facil,19,Derrota,5,Si
3221,IA_medio,22,Derrota,4,Si
3221,IA_dificil,21,Victoria,6,Si
3222,IA_facil,17,Derrota,4,Si
3222,IA_medio,17,Derrota,4,Si
3222,IA_dificil,20,Victoria,5,Si
3223,IA_facil,19,Derrota,5,Si
3223,IA_medio,21,Victoria,6,Si
3223,IA_dificil,18,Derrota,4,Si
3224,IA_facil,17,Derrota,5,Si
3224,IA_medio,22,Derrota,7,Si
3224,IA_dificil,19,Victoria,5,Si
3225,IA_facil,19,Derrota,6,Si
3225,IA_medio,20,Victoria,4,Si
3225,IA_dificil,17,Derrota,3,Si
3226,IA_facil,21,Victoria,4,Si
3226,IA_medio,20,Derrota,5,Si
3226,IA_dificil,23,Derrota,5,Si
3227,IA_facil,18,Derrota,6,Si
3227,IA_medio,18,Derrota,8,Si
3227,IA_dificil,19,Victoria,5,Si
3228,IA_facil,20,Victoria,6,Si
3228,IA_medio,22,Derrota,5,Si
3228,IA_dificil,18,Derrota,4,Si
3229,IA_facil,17,Derrota,5,Si
3229,IA_medio,22,Derrota,6,Si
3229,IA_dificil,18,Victoria,6,Si
3230,IA_facil,17,Derrota,5,Si
3230,IA_medio,19,Derrota,6,Si
3230,IA_dificil,21,Victoria,7,Si
3231,IA_facil,19,Victoria,7,Si
3231,IA_medio,17,Derrota,5,Si
3231,IA_dificil,22,Derrota,5,Si
3232,IA_facil,18,Victoria,5,Si
3232,IA_medio,23,Derrota,9,Si
3232,IA_dificil,24,Derrota,5,Si
3233,IA_facil,17,Derrota,7,Si
3233,IA_medio,23,Derrota,8,Si
3233,IA_dificil,18,Victoria,6,Si
3234,IA_facil,21,Victoria,7,Si
3234,IA_medio,19,Derrota,5,Si
3234,IA_dificil,20,Derrota,5,Si
3235,IA_facil,21,Victoria,4,Si
3235,IA_medio,22,Derrota,7,Si
3235,IA_dificil,17,Derrota,5,Si
3236,IA_facil,19,Victoria,4,Si
3236,IA_medio,25,Derrota,7,Si
3236,IA_dificil,22,Derrota,7,Si
3237,IA_facil,17,Derrota,6,Si
3237,IA_medio,24,Derrota,5,Si
3237,IA_dificil,21,Victoria,7,Si
3238,IA_facil,22,Derrota,6,Si
3238,IA_medio,18,Derrota,6,Si
3238,IA_dificil,21,Victoria,5,Si
3239,IA_facil,17,Derrota,9,Si
3239,IA_medio,21,Empate,8,Si
3239,IA_dificil,21,Empate,7,Si
3240,IA_facil,22,Derrota,4,Si
3240,IA_medio,18,Victoria,5,Si
3240,IA_dificil,17,Derrota,5,Si
3241,IA_facil,19,Derrota,6,Si
3241,IA_medio,22,Derrota,5,Si
3241,IA_dificil,21,Victoria,5,Si
3242,IA_facil,20,Victoria,6,Si
3242,IA_medio,23,Derrota,7,Si
3242,IA_dificil,25,Derrota,6,Si
3243,IA_facil,17,Derrota,4,Si
3243,IA_medio,21,Victoria,6,Si
3243,IA_dificil,22,Derrota,6,Si
3244,IA_facil,22,Derrota,7,Si
3244,IA_medio,20,Victoria,6,Si
3244,IA_dificil,18,Derrota,6,Si
3245,IA_facil,22,Derrota,5,Si
3245,IA_medio,17,Derrota,4,Si
3245,IA_dificil,18,Victoria,5,Si
3246,IA_facil,18,Derrota,5,Si
3246,IA_medio,24,Derrota,6,Si
3246,IA_dificil,21,Victoria,5,Si
3247,IA_facil,17,Victoria,8,Si
3247,IA_medio,25,Derrota,6,Si
3247,IA_dificil,22,Derrota,6,Si
3248,IA_facil,17,Derrota,4,Si
3248,IA_medio,21,Victoria,5,Si
3248,IA_dificil,20,Derrota,6,Si
3249,IA_facil,17,Derrota,5,Si
3249,IA_medio,20,Victoria,5,Si
3249,IA_dificil,25,Derrota,7,Si
3250,IA_facil,22,Derrota,4,Si
3250,IA_medio,20,Victoria,6,Si
3250,IA_dificil,18,Derrota,6,Si
3251,IA_facil,19,Victoria,5,Si
3251,IA_medio,18,Derrota,5,Si
3251,IA_dificil,17,Derrota,7,Si
3252,IA_facil,18,Derrota,4,Si
3252,IA_medio,25,Derrota,6,Si
3252,IA_dificil,20,Victoria,8,Si
3253,IA_facil,19,Empate,6,Si
3253,IA_medio,19,Empate,7,Si
3253,IA_dificil,17,Derrota,7,Si
3254,IA_facil,17,Derrota,5,Si
3254,IA_medio,19,Empate,8,Si
3254,IA_dificil,19,Empate,6,Si
3255,IA_facil,17,Empate,4,Si
3255,IA_medio,17,Empate,5,Si
3255,IA_dificil,22,Derrota,6,Si
3256,IA_facil,19,Derrota,5,Si
3256,IA_medio,21,Victoria,5,Si
3256,IA_dificil,17,Derrota,6,Si
3257,IA_facil,18,Derrota,5,Si
3257,IA_medio,22,Derrota,5,Si
3257,IA_dificil,20,Victoria,5,Si
3258,IA_facil,17,Derrota,4,Si
3258,IA_medio,18,Victoria,4,Si
3258,IA_dificil,17,Derrota,5,Si
3259,IA_facil,20,Empate,5,Si
3259,IA_medio,20,Empate,6,Si
3259,IA_dificil,17,Derrota,5,Si
3260,IA_facil,17,Derrota,5,Si
3260,IA_medio,19,Victoria,5,Si
3260,IA_dificil,17,Derrota,4,Si
3261,IA_facil,18,Derrota,7,Si
3261,IA_medio,24,Derrota,9,Si
3261,IA_dificil,20,Victoria,6,Si
3262,IA_facil,17,Derrota,6,Si
3262,IA_medio,19,Victoria,6,Si
3262,IA_dificil,17,Derrota,7,Si
3263,IA_facil,18,Derrota,6,Si
3263,IA_medio,24,Derrota,7,Si
3263,IA_dificil,20,Victoria,5,Si
3264,IA_facil,22,Derrota,6,Si
3264,IA_medio,22,Derrota,7,Si
3264,IA_dificil,21,Victoria,6,Si
3265,IA_facil,18,Derrota,5,Si
3265,IA_medio,19,Victoria,5,Si
3265,IA_dificil,17,Derrota,7,Si
3266,IA_facil,20,Victoria,5,Si
3266,IA_medio,23,Derrota,9,Si
3266,IA_dificil,19,Derrota,5,Si
3267,IA_facil,17,Derrota,4,Si
3267,IA_medio,17,Derrota,4,Si
3267,IA_dificil,20,Victoria,6,Si
3268,IA_facil,18,Derrota,4,Si
3268,IA_medio,20,Empate,6,Si
3268,IA_dificil,20,Empate,7,Si
3269,IA_facil,18,Derrota,5,Si
3269,IA_medio,19,Victoria,6,Si
3269,IA_dificil,18,Derrota,5,Si
3270,IA_facil,17,Derrota,4,Si
3270,IA_medio,18,Empate,6,Si
3270,IA_dificil,18,Empate,4,Si
3271,IA_facil,19,Empate,7,Si
3271,IA_medio,19,Empate,5,Si
3271,IA_dificil,19,Empate,6,Si
3272,IA_facil,20,Victoria,8,Si
3272,IA_medio,19,Derrota,5,Si
3272,IA_dificil,19,Derrota,5,Si
3273,IA_facil,22,Derrota,4,Si
3273,IA_medio,18,Empate,4,Si
3273,IA_dificil,18,Empate,5,Si
3274,IA_facil,19,Derrota,7,Si
3274,IA_medio,21,Victoria,7,Si
3274,IA_dificil,20,Derrota,6,Si
3275,IA_facil,20,Derrota,5,Si
3275,IA_medio,21,Victoria,4,Si
3275,IA_dificil,19,Derrota,6,Si
3276,IA_facil,20,Derrota,6,Si
3276,IA_medio,21,Victoria,5,Si
3276,IA_dificil,17,Derrota,6,Si
3277,IA_facil,19,Victoria,6,Si
3277,IA_medio,18,Derrota,5,Si
3277,IA_dificil,18,Derrota,4,Si
3278,IA_facil,20,Derrota,6,Si
3278,IA_medio,21,Victoria,6,Si
3278,IA_dificil,17,Derrota,4,Si
3279,IA_facil,18,Derrota,6,Si
3279,IA_medio,19,Victoria,4,Si
3279,IA_dificil,22,Derrota,7,Si
3280,IA_facil,17,Derrota,5,Si
3280,IA_medio,19,Empate,5,Si
3280,IA_dificil,19,Empate,6,Si
3281,IA_facil,18,Derrota,5,Si
3281,IA_medio,20,Victoria,7,Si
3281,IA_dificil,17,Derrota,6,Si
3282,IA_facil,17,Derrota,5,Si
3282,IA_medio,19,Derrota,8,Si
3282,IA_dificil,20,Victoria,5,Si
3283,IA_facil,22,Derrota,6,Si
3283,IA_medio,22,Derrota,5,Si
3283,IA_dificil,20,Victoria,6,Si
3284,IA_facil,18,Victoria,5,Si
3284,IA_medio,22,Derrota,6,Si
3284,IA_dificil,23,Derrota,6,Si
3285,IA_facil,22,Derrota,5,Si
3285,IA_medio,21,Victoria,8,Si
3285,IA_dificil,19,Derrota,7,Si
3286,IA_facil,21,Victoria,8,Si
3286,IA_medio,19,Derrota,6,Si
3286,IA_dificil,17,Derrota,8,Si
3287,IA_facil,18,Empate,6,Si
3287,IA_medio,17,Derrota,4,Si
3287,IA_dificil,18,Empate,5,Si
3288,IA_facil,18,Empate,4,Si
3288,IA_medio,24,Derrota,6,Si
3288,IA_dificil,18,Empate,5,Si
3289,IA_facil,22,Derrota,7,Si
3289,IA_medio,21,Victoria,6,Si
3289,IA_dificil,23,Derrota,6,Si
3290,IA_facil,17,Derrota,5,Si
3290,IA_medio,20,Victoria,6,Si
3290,IA_dificil,17,Derrota,5,Si
3291,IA_facil,18,Victoria,5,Si
3291,IA_medio,25,Derrota,6,Si
3291,IA_dificil,17,Derrota,6,Si
3292,IA_facil,18,Derrota,5,Si
3292,IA_medio,24,Derrota,8,Si
3292,IA_dificil,20,Victoria,9,Si
3293,IA_facil,22,Derrota,5,Si
3293,IA_medio,20,Victoria,7,Si
3293,IA_dificil,19,Derrota,6,Si
3294,IA_facil,20,Victoria,6,Si
3294,IA_medio,24,Derrota,8,Si
3294,IA_dificil,18,Derrota,4,Si
3295,IA_facil,21,Victoria,8,Si
3295,IA_medio,20,Derrota,8,Si
3295,IA_dificil,18,Derrota,4,Si
3296,IA_facil,17,Derrota,4,Si
3296,IA_medio,17,Derrota,6,Si
3296,IA_dificil,21,Victoria,5,Si
3297,IA_facil,17,Derrota,5,Si
3297,IA_medio,20,Victoria,6,Si
3297,IA_dificil,18,Derrota,5,Si
3298,IA_facil,17,Derrota,6,Si
3298,IA_medio,20,Victoria,6,Si
3298,IA_dificil,18,Derrota,4,Si
3299,IA_facil,20,Victoria,4,Si
3299,IA_medio,18,Derrota,6,Si
3299,IA_dificil,17,Derrota,8,Si
3300,IA_facil,18,Empate,6,Si
3300,IA_medio,17,Derrota,5,Si
3300,IA_dificil,18,Empate,4,Si
3301,IA_facil,17,Derrota,5,Si
3301,IA_medio,19,Empate,5,Si
3301,IA_dificil,19,Empate,6,Si
3302,IA_facil,22,Derrota,7,Si
3302,IA_medio,20,Derrota,4,Si
3302,IA_dificil,21,Victoria,6,Si
3303,IA_facil,21,Empate,4,Si
3303,IA_medio,21,Empate,4,Si
3303,IA_dificil,17,Derrota,6,Si
3304,IA_facil,19,Derrota,6,Si
3304,IA_medio,21,Victoria,8,Si
3304,IA_dificil,17,Derrota,4,Si
3305,IA_facil,20,Victoria,6,Si
3305,IA_medio,17,Derrota,5,Si
3305,IA_dificil,17,Derrota,6,Si
3306,IA_facil,17,Derrota,3,Si
3306,IA_medio,20,Derrota,4,Si
3306,IA_dificil,21,Victoria,8,Si
3307,IA_facil,19,Victoria,4,Si
3307,IA_medio,18,Derrota,4,Si
3307,IA_dificil,18,Derrota,5,Si
3308,IA_facil,17,Derrota,4,Si
3308,IA_medio,20,Victoria,5,Si
3308,IA_dificil,19,Derrota,6,Si
3309,IA_facil,17,Victoria,7,Si
3309,IA_medio,22,Derrota,7,Si
3309,IA_dificil,24,Derrota,4,Si
3310,IA_facil,17,Derrota,7,Si
3310,IA_medio,20,Victoria,4,Si
3310,IA_dificil,18,Derrota,6,Si
3311,IA_facil,17,Derrota,5,Si
3311,IA_medio,23,Derrota,8,Si
3311,IA_dificil,21,Victoria,5,Si
3312,IA_facil,21,Victoria,6,Si
3312,IA_medio,23,Derrota,5,Si
3312,IA_dificil,18,Derrota,5,Si
3313,IA_facil,18,Derrota,5,Si
3313,IA_medio,20,Victoria,8,Si
3313,IA_dificil,17,Derrota,5,Si
3314,IA_facil,20,Derrota,4,Si
3314,IA_medio,17,Derrota,4,Si
3314,IA_dificil,21,Victoria,7,Si
3315,IA_facil,20,Empate,8,Si
3315,IA_medio,20,Empate,8,Si
3315,IA_dificil,20,Empate,5,Si
3316,IA_facil,21,Empate,5,Si
3316,IA_medio,21,Empate,5,Si
3316,IA_dificil,17,Derrota,7,Si
3317,IA_facil,17,Derrota,4,Si
3317,IA_medio,17,Derrota,5,Si
3317,IA_dificil,20,Victoria,6,Si
3318,IA_facil,18,Derrota,5,Si
3318,IA_medio,21,Victoria,5,Si
3318,IA_dificil,20,Derrota,4,Si
3319,IA_facil,20,Derrota,5,Si
3319,IA_medio,21,Victoria,6,Si
3319,IA_dificil,18,Derrota,5,Si
3320,IA_facil,21,Empate,7,Si
3320,IA_medio,21,Empate,7,Si
3320,IA_dificil,17,Derrota,5,Si
3321,IA_facil,18,Derrota,4,Si
3321,IA_medio,20,Empate,4,Si
3321,IA_dificil,20,Empate,5,Si
3322,IA_facil,19,Derrota,6,Si
3322,IA_medio,20,Victoria,7,Si
3322,IA_dificil,19,Derrota,6,Si
3323,IA_facil,17,Derrota,4,Si
3323,IA_medio,17,Derrota,4,Si
3323,IA_dificil,19,Victoria,5,Si
3324,IA_facil,17,Derrota,6,Si
3324,IA_medio,20,Victoria,8,Si
3324,IA_dificil,17,Derrota,4,Si
3325,IA_facil,20,Victoria,5,Si
3325,IA_medio,19,Derrota,6,Si
3325,IA_dificil,22,Derrota,6,Si
3326,IA_facil,22,Derrota,6,Si
3326,IA_medio,24,Derrota,6,Si
3326,IA_dificil,20,Victoria,7,Si
3327,IA_facil,21,Victoria,6,Si
3327,IA_medio,23,Derrota,5,Si
3327,IA_dificil,19,Derrota,4,Si
3328,IA_facil,17,Derrota,4,Si
3328,IA_medio,20,Victoria,7,Si
3328,IA_dificil,22,Derrota,7,Si
3329,IA_facil,17,Derrota,5,Si
3329,IA_medio,20,Victoria,5,Si
3329,IA_dificil,18,Derrota,5,Si
3330,IA_facil,18,Derrota,5,Si
3330,IA_medio,24,Derrota,5,Si
3330,IA_dificil,19,Victoria,5,Si
3331,IA_facil,17,Empate,5,Si
3331,IA_medio,17,Empate,6,Si
3331,IA_dificil,17,Empate,4,Si
3332,IA_facil,18,Victoria,4,Si
3332,IA_medio,22,Derrota,6,Si
3332,IA_dificil,22,Derrota,6,Si
3333,IA_facil,18,Derrota,5,Si
3333,IA_medio,21,Victoria,9,Si
3333,IA_dificil,20,Derrota,6,Si
3334,IA_facil,19,Victoria,8,Si
3334,IA_medio,17,Derrota,4,Si
3334,IA_dificil,22,Derrota,6,Si
3335,IA_facil,17,Derrota,6,Si
3335,IA_medio,22,Derrota,5,Si
3335,IA_dificil,20,Victoria,6,Si
3336,IA_facil,17,Derrota,4,Si
3336,IA_medio,21,Victoria,5,Si
3336,IA_dificil,19,Derrota,6,Si
3337,IA_facil,21,Victoria,6,Si
3337,IA_medio,17,Derrota,5,Si
3337,IA_dificil,18,Derrota,4,Si
3338,IA_facil,17,Derrota,6,Si
3338,IA_medio,21,Victoria,6,Si
3338,IA_dificil,18,Derrota,5,Si
3339,IA_facil,18,Victoria,5,Si
3339,IA_medio,22,Derrota,5,Si
3339,IA_dificil,23,Derrota,7,Si
3340,IA_facil,17,Derrota,5,Si
3340,IA_medio,17,Derrota,6,Si
3340,IA_dificil,21,Victoria,5,Si
3341,IA_facil,18,Derrota,6,Si
3341,IA_medio,21,Victoria,8,Si
3341,IA_dificil,17,Derrota,5,Si
3342,IA_facil,17,Derrota,7,Si
3342,IA_medio,21,Victoria,6,Si
3342,IA_dificil,19,Derrota,7,Si
3343,IA_facil,19,Derrota,4,Si
3343,IA_medio,18,Derrota,5,Si
3343,IA_dificil,21,Victoria,5,Si
3344,IA_facil,20,Victoria,4,Si
3344,IA_medio,24,Derrota,6,Si
3344,IA_dificil,22,Derrota,6,Si
3345,IA_facil,17,Derrota,6,Si
3345,IA_medio,21,Victoria,6,Si
3345,IA_dificil,20,Derrota,7,Si
3346,IA_facil,18,Derrota,5,Si
3346,IA_medio,19,Victoria,4,Si
3346,IA_dificil,17,Derrota,5,Si
3347,IA_facil,19,Derrota,7,Si
3347,IA_medio,21,Victoria,5,Si
3347,IA_dificil,18,Derrota,5,Si
3348,IA_facil,17,Derrota,6,Si
3348,IA_medio,17,Derrota,7,Si
3348,IA_dificil,18,Victoria,7,Si
3349,IA_facil,17,Derrota,4,Si
3349,IA_medio,23,Derrota,8,Si
3349,IA_dificil,21,Victoria,6,Si
3350,IA_facil,18,Derrota,4,Si
3350,IA_medio,19,Victoria,7,Si
3350,IA_dificil,22,Derrota,6,Si
3351,IA_facil,18,Empate,6,Si
3351,IA_medio,17,Derrota,4,Si
3351,IA_dificil,18,Empate,4,Si
3352,IA_facil,20,Empate,4,Si
3352,IA_medio,17,Derrota,4,Si
3352,IA_dificil,20,Empate,7,Si
3353,IA_facil,17,Derrota,4,Si
3353,IA_medio,21,Victoria,6,Si
3353,IA_dificil,24,Derrota,7,Si
3354,IA_facil,21,Victoria,7,Si
3354,IA_medio,20,Derrota,7,Si
3354,IA_dificil,22,Derrota,5,Si
3355,IA_facil,19,Empate,6,Si
3355,IA_medio,19,Empate,7,Si
3355,IA_dificil,18,Derrota,8,Si
3356,IA_facil,20,Victoria,5,Si
3356,IA_medio,19,Derrota,6,Si
3356,IA_dificil,17,Derrota,4,Si
3357,IA_facil,21,Victoria,5,Si
3357,IA_medio,17,Derrota,4,Si
3357,IA_dificil,18,Derrota,4,Si
3358,IA_facil,17,Derrota,4,Si
3358,IA_medio,22,Derrota,5,Si
3358,IA_dificil,20,Victoria,6,Si
3359,IA_facil,19,Derrota,5,Si
3359,IA_medio,21,Victoria,5,Si
3359,IA_dificil,19,Derrota,4,Si
3360,IA_facil,22,Derrota,6,Si
3360,IA_medio,19,Derrota,5,Si
3360,IA_dificil,20,Victoria,5,Si
3361,IA_facil,17,Derrota,5,Si
3361,IA_medio,20,Derrota,5,Si
3361,IA_dificil,21,Victoria,5,Si
3362,IA_facil,17,Derrota,4,Si
3362,IA_medio,20,Empate,8,Si
3362,IA_dificil,20,Empate,4,Si
3363,IA_facil,17,Derrota,5,Si
3363,IA_medio,19,Derrota,7,Si
3363,IA_dificil,21,Victoria,6,Si
3364,IA_facil,17,Derrota,5,Si
3364,IA_medio,21,Victoria,5,Si
3364,IA_dificil,17,Derrota,5,Si
3365,IA_facil,18,Derrota,6,Si
3365,IA_medio,21,Victoria,5,Si
3365,IA_dificil,20,Derrota,5,Si
3366,IA_facil,21,Victoria,5,Si
3366,IA_medio,17,Derrota,6,Si
3366,IA_dificil,18,Derrota,5,Si
3367,IA_facil,17,Derrota,6,Si
3367,IA_medio,21,Victoria,5,Si
3367,IA_dificil,20,Derrota,5,Si
3368,IA_facil,18,Derrota,6,Si
3368,IA_medio,21,Victoria,8,Si
3368,IA_dificil,20,Derrota,4,Si
3369,IA_facil,17,Derrota,5,Si
3369,IA_medio,21,Victoria,6,Si
3369,IA_dificil,20,Derrota,5,Si
3370,IA_facil,18,Derrota,4,Si
3370,IA_medio,23,Derrota,8,Si
3370,IA_dificil,20,Victoria,5,Si
3371,IA_facil,19,Empate,5,Si
3371,IA_medio,19,Empate,5,Si
3371,IA_dificil,22,Derrota,6,Si
3372,IA_facil,19,Derrota,9,Si
3372,IA_medio,20,Empate,5,Si
3372,IA_dificil,20,Empate,6,Si
3373,IA_facil,19,Derrota,7,Si
3373,IA_medio,24,Derrota,8,Si
3373,IA_dificil,21,Victoria,6,Si
3374,IA_facil,21,Victoria,6,Si
3374,IA_medio,23,Derrota,7,Si
3374,IA_dificil,24,Derrota,5,Si
3375,IA_facil,19,Derrota,4,Si
3375,IA_medio,19,Derrota,5,Si
3375,IA_dificil,20,Victoria,7,Si
3376,IA_facil,19,Derrota,4,Si
3376,IA_medio,21,Victoria,7,Si
3376,IA_dificil,17,Derrota,6,Si
3377,IA_facil,18,Derrota,7,Si
3377,IA_medio,23,Derrota,5,Si
3377,IA_dificil,19,Victoria,5,Si
3378,IA_facil,19,Victoria,6,Si
3378,IA_medio,17,Derrota,5,Si
3378,IA_dificil,22,Derrota,5,Si
3379,IA_facil,21,Victoria,4,Si
3379,IA_medio,20,Derrota,9,Si
3379,IA_dificil,19,Derrota,5,Si
3380,IA_facil,21,Victoria,6,Si
3380,IA_medio,23,Derrota,8,Si
3380,IA_dificil,18,Derrota,3,Si
3381,IA_facil,19,Victoria,5,Si
3381,IA_medio,24,Derrota,8,Si
3381,IA_dificil,18,Derrota,7,Si
3382,IA_facil,17,Empate,6,Si
3382,IA_medio,17,Empate,8,Si
3382,IA_dificil,22,Derrota,5,Si
3383,IA_facil,21,Victoria,8,Si
3383,IA_medio,20,Derrota,5,Si
3383,IA_dificil,22,Derrota,6,Si
3384,IA_facil,21,Victoria,6,Si
3384,IA_medio,20,Derrota,5,Si
3384,IA_dificil,23,Derrota,6,Si
3385,IA_facil,17,Derrota,4,Si
3385,IA_medio,20,Victoria,6,Si
3385,IA_dificil,17,Derrota,4,Si
3386,IA_facil,18,Victoria,5,Si
3386,IA_medio,17,Derrota,7,Si
3386,IA_dificil,22,Derrota,6,Si
3387,IA_facil,17,Derrota,4,Si
3387,IA_medio,18,Victoria,6,Si
3387,IA_dificil,22,Derrota,5,Si
3388,IA_facil,17,Derrota,6,Si
3388,IA_medio,17,Derrota,4,Si
3388,IA_dificil,21,Victoria,6,Si
3389,IA_facil,19,Derrota,6,Si
3389,IA_medio,21,Victoria,5,Si
3389,IA_dificil,25,Derrota,9,Si
3390,IA_facil,17,Derrota,6,Si
3390,IA_medio,23,Derrota,5,Si
3390,IA_dificil,18,Victoria,4,Si
3391,IA_facil,18,Derrota,6,Si
3391,IA_medio,22,Derrota,6,Si
3391,IA_dificil,20,Victoria,6,Si
3392,IA_facil,19,Derrota,5,Si
3392,IA_medio,19,Derrota,4,Si
3392,IA_dificil,20,Victoria,6,Si
3393,IA_facil,17,Derrota,4,Si
3393,IA_medio,20,Victoria,7,Si
3393,IA_dificil,19,Derrota,5,Si
3394,IA_facil,18,Empate,5,Si
3394,IA_medio,22,Derrota,7,Si
3394,IA_dificil,18,Empate,7,Si
3395,IA_facil,19,Derrota,6,Si
3395,IA_medio,21,Victoria,7,Si
3395,IA_dificil,17,Derrota,8,Si
3396,IA_facil,19,Empate,7,Si
3396,IA_medio,19,Empate,7,Si
3396,IA_dificil,17,Derrota,6,Si
3397,IA_facil,20,Derrota,4,Si
3397,IA_medio,20,Derrota,8,Si
3397,IA_dificil,21,Victoria,7,Si
3398,IA_facil,20,Empate,6,Si
3398,IA_medio,19,Derrota,5,Si
3398,IA_dificil,20,Empate,5,Si
3399,IA_facil,17,Derrota,3,Si
3399,IA_medio,18,Victoria,7,Si
3399,IA_dificil,17,Derrota,6,Si
3400,IA_facil,18,Derrota,5,Si
3400,IA_medio,20,Victoria,7,Si
3400,IA_dificil,19,Derrota,5,Si
3401,IA_facil,21,Empate,6,Si
3401,IA_medio,20,Derrota,5,Si
3401,IA_dificil,21,Empate,4,Si
3402,IA_facil,18,Derrota,6,Si
3402,IA_medio,17,Derrota,4,Si
3402,IA_dificil,19,Victoria,7,Si
3403,IA_facil,18,Derrota,6,Si
3403,IA_medio,20,Empate,6,Si
3403,IA_dificil,20,Empate,5,Si
3404,IA_facil,17,Derrota,5,Si
3404,IA_medio,22,Derrota,5,Si
3404,IA_dificil,18,Victoria,5,Si
3405,IA_facil,22,Derrota,5,Si
3405,IA_medio,19,Derrota,5,Si
3405,IA_dificil,21,Victoria,6,Si
3406,IA_facil,19,Derrota,6,Si
3406,IA_medio,25,Derrota,7,Si
3406,IA_dificil,20,Victoria,7,Si
3407,IA_facil,17,Derrota,4,Si
3407,IA_medio,22,Derrota,5,Si
3407,IA_dificil,20,Victoria,5,Si
3408,IA_facil,22,Derrota,5,Si
3408,IA_medio,19,Victoria,5,Si
3408,IA_dificil,18,Derrota,6,Si
3409,IA_facil,17,Derrota,6,Si
3409,IA_medio,23,Derrota,6,Si
3409,IA_dificil,18,Victoria,4,Si
3410,IA_facil,17,Derrota,5,Si
3410,IA_medio,21,Victoria,7,Si
3410,IA_dificil,20,Derrota,4,Si
3411,IA_facil,18,Empate,4,Si
3411,IA_medio,18,Empate,5,Si
3411,IA_dificil,17,Derrota,5,Si
3412,IA_facil,18,Victoria,8,Si
3412,IA_medio,23,Derrota,5,Si
3412,IA_dificil,17,Derrota,6,Si
3413,IA_facil,22,Derrota,8,Si
3413,IA_medio,20,Victoria,9,Si
3413,IA_dificil,17,Derrota,5,Si
3414,IA_facil,17,Derrota,4,Si
3414,IA_medio,21,Victoria,5,Si
3414,IA_dificil,18,Derrota,5,Si
3415,IA_facil,17,Derrota,7,Si
3415,IA_medio,18,Empate,6,Si
3415,IA_dificil,18,Empate,6,Si
3416,IA_facil,19,Victoria,5,Si
3416,IA_medio,18,Derrota,5,Si
3416,IA_dificil,18,Derrota,4,Si
3417,IA_facil,18,Derrota,7,Si
3417,IA_medio,19,Empate,5,Si
3417,IA_dificil,19,Empate,6,Si
3418,IA_facil,18,Empate,5,Si
3418,IA_medio,22,Derrota,5,Si
3418,IA_dificil,18,Empate,6,Si
3419,IA_facil,19,Victoria,5,Si
3419,IA_medio,24,Derrota,7,Si
3419,IA_dificil,18,Derrota,4,Si
3420,IA_facil,20,Empate,5,Si
3420,IA_medio,17,Derrota,4,Si
3420,IA_dificil,20,Empate,7,Si
3421,IA_facil,18,Derrota,4,Si
3421,IA_medio,21,Victoria,6,Si
3421,IA_dificil,17,Derrota,5,Si
3422,IA_facil,21,Empate,6,Si
3422,IA_medio,21,Empate,6,Si
3422,IA_dificil,18,Derrota,6,Si
3423,IA_facil,19,Victoria,5,Si
3423,IA_medio,17,Derrota,5,Si
3423,IA_dificil,18,Derrota,6,Si
3424,IA_facil,22,Derrota,7,Si
3424,IA_medio,20,Victoria,5,Si
3424,IA_dificil,18,Derrota,7,Si
3425,IA_facil,19,Empate,4,Si
3425,IA_medio,18,Derrota,5,Si
3425,IA_dificil,19,Empate,6,Si
3426,IA_facil,17,Derrota,5,Si
3426,IA_medio,22,Derrota,7,Si
3426,IA_dificil,20,Victoria,9,Si
3427,IA_facil,18,Derrota,4,Si
3427,IA_medio,17,Derrota,5,Si
3427,IA_dificil,21,Victoria,7,Si
3428,IA_facil,17,Derrota,4,Si
3428,IA_medio,19,Victoria,7,Si
3428,IA_dificil,24,Derrota,5,Si
3429,IA_facil,18,Victoria,5,Si
3429,IA_medio,17,Derrota,5,Si
3429,IA_dificil,17,Derrota,4,Si
3430,IA_facil,17,Empate,7,Si
3430,IA_medio,22,Derrota,7,Si
3430,IA_dificil,17,Empate,6,Si
3431,IA_facil,18,Derrota,6,Si
3431,IA_medio,18,Derrota,4,Si
3431,IA_dificil,21,Victoria,6,Si
3432,IA_facil,19,Derrota,5,Si
3432,IA_medio,20,Victoria,4,Si
3432,IA_dificil,18,Derrota,4,Si
3433,IA_facil,22,Derrota,6,Si
3433,IA_medio,17,Derrota,6,Si
3433,IA_dificil,18,Victoria,6,Si
3434,IA_facil,22,Derrota,5,Si
3434,IA_medio,20,Victoria,5,Si
3434,IA_dificil,18,Derrota,5,Si
3435,IA_facil,21,Victoria,4,Si
3435,IA_medio,17,Derrota,4,Si
3435,IA_dificil,20,Derrota,4,Si
3436,IA_facil,17,Derrota,7,Si
3436,IA_medio,21,Victoria,5,Si
3436,IA_dificil,19,Derrota,4,Si
3437,IA_facil,18,Derrota,5,Si
3437,IA_medio,21,Victoria,6,Si
3437,IA_dificil,18,Derrota,6,Si
3438,IA_facil,17,Derrota,4,Si
3438,IA_medio,18,Victoria,8,Si
3438,IA_dificil,17,Derrota,6,Si
3439,IA_facil,20,Victoria,4,Si
3439,IA_medio,23,Derrota,5,Si
3439,IA_dificil,17,Derrota,5,Si
3440,IA_facil,17,Derrota,7,Si
3440,IA_medio,21,Victoria,7,Si
3440,IA_dificil,17,Derrota,4,Si
3441,IA_facil,17,Derrota,4,Si
3441,IA_medio,22,Derrota,7,Si
3441,IA_dificil,18,Victoria,6,Si
3442,IA_facil,18,Victoria,4,Si
3442,IA_medio,22,Derrota,8,Si
3442,IA_dificil,17,Derrota,6,Si
3443,IA_facil,20,Victoria,6,Si
3443,IA_medio,19,Derrota,5,Si
3443,IA_dificil,23,Derrota,5,Si
3444,IA_facil,18,Derrota,6,Si
3444,IA_medio,17,Derrota,4,Si
3444,IA_dificil,20,Victoria,4,Si
3445,IA_facil,18,Victoria,4,Si
3445,IA_medio,22,Derrota,5,Si
3445,IA_dificil,17,Derrota,3,Si
3446,IA_facil,18,Derrota,7,Si
3446,IA_medio,20,Victoria,4,Si
3446,IA_dificil,17,Derrota,4,Si
3447,IA_facil,18,Derrota,4,Si
3447,IA_medio,21,Victoria,4,Si
3447,IA_dificil,17,Derrota,4,Si
3448,IA_facil,17,Empate,4,Si
3448,IA_medio,23,Derrota,7,Si
3448,IA_dificil,17,Empate,6,Si
3449,IA_facil,20,Derrota,4,Si
3449,IA_medio,23,Derrota,9,Si
3449,IA_dificil,21,Victoria,8,Si
3450,IA_facil,17,Derrota,5,Si
3450,IA_medio,20,Empate,10,Si
3450,IA_dificil,20,Empate,6,Si
3451,IA_facil,18,Derrota,5,Si
3451,IA_medio,20,Victoria,4,Si
3451,IA_dificil,18,Derrota,6,Si
3452,IA_facil,17,Derrota,6,Si
3452,IA_medio,20,Derrota,5,Si
3452,IA_dificil,21,Victoria,5,Si
3453,IA_facil,22,Derrota,4,Si
3453,IA_medio,17,Empate,4,Si
3453,IA_dificil,17,Empate,4,Si
3454,IA_facil,17,Derrota,5,Si
3454,IA_medio,24,Derrota,9,Si
3454,IA_dificil,18,Victoria,8,Si
3455,IA_facil,20,Empate,6,Si
3455,IA_medio,20,Empate,5,Si
3455,IA_dificil,17,Derrota,6,Si
3456,IA_facil,17,Derrota,4,Si
3456,IA_medio,18,Derrota,7,Si
3456,IA_dificil,20,Victoria,5,Si
3457,IA_facil,17,Derrota,4,Si
3457,IA_medio,22,Derrota,6,Si
3457,IA_dificil,20,Victoria,7,Si
3458,IA_facil,20,Derrota,7,Si
3458,IA_medio,21,Victoria,6,Si
3458,IA_dificil,17,Derrota,5,Si
3459,IA_facil,17,Derrota,4,Si
3459,IA_medio,21,Victoria,5,Si
3459,IA_dificil,19,Derrota,6,Si
3460,IA_facil,19,Victoria,5,Si
3460,IA_medio,18,Derrota,6,Si
3460,IA_dificil,23,Derrota,6,Si
3461,IA_facil,19,Victoria,5,Si
3461,IA_medio,18,Derrota,5,Si
3461,IA_dificil,17,Derrota,7,Si
3462,IA_facil,17,Derrota,7,Si
3462,IA_medio,18,Victoria,4,Si
3462,IA_dificil,17,Derrota,5,Si
3463,IA_facil,19,Victoria,6,Si
3463,IA_medio,25,Derrota,7,Si
3463,IA_dificil,17,Derrota,7,Si
3464,IA_facil,18,Derrota,6,Si
3464,IA_medio,19,Derrota,6,Si
3464,IA_dificil,20,Victoria,5,Si
3465,IA_facil,17,Derrota,4,Si
3465,IA_medio,23,Derrota,5,Si
3465,IA_dificil,21,Victoria,6,Si
3466,IA_facil,18,Derrota,4,Si
3466,IA_medio,22,Derrota,6,Si
3466,IA_dificil,19,Victoria,5,Si
3467,IA_facil,19,Empate,7,Si
3467,IA_medio,19,Empate,5,Si
3467,IA_dificil,22,Derrota,6,Si
3468,IA_facil,17,Derrota,6,Si
3468,IA_medio,17,Derrota,4,Si
3468,IA_dificil,18,Victoria,3,Si
3469,IA_facil,17,Derrota,4,Si
3469,IA_medio,21,Empate,8,Si
3469,IA_dificil,21,Empate,5,Si
3470,IA_facil,19,Derrota,4,Si
3470,IA_medio,23,Derrota,5,Si
3470,IA_dificil,20,Victoria,4,Si
3471,IA_facil,20,Empate,6,Si
3471,IA_medio,20,Empate,7,Si
3471,IA_dificil,17,Derrota,5,Si
3472,IA_facil,17,Empate,4,Si
3472,IA_medio,17,Empate,7,Si
3472,IA_dificil,22,Derrota,7,Si
3473,IA_facil,17,Derrota,3,Si
3473,IA_medio,23,Derrota,6,Si
3473,IA_dificil,20,Victoria,6,Si
3474,IA_facil,17,Derrota,4,Si
3474,IA_medio,21,Victoria,5,Si
3474,IA_dificil,17,Derrota,4,Si
3475,IA_facil,21,Empate,5,Si
3475,IA_medio,21,Empate,7,Si
3475,IA_dificil,23,Derrota,7,Si
3476,IA_facil,18,Empate,5,Si
3476,IA_medio,18,Empate,5,Si
3476,IA_dificil,18,Empate,3,Si
3477,IA_facil,21,Victoria,4,Si
3477,IA_medio,20,Derrota,7,Si
3477,IA_dificil,20,Derrota,9,Si
3478,IA_facil,20,Victoria,4,Si
3478,IA_medio,18,Derrota,6,Si
3478,IA_dificil,25,Derrota,7,Si
3479,IA_facil,17,Derrota,4,Si
3479,IA_medio,18,Victoria,5,Si
3479,IA_dificil,17,Derrota,5,Si
3480,IA_facil,20,Derrota,6,Si
3480,IA_medio,22,Derrota,6,Si
3480,IA_dificil,21,Victoria,4,Si
3481,IA_facil,17,Derrota,8,Si
3481,IA_medio,17,Derrota,4,Si
3481,IA_dificil,21,Victoria,6,Si
3482,IA_facil,19,Empate,6,Si
3482,IA_medio,22,Derrota,8,Si
3482,IA_dificil,19,Empate,5,Si
3483,IA_facil,18,Derrota,5,Si
3483,IA_medio,18,Derrota,4,Si
3483,IA_dificil,19,Victoria,5,Si
3484,IA_facil,20,Derrota,5,Si
3484,IA_medio,21,Empate,7,Si
3484,IA_dificil,21,Empate,7,Si
3485,IA_facil,19,Victoria,6,Si
3485,IA_medio,22,Derrota,5,Si
3485,IA_dificil,18,Derrota,3,Si
3486,IA_facil,17,Derrota,6,Si
3486,IA_medio,18,Derrota,5,Si
3486,IA_dificil,21,Victoria,7,Si
3487,IA_facil,18,Derrota,5,Si
3487,IA_medio,18,Derrota,7,Si
3487,IA_dificil,19,Victoria,6,Si
3488,IA_facil,19,Derrota,6,Si
3488,IA_medio,18,Derrota,5,Si
3488,IA_dificil,20,Victoria,7,Si
3489,IA_facil,18,Derrota,5,Si
3489,IA_medio,21,Victoria,7,Si
3489,IA_dificil,19,Derrota,6,Si
3490,IA_facil,17,Derrota,5,Si
3490,IA_medio,20,Victoria,6,Si
3490,IA_dificil,19,Derrota,5,Si
3491,IA_facil,18,Derrota,4,Si
3491,IA_medio,17,Derrota,5,Si
3491,IA_dificil,21,Victoria,4,Si
3492,IA_facil,18,Victoria,5,Si
3492,IA_medio,22,Derrota,6,Si
3492,IA_dificil,23,Derrota,6,Si
3493,IA_facil,19,Empate,6,Si
3493,IA_medio,22,Derrota,6,Si
3493,IA_dificil,19,Empate,5,Si
3494,IA_facil,18,Derrota,4,Si
3494,IA_medio,20,Empate,7,Si
3494,IA_dificil,20,Empate,4,Si
3495,IA_facil,17,Derrota,3,Si
3495,IA_medio,18,Derrota,4,Si
3495,IA_dificil,21,Victoria,5,Si
3496,IA_facil,17,Empate,7,Si
3496,IA_medio,17,Empate,6,Si
3496,IA_dificil,22,Derrota,5,Si
3497,IA_facil,20,Victoria,6,Si
3497,IA_medio,17,Derrota,5,Si
3497,IA_dificil,23,Derrota,5,Si
3498,IA_facil,18,Victoria,6,Si
3498,IA_medio,24,Derrota,5,Si
3498,IA_dificil,22,Derrota,5,Si
3499,IA_facil,19,Empate,7,Si
3499,IA_medio,18,Derrota,5,Si
3499,IA_dificil,19,Empate,5,Si
3500,IA_facil,17,Derrota,5,Si
3500,IA_medio,20,Victoria,6,Si
3500,IA_dificil,17,Derrota,5,Si
3501,IA_facil,17,Derrota,6,Si
3501,IA_medio,19,Derrota,6,Si
3501,IA_dificil,21,Victoria,7,Si
3502,IA_facil,19,Derrota,5,Si
3502,IA_medio,20,Victoria,8,Si
3502,IA_dificil,24,Derrota,6,Si
3503,IA_facil,20,Victoria,7,Si
3503,IA_medio,17,Derrota,4,Si
3503,IA_dificil,22,Derrota,7,Si
3504,IA_facil,17,Derrota,4,Si
3504,IA_medio,17,Derrota,5,Si
3504,IA_dificil,21,Victoria,5,Si
3505,IA_facil,17,Empate,6,Si
3505,IA_medio,22,Derrota,6,Si
3505,IA_dificil,17,Empate,4,Si
3506,IA_facil,19,Derrota,4,Si
3506,IA_medio,21,Victoria,5,Si
3506,IA_dificil,18,Derrota,6,Si
3507,IA_facil,18,Victoria,4,Si
3507,IA_medio,22,Derrota,7,Si
3507,IA_dificil,22,Derrota,6,Si
3508,IA_facil,18,Derrota,5,Si
3508,IA_medio,19,Victoria,6,Si
3508,IA_dificil,18,Derrota,5,Si
3509,IA_facil,17,Derrota,5,Si
3509,IA_medio,17,Derrota,4,Si
3509,IA_dificil,19,Victoria,6,Si
3510,IA_facil,19,Derrota,5,Si
3510,IA_medio,23,Derrota,7,Si
3510,IA_dificil,21,Victoria,5,Si
3511,IA_facil,18,Empate,4,Si
3511,IA_medio,17,Derrota,6,Si
3511,IA_dificil,18,Empate,4,Si
3512,IA_facil,19,Derrota,5,Si
3512,IA_medio,20,Victoria,5,Si
3512,IA_dificil,19,Derrota,7,Si
3513,IA_facil,17,Derrota,3,Si
3513,IA_medio,23,Derrota,7,Si
3513,IA_dificil,19,Victoria,6,Si
3514,IA_facil,22,Derrota,4,Si
3514,IA_medio,19,Victoria,7,Si
3514,IA_dificil,22,Derrota,6,Si
3515,IA_facil,17,Derrota,4,Si
3515,IA_medio,19,Victoria,7,Si
3515,IA_dificil,17,Derrota,4,Si
3516,IA_facil,17,Derrota,6,Si
3516,IA_medio,20,Derrota,6,Si
3516,IA_dificil,21,Victoria,6,Si
3517,IA_facil,17,Derrota,5,Si
3517,IA_medio,20,Empate,7,Si
3517,IA_dificil,20,Empate,5,Si
3518,IA_facil,17,Derrota,6,Si
3518,IA_medio,20,Victoria,6,Si
3518,IA_dificil,22,Derrota,5,Si
3519,IA_facil,18,Victoria,4,Si
3519,IA_medio,22,Derrota,5,Si
3519,IA_dificil,24,Derrota,5,Si
3520,IA_facil,19,Derrota,6,Si
3520,IA_medio,20,Victoria,7,Si
3520,IA_dificil,18,Derrota,4,Si
3521,IA_facil,17,Derrota,5,Si
3521,IA_medio,17,Derrota,6,Si
3521,IA_dificil,19,Victoria,5,Si
3522,IA_facil,17,Derrota,6,Si
3522,IA_medio,18,Derrota,5,Si
3522,IA_dificil,19,Victoria,5,Si
3523,IA_facil,18,Derrota,6,Si
3523,IA_medio,20,Derrota,8,Si
3523,IA_dificil,21,Victoria,6,Si
3524,IA_facil,17,Derrota,6,Si
3524,IA_medio,19,Derrota,5,Si
3524,IA_dificil,20,Victoria,6,Si
3525,IA_facil,19,Empate,7,Si
3525,IA_medio,17,Derrota,5,Si
3525,IA_dificil,19,Empate,5,Si
3526,IA_facil,20,Victoria,5,Si
3526,IA_medio,22,Derrota,6,Si
3526,IA_dificil,17,Derrota,5,Si
3527,IA_facil,17,Derrota,7,Si
3527,IA_medio,22,Derrota,8,Si
3527,IA_dificil,21,Victoria,5,Si
3528,IA_facil,19,Derrota,5,Si
3528,IA_medio,21,Victoria,6,Si
3528,IA_dificil,18,Derrota,3,Si
3529,IA_facil,17,Derrota,7,Si
3529,IA_medio,24,Derrota,6,Si
3529,IA_dificil,19,Victoria,6,Si
3530,IA_facil,20,Derrota,6,Si
3530,IA_medio,23,Derrota,6,Si
3530,IA_dificil,21,Victoria,6,Si
3531,IA_facil,18,Derrota,5,Si
3531,IA_medio,21,Victoria,7,Si
3531,IA_dificil,24,Derrota,8,Si
3532,IA_facil,17,Derrota,5,Si
3532,IA_medio,19,Derrota,5,Si
3532,IA_dificil,21,Victoria,6,Si
3533,IA_facil,20,Empate,5,Si
3533,IA_medio,20,Empate,7,Si
3533,IA_dificil,19,Derrota,4,Si
3534,IA_facil,18,Empate,6,Si
3534,IA_medio,18,Empate,5,Si
3534,IA_dificil,23,Derrota,7,Si
3535,IA_facil,17,Derrota,5,Si
3535,IA_medio,24,Derrota,7,Si
3535,IA_dificil,18,Victoria,6,Si
3536,IA_facil,18,Derrota,4,Si
3536,IA_medio,20,Victoria,9,Si
3536,IA_dificil,18,Derrota,5,Si
3537,IA_facil,18,Derrota,5,Si
3537,IA_medio,23,Derrota,5,Si
3537,IA_dificil,20,Victoria,5,Si
3538,IA_facil,22,Derrota,4,Si
3538,IA_medio,19,Empate,8,Si
3538,IA_dificil,19,Empate,6,Si
3539,IA_facil,19,Victoria,6,Si
3539,IA_medio,22,Derrota,5,Si
3539,IA_dificil,17,Derrota,5,Si
3540,IA_facil,21,Empate,6,Si
3540,IA_medio,18,Derrota,4,Si
3540,IA_dificil,21,Empate,6,Si
3541,IA_facil,18,Empate,5,Si
3541,IA_medio,18,Empate,4,Si
3541,IA_dificil,18,Empate,7,Si
3542,IA_facil,17,Empate,4,Si
3542,IA_medio,23,Derrota,6,Si
3542,IA_dificil,17,Empate,5,Si
3543,IA_facil,17,Derrota,4,Si
3543,IA_medio,19,Derrota,6,Si
3543,IA_dificil,21,Victoria,6,Si
3544,IA_facil,18,Derrota,5,Si
3544,IA_medio,22,Derrota,5,Si
3544,IA_dificil,19,Victoria,5,Si
3545,IA_facil,18,Derrota,5,Si
3545,IA_medio,22,Derrota,6,Si
3545,IA_dificil,20,Victoria,4,Si
3546,IA_facil,18,Victoria,4,Si
3546,IA_medio,22,Derrota,5,Si
3546,IA_dificil,22,Derrota,4,Si
3547,IA_facil,18,Derrota,5,Si
3547,IA_medio,18,Derrota,6,Si
3547,IA_dificil,19,Victoria,5,Si
3548,IA_facil,18,Derrota,5,Si
3548,IA_medio,20,Victoria,5,Si
3548,IA_dificil,17,Derrota,5,Si
3549,IA_facil,19,Victoria,5,Si
3549,IA_medio,17,Derrota,6,Si
3549,IA_dificil,23,Derrota,8,Si
3550,IA_facil,19,Victoria,4,Si
3550,IA_medio,23,Derrota,5,Si
3550,IA_dificil,17,Derrota,3,Si
3551,IA_facil,17,Derrota,5,Si
3551,IA_medio,22,Derrota,6,Si
3551,IA_dificil,18,Victoria,6,Si
3552,IA_facil,17,Derrota,5,Si
3552,IA_medio,23,Derrota,5,Si
3552,IA_dificil,18,Victoria,6,Si
3553,IA_facil,20,Empate,5,Si
3553,IA_medio,20,Empate,8,Si
3553,IA_dificil,18,Derrota,5,Si
3554,IA_facil,17,Derrota,5,Si
3554,IA_medio,20,Derrota,7,Si
3554,IA_dificil,21,Victoria,6,Si
3555,IA_facil,19,Derrota,7,Si
3555,IA_medio,20,Derrota,7,Si
3555,IA_dificil,21,Victoria,5,Si
3556,IA_facil,17,Empate,4,Si
3556,IA_medio,17,Empate,4,Si
3556,IA_dificil,17,Empate,6,Si
3557,IA_facil,19,Derrota,4,Si
3557,IA_medio,21,Victoria,4,Si
3557,IA_dificil,17,Derrota,4,Si
3558,IA_facil,17,Derrota,5,Si
3558,IA_medio,20,Victoria,6,Si
3558,IA_dificil,18,Derrota,6,Si
3559,IA_facil,17,Derrota,6,Si
3559,IA_medio,19,Empate,5,Si
3559,IA_dificil,19,Empate,4,Si
3560,IA_facil,17,Derrota,7,Si
3560,IA_medio,24,Derrota,5,Si
3560,IA_dificil,21,Victoria,4,Si
3561,IA_facil,18,Derrota,6,Si
3561,IA_medio,17,Derrota,4,Si
3561,IA_dificil,21,Victoria,6,Si
3562,IA_facil,20,Derrota,7,Si
3562,IA_medio,21,Victoria,7,Si
3562,IA_dificil,23,Derrota,7,Si
3563,IA_facil,22,Derrota,6,Si
3563,IA_medio,23,Derrota,8,Si
3563,IA_dificil,18,Victoria,4,Si
3564,IA_facil,17,Derrota,6,Si
3564,IA_medio,23,Derrota,6,Si
3564,IA_dificil,18,Victoria,6,Si
3565,IA_facil,17,Derrota,6,Si
3565,IA_medio,19,Derrota,6,Si
3565,IA_dificil,20,Victoria,6,Si
3566,IA_facil,17,Derrota,5,Si
3566,IA_medio,21,Victoria,6,Si
3566,IA_dificil,19,Derrota,5,Si
3567,IA_facil,20,Victoria,7,Si
3567,IA_medio,22,Derrota,8,Si
3567,IA_dificil,18,Derrota,4,Si
3568,IA_facil,17,Derrota,6,Si
3568,IA_medio,17,Derrota,5,Si
3568,IA_dificil,20,Victoria,4,Si
3569,IA_facil,17,Derrota,5,Si
3569,IA_medio,18,Derrota,4,Si
3569,IA_dificil,21,Victoria,7,Si
3570,IA_facil,18,Derrota,4,Si
3570,IA_medio,18,Derrota,7,Si
3570,IA_dificil,19,Victoria,4,Si
3571,IA_facil,18,Derrota,5,Si
3571,IA_medio,22,Derrota,6,Si
3571,IA_dificil,21,Victoria,6,Si
3572,IA_facil,20,Victoria,6,Si
3572,IA_medio,24,Derrota,6,Si
3572,IA_dificil,17,Derrota,5,Si
3573,IA_facil,18,Victoria,4,Si
3573,IA_medio,24,Derrota,5,Si
3573,IA_dificil,17,Derrota,5,Si
3574,IA_facil,17,Derrota,7,Si
3574,IA_medio,20,Victoria,5,Si
3574,IA_dificil,17,Derrota,6,Si
3575,IA_facil,18,Derrota,6,Si
3575,IA_medio,21,Victoria,6,Si
3575,IA_dificil,18,Derrota,7,Si
3576,IA_facil,20,Derrota,6,Si
3576,IA_medio,20,Derrota,8,Si
3576,IA_dificil,21,Victoria,6,Si
3577,IA_facil,22,Derrota,5,Si
3577,IA_medio,17,Derrota,8,Si
3577,IA_dificil,19,Victoria,4,Si
3578,IA_facil,19,Victoria,6,Si
3578,IA_medio,18,Derrota,5,Si
3578,IA_dificil,22,Derrota,5,Si
3579,IA_facil,17,Derrota,4,Si
3579,IA_medio,20,Victoria,6,Si
3579,IA_dificil,19,Derrota,5,Si
3580,IA_facil,20,Derrota,4,Si
3580,IA_medio,21,Victoria,5,Si
3580,IA_dificil,18,Derrota,6,Si
3581,IA_facil,18,Derrota,5,Si
3581,IA_medio,19,Victoria,7,Si
3581,IA_dificil,22,Derrota,7,Si
3582,IA_facil,20,Victoria,6,Si
3582,IA_medio,19,Derrota,6,Si
3582,IA_dificil,19,Derrota,4,Si
3583,IA_facil,21,Victoria,5,Si
3583,IA_medio,17,Derrota,4,Si
3583,IA_dificil,20,Derrota,4,Si
3584,IA_facil,22,Derrota,10,Si
3584,IA_medio,21,Victoria,4,Si
3584,IA_dificil,22,Derrota,4,Si
3585,IA_facil,18,Derrota,6,Si
3585,IA_medio,20,Victoria,5,Si
3585,IA_dificil,17,Derrota,4,Si
3586,IA_facil,18,Victoria,4,Si
3586,IA_medio,17,Derrota,4,Si
3586,IA_dificil,24,Derrota,5,Si
3587,IA_facil,19,Victoria,6,Si
3587,IA_medio,22,Derrota,7,Si
3587,IA_dificil,17,Derrota,4,Si
3588,IA_facil,17,Empate,6,Si
3588,IA_medio,17,Empate,6,Si
3588,IA_dificil,17,Empate,5,Si
3589,IA_facil,20,Empate,7,Si
3589,IA_medio,20,Empate,6,Si
3589,IA_dificil,17,Derrota,4,Si
3590,IA_facil,17,Derrota,4,Si
3590,IA_medio,22,Derrota,6,Si
3590,IA_dificil,18,Victoria,6,Si
3591,IA_facil,19,Empate,5,Si
3591,IA_medio,19,Empate,4,Si
3591,IA_dificil,18,Derrota,5,Si
3592,IA_facil,19,Victoria,4,Si
3592,IA_medio,24,Derrota,6,Si
3592,IA_dificil,23,Derrota,8,Si
3593,IA_facil,19,Victoria,5,Si
3593,IA_medio,22,Derrota,9,Si
3593,IA_dificil,17,Derrota,6,Si
3594,IA_facil,18,Empate,7,Si
3594,IA_medio,17,Derrota,7,Si
3594,IA_dificil,18,Empate,5,Si
3595,IA_facil,20,Empate,9,Si
3595,IA_medio,20,Empate,4,Si
3595,IA_dificil,17,Derrota,4,Si
3596,IA_facil,18,Empate,5,Si
3596,IA_medio,22,Derrota,6,Si
3596,IA_dificil,18,Empate,5,Si
3597,IA_facil,21,Empate,8,Si
3597,IA_medio,21,Empate,4,Si
3597,IA_dificil,17,Derrota,5,Si
3598,IA_facil,17,Derrota,5,Si
3598,IA_medio,17,Derrota,4,Si
3598,IA_dificil,18,Victoria,6,Si
3599,IA_facil,18,Derrota,5,Si
3599,IA_medio,19,Derrota,5,Si
3599,IA_dificil,20,Victoria,5,Si
3600,IA_facil,17,Derrota,5,Si
3600,IA_medio,18,Victoria,6,Si
3600,IA_dificil,17,Derrota,4,Si
3601,IA_facil,19,Derrota,6,Si
3601,IA_medio,21,Victoria,6,Si
3601,IA_dificil,17,Derrota,6,Si
3602,IA_facil,19,Empate,9,Si
3602,IA_medio,19,Empate,5,Si
3602,IA_dificil,18,Derrota,4,Si
3603,IA_facil,17,Victoria,8,Si
3603,IA_medio,23,Derrota,11,Si
3603,IA_dificil,25,Derrota,7,Si
3604,IA_facil,19,Derrota,8,Si
3604,IA_medio,20,Empate,5,Si
3604,IA_dificil,20,Empate,6,Si
3605,IA_facil,17,Derrota,4,Si
3605,IA_medio,21,Victoria,5,Si
3605,IA_dificil,19,Derrota,5,Si
3606,IA_facil,19,Derrota,6,Si
3606,IA_medio,19,Derrota,7,Si
3606,IA_dificil,20,Victoria,6,Si
3607,IA_facil,19,Derrota,5,Si
3607,IA_medio,20,Empate,4,Si
3607,IA_dificil,20,Empate,7,Si
3608,IA_facil,18,Empate,4,Si
3608,IA_medio,18,Empate,6,Si
3608,IA_dificil,23,Derrota,6,Si
3609,IA_facil,17,Derrota,5,Si
3609,IA_medio,21,Empate,4,Si
3609,IA_dificil,21,Empate,5,Si
3610,IA_facil,17,Derrota,4,Si
3610,IA_medio,18,Victoria,8,Si
3610,IA_dificil,17,Derrota,6,Si
3611,IA_facil,17,Derrota,6,Si
3611,IA_medio,21,Victoria,6,Si
3611,IA_dificil,20,Derrota,6,Si
3612,IA_facil,18,Derrota,6,Si
3612,IA_medio,18,Derrota,5,Si
3612,IA_dificil,19,Victoria,4,Si
3613,IA_facil,20,Victoria,6,Si
3613,IA_medio,24,Derrota,6,Si
3613,IA_dificil,22,Derrota,7,Si
3614,IA_facil,20,Empate,5,Si
3614,IA_medio,20,Empate,7,Si
3614,IA_dificil,19,Derrota,5,Si
3615,IA_facil,18,Derrota,5,Si
3615,IA_medio,20,Victoria,5,Si
3615,IA_dificil,22,Derrota,5,Si
3616,IA_facil,20,Derrota,6,Si
3616,IA_medio,21,Victoria,5,Si
3616,IA_dificil,18,Derrota,5,Si
3617,IA_facil,17,Derrota,3,Si
3617,IA_medio,17,Derrota,4,Si
3617,IA_dificil,18,Victoria,7,Si
3618,IA_facil,18,Derrota,6,Si
3618,IA_medio,21,Victoria,5,Si
3618,IA_dificil,17,Derrota,5,Si
3619,IA_facil,17,Derrota,4,Si
3619,IA_medio,17,Derrota,6,Si
3619,IA_dificil,19,Victoria,6,Si
3620,IA_facil,20,Empate,5,Si
3620,IA_medio,24,Derrota,6,Si
3620,IA_dificil,20,Empate,9,Si
3621,IA_facil,17,Derrota,6,Si
3621,IA_medio,23,Derrota,6,Si
3621,IA_dificil,19,Victoria,6,Si
3622,IA_facil,17,Derrota,6,Si
3622,IA_medio,20,Victoria,5,Si
3622,IA_dificil,18,Derrota,7,Si
3623,IA_facil,20,Empate,4,Si
3623,IA_medio,20,Empate,6,Si
3623,IA_dificil,22,Derrota,6,Si
3624,IA_facil,20,Victoria,6,Si
3624,IA_medio,18,Derrota,5,Si
3624,IA_dificil,19,Derrota,7,Si
3625,IA_facil,18,Derrota,6,Si
3625,IA_medio,22,Derrota,7,Si
3625,IA_dificil,21,Victoria,5,Si
3626,IA_facil,17,Derrota,6,Si
3626,IA_medio,17,Derrota,5,Si
3626,IA_dificil,18,Victoria,6,Si
3627,IA_facil,21,Empate,6,Si
3627,IA_medio,21,Empate,5,Si
3627,IA_dificil,18,Derrota,7,Si
3628,IA_facil,20,Derrota,5,Si
3628,IA_medio,20,Derrota,6,Si
3628,IA_dificil,21,Victoria,4,Si
3629,IA_facil,17,Derrota,5,Si
3629,IA_medio,20,Empate,5,Si
3629,IA_dificil,20,Empate,5,Si
3630,IA_facil,17,Derrota,5,Si
3630,IA_medio,20,Victoria,5,Si
3630,IA_dificil,22,Derrota,7,Si
3631,IA_facil,18,Derrota,4,Si
3631,IA_medio,19,Victoria,4,Si
3631,IA_dificil,22,Derrota,6,Si
3632,IA_facil,20,Empate,5,Si
3632,IA_medio,20,Empate,6,Si
3632,IA_dificil,24,Derrota,6,Si
3633,IA_facil,21,Victoria,4,Si
3633,IA_medio,18,Derrota,5,Si
3633,IA_dificil,18,Derrota,5,Si
3634,IA_facil,17,Derrota,4,Si
3634,IA_medio,21,Victoria,7,Si
3634,IA_dificil,20,Derrota,8,Si
3635,IA_facil,17,Derrota,5,Si
3635,IA_medio,19,Victoria,4,Si
3635,IA_dificil,22,Derrota,5,Si
3636,IA_facil,17,Derrota,5,Si
3636,IA_medio,22,Derrota,7,Si
3636,IA_dificil,18,Victoria,6,Si
3637,IA_facil,20,Empate,5,Si
3637,IA_medio,20,Empate,5,Si
3637,IA_dificil,20,Empate,6,Si
3638,IA_facil,17,Derrota,8,Si
3638,IA_medio,21,Victoria,6,Si
3638,IA_dificil,17,Derrota,4,Si
3639,IA_facil,18,Derrota,6,Si
3639,IA_medio,22,Derrota,9,Si
3639,IA_dificil,20,Victoria,6,Si
3640,IA_facil,17,Derrota,4,Si
3640,IA_medio,21,Victoria,7,Si
3640,IA_dificil,19,Derrota,5,Si
3641,IA_facil,17,Derrota,4,Si
3641,IA_medio,22,Derrota,5,Si
3641,IA_dificil,20,Victoria,6,Si
3642,IA_facil,18,Derrota,4,Si
3642,IA_medio,18,Derrota,5,Si
3642,IA_dificil,19,Victoria,6,Si
3643,IA_facil,21,Victoria,5,Si
3643,IA_medio,22,Derrota,7,Si
3643,IA_dificil,17,Derrota,4,Si
3644,IA_facil,22,Derrota,5,Si
3644,IA_medio,18,Victoria,5,Si
3644,IA_dificil,24,Derrota,5,Si
3645,IA_facil,20,Victoria,5,Si
3645,IA_medio,17,Derrota,8,Si
3645,IA_dificil,22,Derrota,6,Si
3646,IA_facil,19,Empate,6,Si
3646,IA_medio,18,Derrota,6,Si
3646,IA_dificil,19,Empate,5,Si
3647,IA_facil,17,Derrota,4,Si
3647,IA_medio,20,Victoria,6,Si
3647,IA_dificil,17,Derrota,4,Si
3648,IA_facil,18,Derrota,7,Si
3648,IA_medio,21,Victoria,5,Si
3648,IA_dificil,20,Derrota,5,Si
3649,IA_facil,18,Derrota,6,Si
3649,IA_medio,21,Victoria,6,Si
3649,IA_dificil,17,Derrota,7,Si
3650,IA_facil,17,Derrota,4,Si
3650,IA_medio,18,Empate,7,Si
3650,IA_dificil,18,Empate,5,Si
3651,IA_facil,17,Derrota,6,Si
3651,IA_medio,17,Derrota,5,Si
3651,IA_dificil,20,Victoria,7,Si
3652,IA_facil,19,Derrota,5,Si
3652,IA_medio,20,Victoria,5,Si
3652,IA_dificil,18,Derrota,6,Si
3653,IA_facil,19,Derrota,6,Si
3653,IA_medio,21,Victoria,6,Si
3653,IA_dificil,17,Derrota,6,Si
3654,IA_facil,17,Derrota,3,Si
3654,IA_medio,19,Derrota,5,Si
3654,IA_dificil,20,Victoria,5,Si
3655,IA_facil,17,Derrota,5,Si
3655,IA_medio,21,Victoria,5,Si
3655,IA_dificil,22,Derrota,6,Si
3656,IA_facil,17,Derrota,6,Si
3656,IA_medio,19,Victoria,4,Si
3656,IA_dificil,18,Derrota,6,Si
3657,IA_facil,18,Empate,7,Si
3657,IA_medio,18,Empate,7,Si
3657,IA_dificil,17,Derrota,4,Si
3658,IA_facil,20,Empate,4,Si
3658,IA_medio,24,Derrota,6,Si
3658,IA_dificil,20,Empate,7,Si
3659,IA_facil,18,Derrota,5,Si
3659,IA_medio,21,Victoria,6,Si
3659,IA_dificil,17,Derrota,5,Si
3660,IA_facil,20,Victoria,5,Si
3660,IA_medio,17,Derrota,5,Si
3660,IA_dificil,18,Derrota,8,Si
3661,IA_facil,18,Empate,4,Si
3661,IA_medio,17,Derrota,5,Si
3661,IA_dificil,18,Empate,6,Si
3662,IA_facil,21,Victoria,6,Si
3662,IA_medio,20,Derrota,6,Si
3662,IA_dificil,17,Derrota,7,Si
3663,IA_facil,21,Victoria,7,Si
3663,IA_medio,18,Derrota,4,Si
3663,IA_dificil,19,Derrota,6,Si
3664,IA_facil,19,Empate,4,Si
3664,IA_medio,18,Derrota,5,Si
3664,IA_dificil,19,Empate,5,Si
3665,IA_facil,20,Empate,5,Si
3665,IA_medio,20,Empate,6,Si
3665,IA_dificil,18,Derrota,5,Si
3666,IA_facil,17,Derrota,7,Si
3666,IA_medio,17,Derrota,5,Si
3666,IA_dificil,18,Victoria,6,Si
3667,IA_facil,17,Derrota,5,Si
3667,IA_medio,19,Derrota,4,Si
3667,IA_dificil,20,Victoria,5,Si
3668,IA_facil,18,Victoria,5,Si
3668,IA_medio,17,Derrota,7,Si
3668,IA_dificil,17,Derrota,4,Si
3669,IA_facil,18,Derrota,5,Si
3669,IA_medio,20,Derrota,7,Si
3669,IA_dificil,21,Victoria,6,Si
3670,IA_facil,19,Victoria,5,Si
3670,IA_medio,23,Derrota,7,Si
3670,IA_dificil,17,Derrota,6,Si
3671,IA_facil,20,Empate,6,Si
3671,IA_medio,20,Empate,6,Si
3671,IA_dificil,18,Derrota,4,Si
3672,IA_facil,17,Derrota,5,Si
3672,IA_medio,19,Derrota,8,Si
3672,IA_dificil,20,Victoria,7,Si
3673,IA_facil,20,Derrota,4,Si
3673,IA_medio,18,Derrota,5,Si
3673,IA_dificil,21,Victoria,6,Si
3674,IA_facil,18,Victoria,5,Si
3674,IA_medio,17,Derrota,6,Si
3674,IA_dificil,17,Derrota,4,Si
3675,IA_facil,18,Derrota,5,Si
3675,IA_medio,19,Victoria,5,Si
3675,IA_dificil,17,Derrota,6,Si
3676,IA_facil,19,Empate,6,Si
3676,IA_medio,18,Derrota,5,Si
3676,IA_dificil,19,Empate,5,Si
3677,IA_facil,18,Derrota,4,Si
3677,IA_medio,20,Victoria,6,Si
3677,IA_dificil,17,Derrota,5,Si
3678,IA_facil,18,Derrota,4,Si
3678,IA_medio,21,Empate,4,Si
3678,IA_dificil,21,Empate,7,Si
3679,IA_facil,17,Derrota,7,Si
3679,IA_medio,19,Victoria,7,Si
3679,IA_dificil,18,Derrota,5,Si
3680,IA_facil,17,Derrota,6,Si
3680,IA_medio,20,Victoria,7,Si
3680,IA_dificil,17,Derrota,4,Si
3681,IA_facil,20,Victoria,6,Si
3681,IA_medio,17,Derrota,4,Si
3681,IA_dificil,18,Derrota,5,Si
3682,IA_facil,19,Derrota,5,Si
3682,IA_medio,20,Victoria,4,Si
3682,IA_dificil,17,Derrota,7,Si
3683,IA_facil,21,Victoria,6,Si
3683,IA_medio,20,Derrota,7,Si
3683,IA_dificil,17,Derrota,6,Si
3684,IA_facil,18,Derrota,4,Si
3684,IA_medio,21,Victoria,6,Si
3684,IA_dificil,19,Derrota,6,Si
3685,IA_facil,20,Victoria,4,Si
3685,IA_medio,19,Derrota,5,Si
3685,IA_dificil,19,Derrota,6,Si
3686,IA_facil,19,Empate,8,Si
3686,IA_medio,19,Empate,6,Si
3686,IA_dificil,17,Derrota,3,Si
3687,IA_facil,18,Derrota,5,Si
3687,IA_medio,20,Empate,10,Si
3687,IA_dificil,20,Empate,6,Si
3688,IA_facil,17,Derrota,4,Si
3688,IA_medio,21,Victoria,7,Si
3688,IA_dificil,19,Derrota,5,Si
3689,IA_facil,17,Derrota,6,Si
3689,IA_medio,20,Victoria,6,Si
3689,IA_dificil,18,Derrota,8,Si
3690,IA_facil,19,Derrota,7,Si
3690,IA_medio,21,Victoria,7,Si
3690,IA_dificil,23,Derrota,6,Si
3691,IA_facil,20,Victoria,4,Si
3691,IA_medio,23,Derrota,6,Si
3691,IA_dificil,19,Derrota,6,Si
3692,IA_facil,21,Empate,4,Si
3692,IA_medio,20,Derrota,8,Si
3692,IA_dificil,21,Empate,6,Si
3693,IA_facil,19,Victoria,6,Si
3693,IA_medio,18,Derrota,5,Si
3693,IA_dificil,17,Derrota,4,Si
3694,IA_facil,20,Victoria,5,Si
3694,IA_medio,24,Derrota,7,Si
3694,IA_dificil,17,Derrota,8,Si
3695,IA_facil,18,Derrota,7,Si
3695,IA_medio,20,Empate,6,Si
3695,IA_dificil,20,Empate,6,Si
3696,IA_facil,19,Victoria,5,Si
3696,IA_medio,23,Derrota,7,Si
3696,IA_dificil,18,Derrota,5,Si
3697,IA_facil,18,Empate,4,Si
3697,IA_medio,18,Empate,7,Si
3697,IA_dificil,18,Empate,6,Si
3698,IA_facil,18,Derrota,6,Si
3698,IA_medio,20,Empate,6,Si
3698,IA_dificil,20,Empate,5,Si
3699,IA_facil,19,Derrota,5,Si
3699,IA_medio,21,Victoria,6,Si
3699,IA_dificil,18,Derrota,7,Si
3700,IA_facil,22,Derrota,5,Si
3700,IA_medio,19,Victoria,5,Si
3700,IA_dificil,17,Derrota,6,Si
3701,IA_facil,17,Empate,8,Si
3701,IA_medio,24,Derrota,7,Si
3701,IA_dificil,17,Empate,5,Si
3702,IA_facil,17,Derrota,3,Si
3702,IA_medio,19,Victoria,5,Si
3702,IA_dificil,18,Derrota,4,Si
3703,IA_facil,20,Derrota,6,Si
3703,IA_medio,21,Empate,6,Si
3703,IA_dificil,21,Empate,5,Si
3704,IA_facil,19,Derrota,7,Si
3704,IA_medio,21,Victoria,6,Si
3704,IA_dificil,18,Derrota,5,Si
3705,IA_facil,18,Victoria,5,Si
3705,IA_medio,23,Derrota,7,Si
3705,IA_dificil,17,Derrota,7,Si
3706,IA_facil,20,Victoria,5,Si
3706,IA_medio,23,Derrota,8,Si
3706,IA_dificil,24,Derrota,5,Si
3707,IA_facil,18,Victoria,5,Si
3707,IA_medio,23,Derrota,8,Si
3707,IA_dificil,17,Derrota,4,Si
3708,IA_facil,20,Empate,5,Si
3708,IA_medio,20,Empate,4,Si
3708,IA_dificil,20,Empate,5,Si
3709,IA_facil,20,Victoria,4,Si
3709,IA_medio,19,Derrota,7,Si
3709,IA_dificil,22,Derrota,5,Si
3710,IA_facil,18,Derrota,4,Si
3710,IA_medio,21,Victoria,8,Si
3710,IA_dificil,24,Derrota,6,Si
3711,IA_facil,21,Victoria,6,Si
3711,IA_medio,22,Derrota,5,Si
3711,IA_dificil,19,Derrota,6,Si
3712,IA_facil,20,Victoria,4,Si
3712,IA_medio,17,Derrota,5,Si
3712,IA_dificil,22,Derrota,6,Si
3713,IA_facil,20,Empate,6,Si
3713,IA_medio,17,Derrota,4,Si
3713,IA_dificil,20,Empate,5,Si
3714,IA_facil,19,Victoria,5,Si
3714,IA_medio,18,Derrota,9,Si
3714,IA_dificil,17,Derrota,9,Si
3715,IA_facil,17,Derrota,3,Si
3715,IA_medio,22,Derrota,8,Si
3715,IA_dificil,20,Victoria,8,Si
3716,IA_facil,21,Victoria,8,Si
3716,IA_medio,18,Derrota,4,Si
3716,IA_dificil,18,Derrota,5,Si
3717,IA_facil,17,Derrota,4,Si
3717,IA_medio,20,Empate,5,Si
3717,IA_dificil,20,Empate,5,Si
3718,IA_facil,17,Derrota,5,Si
3718,IA_medio,21,Victoria,6,Si
3718,IA_dificil,17,Derrota,5,Si
3719,IA_facil,19,Derrota,6,Si
3719,IA_medio,20,Victoria,6,Si
3719,IA_dificil,19,Derrota,7,Si
3720,IA_facil,21,Victoria,7,Si
3720,IA_medio,18,Derrota,5,Si
3720,IA_dificil,19,Derrota,5,Si
3721,IA_facil,18,Derrota,4,Si
3721,IA_medio,19,Derrota,5,Si
3721,IA_dificil,20,Victoria,6,Si
3722,IA_facil,19,Derrota,4,Si
3722,IA_medio,20,Victoria,5,Si
3722,IA_dificil,17,Derrota,7,Si
3723,IA_facil,18,Derrota,4,Si
3723,IA_medio,21,Empate,5,Si
3723,IA_dificil,21,Empate,5,Si
3724,IA_facil,19,Victoria,5,Si
3724,IA_medio,22,Derrota,5,Si
3724,IA_dificil,23,Derrota,6,Si
3725,IA_facil,19,Victoria,5,Si
3725,IA_medio,17,Derrota,3,Si
3725,IA_dificil,17,Derrota,5,Si
3726,IA_facil,19,Derrota,6,Si
3726,IA_medio,19,Derrota,4,Si
3726,IA_dificil,20,Victoria,5,Si
3727,IA_facil,19,Derrota,5,Si
3727,IA_medio,22,Derrota,7,Si
3727,IA_dificil,21,Victoria,6,Si
3728,IA_facil,19,Victoria,5,Si
3728,IA_medio,22,Derrota,7,Si
3728,IA_dificil,17,Derrota,5,Si
3729,IA_facil,19,Derrota,4,Si
3729,IA_medio,21,Victoria,7,Si
3729,IA_dificil,17,Derrota,4,Si
3730,IA_facil,19,Victoria,5,Si
3730,IA_medio,17,Derrota,5,Si
3730,IA_dificil,17,Derrota,5,Si
3731,IA_facil,19,Derrota,6,Si
3731,IA_medio,21,Empate,6,Si
3731,IA_dificil,21,Empate,5,Si
3732,IA_facil,18,Derrota,5,Si
3732,IA_medio,19,Victoria,7,Si
3732,IA_dificil,17,Derrota,3,Si
3733,IA_facil,20,Derrota,6,Si
3733,IA_medio,21,Victoria,5,Si
3733,IA_dificil,23,Derrota,8,Si
3734,IA_facil,17,Derrota,7,Si
3734,IA_medio,22,Derrota,5,Si
3734,IA_dificil,19,Victoria,5,Si
3735,IA_facil,20,Victoria,6,Si
3735,IA_medio,22,Derrota,5,Si
3735,IA_dificil,18,Derrota,6,Si
3736,IA_facil,18,Derrota,5,Si
3736,IA_medio,20,Victoria,8,Si
3736,IA_dificil,19,Derrota,5,Si
3737,IA_facil,17,Derrota,5,Si
3737,IA_medio,19,Victoria,7,Si
3737,IA_dificil,18,Derrota,5,Si
3738,IA_facil,17,Derrota,5,Si
3738,IA_medio,18,Victoria,6,Si
3738,IA_dificil,17,Derrota,6,Si
3739,IA_facil,18,Victoria,4,Si
3739,IA_medio,22,Derrota,5,Si
3739,IA_dificil,17,Derrota,5,Si
3740,IA_facil,22,Derrota,6,Si
3740,IA_medio,18,Derrota,4,Si
3740,IA_dificil,21,Victoria,4,Si
3741,IA_facil,19,Victoria,6,Si
3741,IA_medio,18,Derrota,5,Si
3741,IA_dificil,23,Derrota,5,Si
3742,IA_facil,22,Derrota,6,Si
3742,IA_medio,17,Derrota,3,Si
3742,IA_dificil,18,Victoria,6,Si
3743,IA_facil,18,Empate,5,Si
3743,IA_medio,18,Empate,6,Si
3743,IA_dificil,22,Derrota,6,Si
3744,IA_facil,17,Derrota,4,Si
3744,IA_medio,20,Victoria,4,Si
3744,IA_dificil,19,Derrota,5,Si
3745,IA_facil,19,Derrota,5,Si
3745,IA_medio,20,Victoria,6,Si
3745,IA_dificil,17,Derrota,4,Si
3746,IA_facil,17,Derrota,4,Si
3746,IA_medio,21,Empate,5,Si
3746,IA_dificil,21,Empate,10,Si
3747,IA_facil,17,Derrota,5,Si
3747,IA_medio,23,Derrota,5,Si
3747,IA_dificil,19,Victoria,4,Si
3748,IA_facil,19,Victoria,8,Si
3748,IA_medio,22,Derrota,6,Si
3748,IA_dificil,23,Derrota,7,Si
3749,IA_facil,19,Derrota,5,Si
3749,IA_medio,20,Derrota,7,Si
3749,IA_dificil,21,Victoria,6,Si
3750,IA_facil,18,Derrota,5,Si
3750,IA_medio,20,Victoria,6,Si
3750,IA_dificil,18,Derrota,4,Si
3751,IA_facil,17,Derrota,6,Si
3751,IA_medio,20,Derrota,5,Si
3751,IA_dificil,21,Victoria,4,Si
3752,IA_facil,17,Derrota,5,Si
3752,IA_medio,20,Victoria,7,Si
3752,IA_dificil,19,Derrota,5,Si
3753,IA_facil,17,Derrota,4,Si
3753,IA_medio,19,Victoria,5,Si
3753,IA_dificil,18,Derrota,4,Si
3754,IA_facil,17,Derrota,4,Si
3754,IA_medio,21,Victoria,4,Si
3754,IA_dificil,22,Derrota,6,Si
3755,IA_facil,19,Victoria,4,Si
3755,IA_medio,17,Derrota,5,Si
3755,IA_dificil,18,Derrota,5,Si
3756,IA_facil,19,Derrota,6,Si
3756,IA_medio,21,Victoria,7,Si
3756,IA_dificil,17,Derrota,5,Si
3757,IA_facil,17,Derrota,6,Si
3757,IA_medio,22,Derrota,5,Si
3757,IA_dificil,19,Victoria,4,Si
3758,IA_facil,17,Derrota,4,Si
3758,IA_medio,19,Empate,7,Si
3758,IA_dificil,19,Empate,4,Si
3759,IA_facil,19,Victoria,6,Si
3759,IA_medio,23,Derrota,7,Si
3759,IA_dificil,22,Derrota,7,Si
3760,IA_facil,17,Derrota,5,Si
3760,IA_medio,18,Derrota,6,Si
3760,IA_dificil,19,Victoria,5,Si
3761,IA_facil,19,Victoria,6,Si
3761,IA_medio,25,Derrota,7,Si
3761,IA_dificil,18,Derrota,7,Si
3762,IA_facil,20,Derrota,6,Si
3762,IA_medio,21,Victoria,5,Si
3762,IA_dificil,17,Derrota,4,Si
3763,IA_facil,20,Empate,6,Si
3763,IA_medio,20,Empate,4,Si
3763,IA_dificil,20,Empate,5,Si
3764,IA_facil,20,Victoria,5,Si
3764,IA_medio,18,Derrota,8,Si
3764,IA_dificil,19,Derrota,8,Si
3765,IA_facil,20,Victoria,7,Si
3765,IA_medio,17,Derrota,5,Si
3765,IA_dificil,18,Derrota,4,Si
3766,IA_facil,17,Derrota,4,Si
3766,IA_medio,18,Victoria,5,Si
3766,IA_dificil,17,Derrota,6,Si
3767,IA_facil,19,Victoria,5,Si
3767,IA_medio,17,Derrota,4,Si
3767,IA_dificil,22,Derrota,5,Si
3768,IA_facil,17,Derrota,4,Si
3768,IA_medio,20,Victoria,4,Si
3768,IA_dificil,18,Derrota,5,Si
3769,IA_facil,19,Derrota,6,Si
3769,IA_medio,20,Victoria,6,Si
3769,IA_dificil,17,Derrota,7,Si
3770,IA_facil,18,Empate,5,Si
3770,IA_medio,18,Empate,5,Si
3770,IA_dificil,17,Derrota,4,Si
3771,IA_facil,21,Victoria,4,Si
3771,IA_medio,20,Derrota,4,Si
3771,IA_dificil,20,Derrota,4,Si
3772,IA_facil,22,Derrota,5,Si
3772,IA_medio,22,Derrota,6,Si
3772,IA_dificil,20,Victoria,4,Si
3773,IA_facil,17,Empate,4,Si
3773,IA_medio,17,Empate,6,Si
3773,IA_dificil,17,Empate,5,Si
3774,IA_facil,19,Derrota,5,Si
3774,IA_medio,19,Derrota,6,Si
3774,IA_dificil,20,Victoria,6,Si
3775,IA_facil,18,Derrota,4,Si
3775,IA_medio,23,Derrota,6,Si
3775,IA_dificil,19,Victoria,6,Si
3776,IA_facil,19,Victoria,7,Si
3776,IA_medio,25,Derrota,6,Si
3776,IA_dificil,17,Derrota,6,Si
3777,IA_facil,19,Empate,5,Si
3777,IA_medio,18,Derrota,5,Si
3777,IA_dificil,19,Empate,7,Si
3778,IA_facil,21,Victoria,6,Si
3778,IA_medio,20,Derrota,5,Si
3778,IA_dificil,20,Derrota,5,Si
3779,IA_facil,18,Victoria,5,Si
3779,IA_medio,24,Derrota,6,Si
3779,IA_dificil,17,Derrota,5,Si
3780,IA_facil,17,Derrota,3,Si
3780,IA_medio,21,Empate,6,Si
3780,IA_dificil,21,Empate,7,Si
3781,IA_facil,19,Derrota,7,Si
3781,IA_medio,20,Victoria,7,Si
3781,IA_dificil,18,Derrota,6,Si
3782,IA_facil,18,Derrota,6,Si
3782,IA_medio,20,Derrota,6,Si
3782,IA_dificil,21,Victoria,8,Si
3783,IA_facil,17,Derrota,4,Si
3783,IA_medio,23,Derrota,7,Si
3783,IA_dificil,19,Victoria,4,Si
3784,IA_facil,21,Victoria,5,Si
3784,IA_medio,19,Derrota,5,Si
3784,IA_dificil,17,Derrota,5,Si
3785,IA_facil,19,Derrota,6,Si
3785,IA_medio,21,Victoria,7,Si
3785,IA_dificil,18,Derrota,6,Si
3786,IA_facil,20,Victoria,5,Si
3786,IA_medio,18,Derrota,4,Si
3786,IA_dificil,17,Derrota,4,Si
3787,IA_facil,18,Derrota,7,Si
3787,IA_medio,19,Empate,5,Si
3787,IA_dificil,19,Empate,6,Si
3788,IA_facil,22,Derrota,7,Si
3788,IA_medio,20,Victoria,6,Si
3788,IA_dificil,19,Derrota,4,Si
3789,IA_facil,19,Victoria,6,Si
3789,IA_medio,18,Derrota,4,Si
3789,IA_dificil,17,Derrota,3,Si
3790,IA_facil,19,Derrota,5,Si
3790,IA_medio,21,Victoria,5,Si
3790,IA_dificil,18,Derrota,6,Si
3791,IA_facil,17,Victoria,6,Si
3791,IA_medio,25,Derrota,6,Si
3791,IA_dificil,23,Derrota,6,Si
3792,IA_facil,18,Derrota,5,Si
3792,IA_medio,19,Empate,5,Si
3792,IA_dificil,19,Empate,6,Si
3793,IA_facil,21,Victoria,5,Si
3793,IA_medio,19,Derrota,7,Si
3793,IA_dificil,22,Derrota,6,Si
3794,IA_facil,17,Derrota,5,Si
3794,IA_medio,24,Derrota,6,Si
3794,IA_dificil,20,Victoria,7,Si
3795,IA_facil,18,Derrota,6,Si
3795,IA_medio,21,Victoria,4,Si
3795,IA_dificil,17,Derrota,6,Si
3796,IA_facil,22,Derrota,5,Si
3796,IA_medio,22,Derrota,7,Si
3796,IA_dificil,18,Victoria,5,Si
3797,IA_facil,17,Derrota,4,Si
3797,IA_medio,22,Derrota,5,Si
3797,IA_dificil,21,Victoria,5,Si
3798,IA_facil,18,Derrota,4,Si
3798,IA_medio,21,Victoria,5,Si
3798,IA_dificil,22,Derrota,6,Si
3799,IA_facil,18,Derrota,5,Si
3799,IA_medio,19,Derrota,6,Si
3799,IA_dificil,21,Victoria,5,Si
3800,IA_facil,20,Empate,6,Si
3800,IA_medio,22,Derrota,6,Si
3800,IA_dificil,20,Empate,7,Si
3801,IA_facil,20,Derrota,9,Si
3801,IA_medio,24,Derrota,6,Si
3801,IA_dificil,21,Victoria,7,Si
3802,IA_facil,20,Empate,6,Si
3802,IA_medio,20,Empate,8,Si
3802,IA_dificil,20,Empate,7,Si
3803,IA_facil,21,Victoria,5,Si
3803,IA_medio,20,Derrota,8,Si
3803,IA_dificil,20,Derrota,5,Si
3804,IA_facil,17,Empate,5,Si
3804,IA_medio,23,Derrota,7,Si
3804,IA_dificil,17,Empate,5,Si
3805,IA_facil,17,Derrota,5,Si
3805,IA_medio,21,Victoria,5,Si
3805,IA_dificil,18,Derrota,4,Si
3806,IA_facil,17,Derrota,5,Si
3806,IA_medio,21,Victoria,8,Si
3806,IA_dificil,17,Derrota,5,Si
3807,IA_facil,19,Derrota,7,Si
3807,IA_medio,20,Victoria,5,Si
3807,IA_dificil,18,Derrota,6,Si
3808,IA_facil,19,Derrota,5,Si
3808,IA_medio,21,Victoria,7,Si
3808,IA_dificil,19,Derrota,6,Si
3809,IA_facil,17,Empate,5,Si
3809,IA_medio,17,Empate,7,Si
3809,IA_dificil,17,Empate,5,Si
3810,IA_facil,18,Derrota,6,Si
3810,IA_medio,20,Victoria,5,Si
3810,IA_dificil,17,Derrota,7,Si
3811,IA_facil,17,Derrota,6,Si
3811,IA_medio,20,Victoria,7,Si
3811,IA_dificil,18,Derrota,6,Si
3812,IA_facil,18,Derrota,5,Si
3812,IA_medio,22,Derrota,7,Si
3812,IA_dificil,21,Victoria,5,Si
3813,IA_facil,19,Victoria,6,Si
3813,IA_medio,17,Derrota,4,Si
3813,IA_dificil,18,Derrota,6,Si
3814,IA_facil,17,Derrota,4,Si
3814,IA_medio,20,Victoria,7,Si
3814,IA_dificil,17,Derrota,5,Si
3815,IA_facil,20,Derrota,6,Si
3815,IA_medio,17,Derrota,3,Si
3815,IA_dificil,21,Victoria,4,Si
3816,IA_facil,18,Derrota,6,Si
3816,IA_medio,21,Victoria,6,Si
3816,IA_dificil,17,Derrota,6,Si
3817,IA_facil,17,Derrota,7,Si
3817,IA_medio,18,Empate,6,Si
3817,IA_dificil,18,Empate,7,Si
3818,IA_facil,22,Derrota,7,Si
3818,IA_medio,20,Victoria,8,Si
3818,IA_dificil,18,Derrota,4,Si
3819,IA_facil,17,Derrota,6,Si
3819,IA_medio,20,Victoria,6,Si
3819,IA_dificil,17,Derrota,4,Si
3820,IA_facil,17,Derrota,4,Si
3820,IA_medio,25,Derrota,7,Si
3820,IA_dificil,20,Victoria,5,Si
3821,IA_facil,18,Derrota,6,Si
3821,IA_medio,19,Victoria,6,Si
3821,IA_dificil,17,Derrota,5,Si
3822,IA_facil,17,Derrota,6,Si
3822,IA_medio,21,Victoria,5,Si
3822,IA_dificil,22,Derrota,5,Si
3823,IA_facil,18,Derrota,5,Si
3823,IA_medio,20,Victoria,6,Si
3823,IA_dificil,18,Derrota,4,Si
3824,IA_facil,21,Empate,9,Si
3824,IA_medio,18,Derrota,6,Si
3824,IA_dificil,21,Empate,5,Si
3825,IA_facil,19,Empate,8,Si
3825,IA_medio,19,Empate,4,Si
3825,IA_dificil,19,Empate,5,Si
3826,IA_facil,20,Empate,5,Si
3826,IA_medio,20,Empate,6,Si
3826,IA_dificil,18,Derrota,7,Si
3827,IA_facil,18,Derrota,4,Si
3827,IA_medio,20,Victoria,5,Si
3827,IA_dificil,25,Derrota,7,Si
3828,IA_facil,19,Empate,6,Si
3828,IA_medio,17,Derrota,5,Si
3828,IA_dificil,19,Empate,5,Si
3829,IA_facil,19,Derrota,7,Si
3829,IA_medio,20,Victoria,5,Si
3829,IA_dificil,22,Derrota,6,Si
3830,IA_facil,20,Empate,6,Si
3830,IA_medio,23,Derrota,7,Si
3830,IA_dificil,20,Empate,8,Si
3831,IA_facil,19,Derrota,6,Si
3831,IA_medio,21,Victoria,5,Si
3831,IA_dificil,18,Derrota,6,Si
3832,IA_facil,17,Derrota,4,Si
3832,IA_medio,19,Derrota,5,Si
3832,IA_dificil,20,Victoria,6,Si
3833,IA_facil,22,Derrota,6,Si
3833,IA_medio,20,Victoria,4,Si
3833,IA_dificil,17,Derrota,4,Si
3834,IA_facil,18,Derrota,5,Si
3834,IA_medio,20,Empate,6,Si
3834,IA_dificil,20,Empate,4,Si
3835,IA_facil,17,Derrota,5,Si
3835,IA_medio,22,Derrota,5,Si
3835,IA_dificil,20,Victoria,5,Si
3836,IA_facil,18,Derrota,5,Si
3836,IA_medio,20,Derrota,6,Si
3836,IA_dificil,21,Victoria,5,Si
3837,IA_facil,21,Victoria,7,Si
3837,IA_medio,20,Derrota,5,Si
3837,IA_dificil,20,Derrota,5,Si
3838,IA_facil,19,Derrota,5,Si
3838,IA_medio,20,Victoria,6,Si
3838,IA_dificil,17,Derrota,5,Si
3839,IA_facil,18,Derrota,5,Si
3839,IA_medio,20,Victoria,7,Si
3839,IA_dificil,17,Derrota,4,Si
3840,IA_facil,18,Derrota,4,Si
3840,IA_medio,25,Derrota,7,Si
3840,IA_dificil,21,Victoria,7,Si
3841,IA_facil,21,Victoria,7,Si
3841,IA_medio,23,Derrota,6,Si
3841,IA_dificil,20,Derrota,6,Si
3842,IA_facil,18,Derrota,5,Si
3842,IA_medio,21,Empate,7,Si
3842,IA_dificil,21,Empate,6,Si
3843,IA_facil,17,Derrota,5,Si
3843,IA_medio,18,Victoria,4,Si
3843,IA_dificil,25,Derrota,7,Si
3844,IA_facil,20,Empate,7,Si
3844,IA_medio,20,Empate,6,Si
3844,IA_dificil,20,Empate,6,Si
3845,IA_facil,20,Empate,5,Si
3845,IA_medio,20,Empate,9,Si
3845,IA_dificil,23,Derrota,6,Si
3846,IA_facil,17,Victoria,5,Si
3846,IA_medio,22,Derrota,6,Si
3846,IA_dificil,22,Derrota,7,Si
3847,IA_facil,19,Empate,8,Si
3847,IA_medio,18,Derrota,4,Si
3847,IA_dificil,19,Empate,4,Si
3848,IA_facil,17,Derrota,10,Si
3848,IA_medio,17,Derrota,5,Si
3848,IA_dificil,21,Victoria,7,Si
3849,IA_facil,20,Victoria,5,Si
3849,IA_medio,17,Derrota,8,Si
3849,IA_dificil,18,Derrota,6,Si
3850,IA_facil,20,Derrota,7,Si
3850,IA_medio,21,Empate,6,Si
3850,IA_dificil,21,Empate,6,Si
3851,IA_facil,19,Derrota,5,Si
3851,IA_medio,20,Derrota,4,Si
3851,IA_dificil,21,Victoria,5,Si
3852,IA_facil,20,Empate,5,Si
3852,IA_medio,20,Empate,7,Si
3852,IA_dificil,18,Derrota,4,Si
3853,IA_facil,18,Derrota,4,Si
3853,IA_medio,18,Derrota,4,Si
3853,IA_dificil,21,Victoria,6,Si
3854,IA_facil,18,Derrota,6,Si
3854,IA_medio,23,Derrota,7,Si
3854,IA_dificil,19,Victoria,4,Si
3855,IA_facil,21,Victoria,5,Si
3855,IA_medio,17,Derrota,4,Si
3855,IA_dificil,18,Derrota,4,Si
3856,IA_facil,21,Empate,6,Si
3856,IA_medio,18,Derrota,7,Si
3856,IA_dificil,21,Empate,6,Si
3857,IA_facil,20,Empate,5,Si
3857,IA_medio,18,Derrota,5,Si
3857,IA_dificil,20,Empate,4,Si
3858,IA_facil,17,Empate,5,Si
3858,IA_medio,17,Empate,5,Si
3858,IA_dificil,17,Empate,7,Si
3859,IA_facil,19,Victoria,6,Si
3859,IA_medio,22,Derrota,4,Si
3859,IA_dificil,22,Derrota,4,Si
3860,IA_facil,17,Derrota,4,Si
3860,IA_medio,20,Derrota,8,Si
3860,IA_dificil,21,Victoria,8,Si
3861,IA_facil,17,Derrota,7,Si
3861,IA_medio,17,Derrota,4,Si
3861,IA_dificil,21,Victoria,5,Si
3862,IA_facil,17,Derrota,4,Si
3862,IA_medio,22,Derrota,5,Si
3862,IA_dificil,21,Victoria,4,Si
3863,IA_facil,17,Derrota,4,Si
3863,IA_medio,17,Derrota,6,Si
3863,IA_dificil,20,Victoria,6,Si
3864,IA_facil,17,Derrota,6,Si
3864,IA_medio,20,Victoria,6,Si
3864,IA_dificil,17,Derrota,4,Si
3865,IA_facil,19,Derrota,9,Si
3865,IA_medio,17,Derrota,5,Si
3865,IA_dificil,21,Victoria,7,Si
3866,IA_facil,17,Derrota,5,Si
3866,IA_medio,20,Victoria,6,Si
3866,IA_dificil,19,Derrota,6,Si
3867,IA_facil,18,Derrota,6,Si
3867,IA_medio,18,Derrota,5,Si
3867,IA_dificil,20,Victoria,5,Si
3868,IA_facil,17,Derrota,3,Si
3868,IA_medio,21,Empate,6,Si
3868,IA_dificil,21,Empate,5,Si
3869,IA_facil,18,Derrota,4,Si
3869,IA_medio,19,Victoria,5,Si
3869,IA_dificil,17,Derrota,4,Si
3870,IA_facil,17,Empate,5,Si
3870,IA_medio,17,Empate,7,Si
3870,IA_dificil,17,Empate,5,Si
3871,IA_facil,19,Victoria,5,Si
3871,IA_medio,22,Derrota,5,Si
3871,IA_dificil,24,Derrota,5,Si
3872,IA_facil,17,Derrota,5,Si
3872,IA_medio,22,Derrota,5,Si
3872,IA_dificil,21,Victoria,5,Si
3873,IA_facil,21,Empate,5,Si
3873,IA_medio,18,Derrota,5,Si
3873,IA_dificil,21,Empate,6,Si
3874,IA_facil,17,Derrota,5,Si
3874,IA_medio,18,Derrota,5,Si
3874,IA_dificil,19,Victoria,6,Si
3875,IA_facil,17,Derrota,5,Si
3875,IA_medio,21,Victoria,8,Si
3875,IA_dificil,22,Derrota,4,Si
3876,IA_facil,18,Derrota,6,Si
3876,IA_medio,22,Derrota,6,Si
3876,IA_dificil,20,Victoria,5,Si
3877,IA_facil,19,Derrota,5,Si
3877,IA_medio,17,Derrota,4,Si
3877,IA_dificil,21,Victoria,5,Si
3878,IA_facil,21,Victoria,6,Si
3878,IA_medio,20,Derrota,6,Si
3878,IA_dificil,19,Derrota,7,Si
3879,IA_facil,18,Empate,4,Si
3879,IA_medio,18,Empate,6,Si
3879,IA_dificil,17,Derrota,4,Si
3880,IA_facil,18,Empate,4,Si
3880,IA_medio,22,Derrota,7,Si
3880,IA_dificil,18,Empate,6,Si
3881,IA_facil,20,Victoria,6,Si
3881,IA_medio,17,Derrota,4,Si
3881,IA_dificil,17,Derrota,4,Si
3882,IA_facil,19,Derrota,5,Si
3882,IA_medio,17,Derrota,4,Si
3882,IA_dificil,20,Victoria,7,Si
3883,IA_facil,20,Derrota,5,Si
3883,IA_medio,21,Empate,6,Si
3883,IA_dificil,21,Empate,8,Si
3884,IA_facil,21,Empate,5,Si
3884,IA_medio,22,Derrota,5,Si
3884,IA_dificil,21,Empate,6,Si
3885,IA_facil,18,Victoria,6,Si
3885,IA_medio,23,Derrota,6,Si
3885,IA_dificil,17,Derrota,5,Si
3886,IA_facil,20,Derrota,8,Si
3886,IA_medio,21,Empate,8,Si
3886,IA_dificil,21,Empate,6,Si
3887,IA_facil,17,Derrota,7,Si
3887,IA_medio,21,Victoria,6,Si
3887,IA_dificil,17,Derrota,5,Si
3888,IA_facil,19,Victoria,6,Si
3888,IA_medio,22,Derrota,8,Si
3888,IA_dificil,17,Derrota,4,Si
3889,IA_facil,17,Empate,5,Si
3889,IA_medio,17,Empate,4,Si
3889,IA_dificil,25,Derrota,6,Si
3890,IA_facil,19,Derrota,6,Si
3890,IA_medio,18,Derrota,4,Si
3890,IA_dificil,21,Victoria,6,Si
3891,IA_facil,17,Derrota,6,Si
3891,IA_medio,19,Victoria,6,Si
3891,IA_dificil,17,Derrota,6,Si
3892,IA_facil,19,Derrota,5,Si
3892,IA_medio,19,Derrota,6,Si
3892,IA_dificil,20,Victoria,5,Si
3893,IA_facil,18,Derrota,4,Si
3893,IA_medio,25,Derrota,6,Si
3893,IA_dificil,21,Victoria,7,Si
3894,IA_facil,17,Derrota,5,Si
3894,IA_medio,25,Derrota,5,Si
3894,IA_dificil,21,Victoria,6,Si
3895,IA_facil,17,Derrota,5,Si
3895,IA_medio,22,Derrota,6,Si
3895,IA_dificil,18,Victoria,5,Si
3896,IA_facil,17,Derrota,5,Si
3896,IA_medio,21,Victoria,5,Si
3896,IA_dificil,18,Derrota,8,Si
3897,IA_facil,19,Victoria,7,Si
3897,IA_medio,18,Derrota,5,Si
3897,IA_dificil,18,Derrota,4,Si
3898,IA_facil,19,Victoria,6,Si
3898,IA_medio,23,Derrota,6,Si
3898,IA_dificil,18,Derrota,5,Si
3899,IA_facil,17,Derrota,6,Si
3899,IA_medio,20,Victoria,6,Si
3899,IA_dificil,18,Derrota,6,Si
3900,IA_facil,19,Victoria,4,Si
3900,IA_medio,22,Derrota,7,Si
3900,IA_dificil,18,Derrota,6,Si
3901,IA_facil,19,Derrota,8,Si
3901,IA_medio,17,Derrota,4,Si
3901,IA_dificil,20,Victoria,5,Si
3902,IA_facil,21,Victoria,8,Si
3902,IA_medio,25,Derrota,7,Si
3902,IA_dificil,17,Derrota,5,Si
3903,IA_facil,21,Victoria,4,Si
3903,IA_medio,17,Derrota,4,Si
3903,IA_dificil,18,Derrota,4,Si
3904,IA_facil,19,Derrota,4,Si
3904,IA_medio,21,Victoria,8,Si
3904,IA_dificil,19,Derrota,5,Si
3905,IA_facil,17,Derrota,5,Si
3905,IA_medio,23,Derrota,7,Si
3905,IA_dificil,20,Victoria,7,Si
3906,IA_facil,17,Derrota,5,Si
3906,IA_medio,19,Victoria,6,Si
3906,IA_dificil,18,Derrota,5,Si
3907,IA_facil,17,Derrota,7,Si
3907,IA_medio,18,Derrota,5,Si
3907,IA_dificil,19,Victoria,5,Si
3908,IA_facil,17,Derrota,4,Si
3908,IA_medio,18,Derrota,4,Si
3908,IA_dificil,21,Victoria,6,Si
3909,IA_facil,18,Empate,5,Si
3909,IA_medio,17,Derrota,3,Si
3909,IA_dificil,18,Empate,5,Si
3910,IA_facil,19,Derrota,4,Si
3910,IA_medio,20,Victoria,5,Si
3910,IA_dificil,17,Derrota,8,Si
3911,IA_facil,17,Derrota,4,Si
3911,IA_medio,23,Derrota,8,Si
3911,IA_dificil,19,Victoria,6,Si
3912,IA_facil,21,Victoria,6,Si
3912,IA_medio,18,Derrota,6,Si
3912,IA_dificil,20,Derrota,7,Si
3913,IA_facil,21,Victoria,5,Si
3913,IA_medio,20,Derrota,5,Si
3913,IA_dificil,19,Derrota,5,Si
3914,IA_facil,19,Derrota,4,Si
3914,IA_medio,22,Derrota,7,Si
3914,IA_dificil,21,Victoria,5,Si
3915,IA_facil,19,Derrota,6,Si
3915,IA_medio,19,Derrota,7,Si
3915,IA_dificil,20,Victoria,4,Si
3916,IA_facil,17,Derrota,4,Si
3916,IA_medio,19,Derrota,5,Si
3916,IA_dificil,20,Victoria,5,Si
3917,IA_facil,17,Derrota,5,Si
3917,IA_medio,19,Empate,4,Si
3917,IA_dificil,19,Empate,6,Si
3918,IA_facil,17,Empate,5,Si
3918,IA_medio,22,Derrota,6,Si
3918,IA_dificil,17,Empate,4,Si
3919,IA_facil,20,Victoria,5,Si
3919,IA_medio,17,Derrota,7,Si
3919,IA_dificil,17,Derrota,4,Si
3920,IA_facil,20,Derrota,5,Si
3920,IA_medio,21,Victoria,7,Si
3920,IA_dificil,20,Derrota,4,Si
3921,IA_facil,17,Derrota,3,Si
3921,IA_medio,20,Victoria,4,Si
3921,IA_dificil,23,Derrota,4,Si
3922,IA_facil,17,Derrota,5,Si
3922,IA_medio,18,Victoria,5,Si
3922,IA_dificil,17,Derrota,4,Si
3923,IA_facil,19,Victoria,6,Si
3923,IA_medio,22,Derrota,6,Si
3923,IA_dificil,22,Derrota,7,Si
3924,IA_facil,21,Victoria,4,Si
3924,IA_medio,17,Derrota,7,Si
3924,IA_dificil,20,Derrota,5,Si
3925,IA_facil,17,Derrota,7,Si
3925,IA_medio,20,Derrota,4,Si
3925,IA_dificil,21,Victoria,6,Si
3926,IA_facil,17,Derrota,4,Si
3926,IA_medio,20,Derrota,8,Si
3926,IA_dificil,21,Victoria,7,Si
3927,IA_facil,18,Derrota,6,Si
3927,IA_medio,20,Empate,5,Si
3927,IA_dificil,20,Empate,6,Si
3928,IA_facil,19,Empate,5,Si
3928,IA_medio,23,Derrota,5,Si
3928,IA_dificil,19,Empate,5,Si
3929,IA_facil,19,Victoria,5,Si
3929,IA_medio,18,Derrota,4,Si
3929,IA_dificil,17,Derrota,4,Si
3930,IA_facil,19,Derrota,5,Si
3930,IA_medio,18,Derrota,4,Si
3930,IA_dificil,20,Victoria,6,Si
3931,IA_facil,17,Derrota,5,Si
3931,IA_medio,20,Victoria,5,Si
3931,IA_dificil,24,Derrota,6,Si
3932,IA_facil,20,Victoria,5,Si
3932,IA_medio,22,Derrota,6,Si
3932,IA_dificil,19,Derrota,5,Si
3933,IA_facil,19,Derrota,5,Si
3933,IA_medio,20,Victoria,5,Si
3933,IA_dificil,17,Derrota,4,Si
3934,IA_facil,18,Victoria,5,Si
3934,IA_medio,22,Derrota,5,Si
3934,IA_dificil,25,Derrota,7,Si
3935,IA_facil,17,Derrota,4,Si
3935,IA_medio,17,Derrota,6,Si
3935,IA_dificil,18,Victoria,4,Si
3936,IA_facil,20,Empate,4,Si
3936,IA_medio,20,Empate,5,Si
3936,IA_dificil,17,Derrota,4,Si
3937,IA_facil,20,Derrota,6,Si
3937,IA_medio,21,Victoria,5,Si
3937,IA_dificil,18,Derrota,5,Si
3938,IA_facil,18,Derrota,5,Si
3938,IA_medio,20,Victoria,8,Si
3938,IA_dificil,22,Derrota,8,Si
3939,IA_facil,18,Victoria,4,Si
3939,IA_medio,17,Derrota,4,Si
3939,IA_dificil,22,Derrota,6,Si
3940,IA_facil,17,Derrota,3,Si
3940,IA_medio,19,Derrota,4,Si
3940,IA_dificil,21,Victoria,5,Si
3941,IA_facil,19,Derrota,5,Si
3941,IA_medio,23,Derrota,5,Si
3941,IA_dificil,21,Victoria,6,Si
3942,IA_facil,18,Derrota,6,Si
3942,IA_medio,21,Victoria,5,Si
3942,IA_dificil,20,Derrota,6,Si
3943,IA_facil,18,Derrota,6,Si
3943,IA_medio,21,Victoria,6,Si
3943,IA_dificil,17,Derrota,7,Si
3944,IA_facil,17,Derrota,6,Si
3944,IA_medio,18,Empate,3,Si
3944,IA_dificil,18,Empate,6,Si
3945,IA_facil,18,Empate,7,Si
3945,IA_medio,22,Derrota,6,Si
3945,IA_dificil,18,Empate,7,Si
3946,IA_facil,17,Derrota,4,Si
3946,IA_medio,21,Victoria,7,Si
3946,IA_dificil,22,Derrota,6,Si
3947,IA_facil,19,Victoria,7,Si
3947,IA_medio,18,Derrota,9,Si
3947,IA_dificil,18,Derrota,4,Si
3948,IA_facil,19,Victoria,6,Si
3948,IA_medio,18,Derrota,5,Si
3948,IA_dificil,25,Derrota,7,Si
3949,IA_facil,18,Derrota,5,Si
3949,IA_medio,20,Victoria,6,Si
3949,IA_dificil,18,Derrota,5,Si
3950,IA_facil,18,Derrota,3,Si
3950,IA_medio,22,Derrota,5,Si
3950,IA_dificil,19,Victoria,7,Si
3951,IA_facil,19,Derrota,4,Si
3951,IA_medio,20,Victoria,7,Si
3951,IA_dificil,17,Derrota,7,Si
3952,IA_facil,19,Derrota,5,Si
3952,IA_medio,20,Victoria,5,Si
3952,IA_dificil,17,Derrota,5,Si
3953,IA_facil,18,Derrota,4,Si
3953,IA_medio,17,Derrota,5,Si
3953,IA_dificil,20,Victoria,5,Si
3954,IA_facil,18,Derrota,7,Si
3954,IA_medio,20,Victoria,6,Si
3954,IA_dificil,18,Derrota,5,Si
3955,IA_facil,19,Derrota,4,Si
3955,IA_medio,20,Victoria,6,Si
3955,IA_dificil,23,Derrota,7,Si
3956,IA_facil,18,Derrota,4,Si
3956,IA_medio,22,Derrota,6,Si
3956,IA_dificil,20,Victoria,5,Si
3957,IA_facil,21,Empate,6,Si
3957,IA_medio,24,Derrota,8,Si
3957,IA_dificil,21,Empate,5,Si
3958,IA_facil,17,Derrota,4,Si
3958,IA_medio,18,Empate,3,Si
3958,IA_dificil,18,Empate,7,Si
3959,IA_facil,18,Derrota,5,Si
3959,IA_medio,23,Derrota,6,Si
3959,IA_dificil,19,Victoria,5,Si
3960,IA_facil,21,Victoria,5,Si
3960,IA_medio,18,Derrota,5,Si
3960,IA_dificil,20,Derrota,9,Si
3961,IA_facil,19,Derrota,6,Si
3961,IA_medio,20,Victoria,8,Si
3961,IA_dificil,17,Derrota,4,Si
3962,IA_facil,20,Empate,5,Si
3962,IA_medio,17,Derrota,5,Si
3962,IA_dificil,20,Empate,6,Si
3963,IA_facil,21,Victoria,8,Si
3963,IA_medio,20,Derrota,8,Si
3963,IA_dificil,18,Derrota,3,Si
3964,IA_facil,18,Derrota,5,Si
3964,IA_medio,20,Empate,6,Si
3964,IA_dificil,20,Empate,7,Si
3965,IA_facil,18,Victoria,5,Si
3965,IA_medio,17,Derrota,4,Si
3965,IA_dificil,17,Derrota,5,Si
3966,IA_facil,19,Empate,5,Si
3966,IA_medio,19,Empate,6,Si
3966,IA_dificil,22,Derrota,7,Si
3967,IA_facil,18,Derrota,5,Si
3967,IA_medio,20,Derrota,4,Si
3967,IA_dificil,21,Victoria,6,Si
3968,IA_facil,20,Victoria,5,Si
3968,IA_medio,17,Derrota,4,Si
3968,IA_dificil,17,Derrota,6,Si
3969,IA_facil,18,Derrota,5,Si
3969,IA_medio,23,Derrota,6,Si
3969,IA_dificil,19,Victoria,6,Si
3970,IA_facil,18,Derrota,4,Si
3970,IA_medio,17,Derrota,5,Si
3970,IA_dificil,20,Victoria,7,Si
3971,IA_facil,22,Derrota,6,Si
3971,IA_medio,20,Empate,5,Si
3971,IA_dificil,20,Empate,5,Si
3972,IA_facil,18,Derrota,4,Si
3972,IA_medio,19,Victoria,4,Si
3972,IA_dificil,23,Derrota,6,Si
3973,IA_facil,17,Derrota,6,Si
3973,IA_medio,19,Derrota,6,Si
3973,IA_dificil,20,Victoria,7,Si
3974,IA_facil,17,Derrota,5,Si
3974,IA_medio,20,Victoria,5,Si
3974,IA_dificil,22,Derrota,6,Si
3975,IA_facil,21,Victoria,5,Si
3975,IA_medio,18,Derrota,7,Si
3975,IA_dificil,20,Derrota,6,Si
3976,IA_facil,19,Empate,5,Si
3976,IA_medio,19,Empate,6,Si
3976,IA_dificil,18,Derrota,6,Si
3977,IA_facil,18,Empate,5,Si
3977,IA_medio,17,Derrota,8,Si
3977,IA_dificil,18,Empate,6,Si
3978,IA_facil,18,Derrota,6,Si
3978,IA_medio,17,Derrota,6,Si
3978,IA_dificil,19,Victoria,6,Si
3979,IA_facil,22,Derrota,4,Si
3979,IA_medio,20,Victoria,6,Si
3979,IA_dificil,19,Derrota,6,Si
3980,IA_facil,17,Empate,4,Si
3980,IA_medio,22,Derrota,6,Si
3980,IA_dificil,17,Empate,4,Si
3981,IA_facil,17,Derrota,4,Si
3981,IA_medio,18,Victoria,6,Si
3981,IA_dificil,17,Derrota,4,Si
3982,IA_facil,17,Derrota,5,Si
3982,IA_medio,17,Derrota,4,Si
3982,IA_dificil,19,Victoria,5,Si
3983,IA_facil,18,Victoria,5,Si
3983,IA_medio,24,Derrota,8,Si
3983,IA_dificil,17,Derrota,6,Si
3984,IA_facil,19,Victoria,4,Si
3984,IA_medio,18,Derrota,4,Si
3984,IA_dificil,22,Derrota,4,Si
3985,IA_facil,18,Derrota,4,Si
3985,IA_medio,22,Derrota,6,Si
3985,IA_dificil,21,Victoria,6,Si
3986,IA_facil,18,Victoria,4,Si
3986,IA_medio,22,Derrota,7,Si
3986,IA_dificil,22,Derrota,4,Si
3987,IA_facil,22,Derrota,6,Si
3987,IA_medio,19,Empate,5,Si
3987,IA_dificil,19,Empate,5,Si
3988,IA_facil,17,Derrota,8,Si
3988,IA_medio,20,Empate,8,Si
3988,IA_dificil,20,Empate,5,Si
3989,IA_facil,18,Victoria,4,Si
3989,IA_medio,23,Derrota,6,Si
3989,IA_dificil,23,Derrota,8,Si
3990,IA_facil,20,Victoria,7,Si
3990,IA_medio,17,Derrota,9,Si
3990,IA_dificil,17,Derrota,5,Si
3991,IA_facil,20,Victoria,5,Si
3991,IA_medio,25,Derrota,8,Si
3991,IA_dificil,22,Derrota,7,Si
3992,IA_facil,20,Victoria,4,Si
3992,IA_medio,22,Derrota,7,Si
3992,IA_dificil,19,Derrota,4,Si
3993,IA_facil,19,Derrota,5,Si
3993,IA_medio,20,Victoria,6,Si
3993,IA_dificil,17,Derrota,7,Si
3994,IA_facil,18,Victoria,5,Si
3994,IA_medio,17,Derrota,8,Si
3994,IA_dificil,17,Derrota,4,Si
3995,IA_facil,17,Derrota,4,Si
3995,IA_medio,23,Derrota,5,Si
3995,IA_dificil,21,Victoria,7,Si
3996,IA_facil,20,Victoria,4,Si
3996,IA_medio,22,Derrota,7,Si
3996,IA_dificil,25,Derrota,5,Si
3997,IA_facil,17,Derrota,4,Si
3997,IA_medio,22,Derrota,5,Si
3997,IA_dificil,19,Victoria,4,Si
3998,IA_facil,21,Victoria,6,Si
3998,IA_medio,23,Derrota,7,Si
3998,IA_dificil,20,Derrota,7,Si
3999,IA_facil,20,Derrota,5,Si
3999,IA_medio,21,Victoria,7,Si
3999,IA_dificil,22,Derrota,7,Si
4000,IA_facil,17,Derrota,3,Si
4000,IA_medio,22,Derrota,6,Si
4000,IA_dificil,21,Victoria,6,Si
4001,IA_facil,20,Victoria,5,Si
4001,IA_medio,17,Derrota,6,Si
4001,IA_dificil,17,Derrota,7,Si
4002,IA_facil,19,Derrota,5,Si
4002,IA_medio,17,Derrota,4,Si
4002,IA_dificil,21,Victoria,6,Si
4003,IA_facil,17,Derrota,6,Si
4003,IA_medio,20,Derrota,7,Si
4003,IA_dificil,21,Victoria,4,Si
4004,IA_facil,18,Derrota,5,Si
4004,IA_medio,19,Derrota,6,Si
4004,IA_dificil,20,Victoria,6,Si
4005,IA_facil,21,Victoria,7,Si
4005,IA_medio,17,Derrota,5,Si
4005,IA_dificil,17,Derrota,6,Si
4006,IA_facil,19,Derrota,5,Si
4006,IA_medio,24,Derrota,7,Si
4006,IA_dificil,20,Victoria,5,Si
4007,IA_facil,17,Derrota,5,Si
4007,IA_medio,20,Victoria,4,Si
4007,IA_dificil,17,Derrota,6,Si
4008,IA_facil,17,Empate,5,Si
4008,IA_medio,22,Derrota,7,Si
4008,IA_dificil,17,Empate,5,Si
4009,IA_facil,20,Empate,5,Si
4009,IA_medio,20,Empate,5,Si
4009,IA_dificil,17,Derrota,6,Si
4010,IA_facil,20,Victoria,8,Si
4010,IA_medio,18,Derrota,5,Si
4010,IA_dificil,23,Derrota,6,Si
4011,IA_facil,19,Derrota,6,Si
4011,IA_medio,21,Victoria,5,Si
4011,IA_dificil,24,Derrota,6,Si
4012,IA_facil,19,Derrota,6,Si
4012,IA_medio,20,Empate,7,Si
4012,IA_dificil,20,Empate,6,Si
4013,IA_facil,22,Derrota,5,Si
4013,IA_medio,24,Derrota,5,Si
4013,IA_dificil,23,Derrota,7,Si
4014,IA_facil,17,Derrota,4,Si
4014,IA_medio,20,Victoria,5,Si
4014,IA_dificil,18,Derrota,5,Si
4015,IA_facil,18,Empate,5,Si
4015,IA_medio,17,Derrota,4,Si
4015,IA_dificil,18,Empate,6,Si
4016,IA_facil,19,Victoria,7,Si
4016,IA_medio,25,Derrota,10,Si
4016,IA_dificil,17,Derrota,6,Si
4017,IA_facil,17,Derrota,6,Si
4017,IA_medio,20,Victoria,5,Si
4017,IA_dificil,22,Derrota,6,Si
4018,IA_facil,20,Derrota,5,Si
4018,IA_medio,21,Victoria,7,Si
4018,IA_dificil,19,Derrota,6,Si
4019,IA_facil,19,Derrota,5,Si
4019,IA_medio,19,Derrota,6,Si
4019,IA_dificil,21,Victoria,6,Si
4020,IA_facil,22,Derrota,5,Si
4020,IA_medio,24,Derrota,6,Si
4020,IA_dificil,20,Victoria,5,Si
4021,IA_facil,18,Derrota,5,Si
4021,IA_medio,21,Victoria,9,Si
4021,IA_dificil,22,Derrota,6,Si
4022,IA_facil,20,Victoria,4,Si
4022,IA_medio,22,Derrota,7,Si
4022,IA_dificil,17,Derrota,4,Si
4023,IA_facil,17,Derrota,5,Si
4023,IA_medio,19,Victoria,5,Si
4023,IA_dificil,17,Derrota,6,Si
4024,IA_facil,21,Victoria,4,Si
4024,IA_medio,19,Derrota,5,Si
4024,IA_dificil,19,Derrota,4,Si
4025,IA_facil,17,Derrota,4,Si
4025,IA_medio,21,Victoria,8,Si
4025,IA_dificil,24,Derrota,5,Si
4026,IA_facil,17,Derrota,7,Si
4026,IA_medio,20,Victoria,4,Si
4026,IA_dificil,22,Derrota,6,Si
4027,IA_facil,19,Empate,6,Si
4027,IA_medio,19,Empate,9,Si
4027,IA_dificil,22,Derrota,6,Si
4028,IA_facil,22,Derrota,5,Si
4028,IA_medio,22,Derrota,7,Si
4028,IA_dificil,17,Victoria,3,Si
4029,IA_facil,18,Derrota,3,Si
4029,IA_medio,19,Victoria,7,Si
4029,IA_dificil,17,Derrota,7,Si
4030,IA_facil,19,Derrota,5,Si
4030,IA_medio,20,Victoria,5,Si
4030,IA_dificil,22,Derrota,4,Si
4031,IA_facil,18,Derrota,4,Si
4031,IA_medio,21,Victoria,6,Si
4031,IA_dificil,20,Derrota,5,Si
4032,IA_facil,19,Derrota,6,Si
4032,IA_medio,17,Derrota,5,Si
4032,IA_dificil,21,Victoria,5,Si
4033,IA_facil,20,Victoria,6,Si
4033,IA_medio,23,Derrota,7,Si
4033,IA_dificil,22,Derrota,6,Si
4034,IA_facil,18,Derrota,5,Si
4034,IA_medio,21,Victoria,6,Si
4034,IA_dificil,19,Derrota,6,Si
4035,IA_facil,17,Empate,4,Si
4035,IA_medio,23,Derrota,7,Si
4035,IA_dificil,17,Empate,7,Si
4036,IA_facil,18,Derrota,4,Si
4036,IA_medio,19,Victoria,6,Si
4036,IA_dificil,17,Derrota,4,Si
4037,IA_facil,20,Victoria,5,Si
4037,IA_medio,19,Derrota,5,Si
4037,IA_dificil,17,Derrota,4,Si
4038,IA_facil,21,Empate,7,Si
4038,IA_medio,21,Empate,5,Si
4038,IA_dificil,18,Derrota,5,Si
4039,IA_facil,18,Derrota,5,Si
4039,IA_medio,20,Victoria,8,Si
4039,IA_dificil,18,Derrota,5,Si
4040,IA_facil,19,Derrota,6,Si
4040,IA_medio,21,Empate,7,Si
4040,IA_dificil,21,Empate,4,Si
4041,IA_facil,17,Derrota,7,Si
4041,IA_medio,18,Victoria,5,Si
4041,IA_dificil,25,Derrota,7,Si
4042,IA_facil,19,Derrota,6,Si
4042,IA_medio,20,Empate,5,Si
4042,IA_dificil,20,Empate,4,Si
4043,IA_facil,17,Empate,5,Si
4043,IA_medio,17,Empate,4,Si
4043,IA_dificil,22,Derrota,5,Si
4044,IA_facil,18,Derrota,5,Si
4044,IA_medio,21,Empate,5,Si
4044,IA_dificil,21,Empate,7,Si
4045,IA_facil,19,Empate,6,Si
4045,IA_medio,18,Derrota,5,Si
4045,IA_dificil,19,Empate,6,Si
4046,IA_facil,17,Derrota,6,Si
4046,IA_medio,18,Derrota,5,Si
4046,IA_dificil,20,Victoria,5,Si
4047,IA_facil,18,Derrota,4,Si
4047,IA_medio,19,Derrota,6,Si
4047,IA_dificil,21,Victoria,5,Si
4048,IA_facil,17,Derrota,5,Si
4048,IA_medio,20,Victoria,6,Si
4048,IA_dificil,24,Derrota,6,Si
4049,IA_facil,18,Derrota,5,Si
4049,IA_medio,20,Victoria,5,Si
4049,IA_dificil,18,Derrota,4,Si
4050,IA_facil,18,Victoria,5,Si
4050,IA_medio,22,Derrota,5,Si
4050,IA_dificil,17,Derrota,5,Si
4051,IA_facil,18,Derrota,4,Si
4051,IA_medio,24,Derrota,7,Si
4051,IA_dificil,19,Victoria,6,Si
4052,IA_facil,20,Empate,5,Si
4052,IA_medio,20,Empate,6,Si
4052,IA_dificil,17,Derrota,7,Si
4053,IA_facil,18,Derrota,6,Si
4053,IA_medio,20,Empate,6,Si
4053,IA_dificil,20,Empate,5,Si
4054,IA_facil,17,Derrota,6,Si
4054,IA_medio,24,Derrota,7,Si
4054,IA_dificil,19,Victoria,5,Si
4055,IA_facil,18,Derrota,5,Si
4055,IA_medio,20,Victoria,5,Si
4055,IA_dificil,19,Derrota,7,Si
4056,IA_facil,17,Derrota,5,Si
4056,IA_medio,20,Victoria,6,Si
4056,IA_dificil,19,Derrota,6,Si
4057,IA_facil,18,Derrota,6,Si
4057,IA_medio,18,Derrota,7,Si
4057,IA_dificil,20,Victoria,5,Si
4058,IA_facil,17,Derrota,5,Si
4058,IA_medio,21,Victoria,7,Si
4058,IA_dificil,19,Derrota,4,Si
4059,IA_facil,21,Victoria,5,Si
4059,IA_medio,20,Derrota,4,Si
4059,IA_dificil,18,Derrota,7,Si
4060,IA_facil,20,Empate,4,Si
4060,IA_medio,23,Derrota,6,Si
4060,IA_dificil,20,Empate,6,Si
4061,IA_facil,20,Victoria,6,Si
4061,IA_medio,19,Derrota,6,Si
4061,IA_dificil,24,Derrota,7,Si
4062,IA_facil,20,Empate,5,Si
4062,IA_medio,20,Empate,5,Si
4062,IA_dificil,18,Derrota,5,Si
4063,IA_facil,18,Derrota,7,Si
4063,IA_medio,17,Derrota,7,Si
4063,IA_dificil,19,Victoria,4,Si
4064,IA_facil,18,Derrota,4,Si
4064,IA_medio,17,Derrota,4,Si
4064,IA_dificil,21,Victoria,5,Si
4065,IA_facil,20,Victoria,4,Si
4065,IA_medio,17,Derrota,5,Si
4065,IA_dificil,19,Derrota,6,Si
4066,IA_facil,20,Derrota,5,Si
4066,IA_medio,22,Derrota,5,Si
4066,IA_dificil,21,Victoria,5,Si
4067,IA_facil,17,Derrota,5,Si
4067,IA_medio,18,Derrota,5,Si
4067,IA_dificil,19,Victoria,5,Si
4068,IA_facil,17,Derrota,6,Si
4068,IA_medio,21,Empate,6,Si
4068,IA_dificil,21,Empate,5,Si
4069,IA_facil,18,Derrota,5,Si
4069,IA_medio,24,Derrota,8,Si
4069,IA_dificil,21,Victoria,6,Si
4070,IA_facil,19,Derrota,8,Si
4070,IA_medio,18,Derrota,5,Si
4070,IA_dificil,20,Victoria,7,Si
4071,IA_facil,20,Derrota,7,Si
4071,IA_medio,21,Victoria,7,Si
4071,IA_dificil,19,Derrota,5,Si
4072,IA_facil,19,Victoria,6,Si
4072,IA_medio,18,Derrota,4,Si
4072,IA_dificil,18,Derrota,6,Si
4073,IA_facil,17,Derrota,4,Si
4073,IA_medio,19,Derrota,4,Si
4073,IA_dificil,20,Victoria,6,Si
4074,IA_facil,17,Derrota,5,Si
4074,IA_medio,19,Victoria,6,Si
4074,IA_dificil,18,Derrota,8,Si
4075,IA_facil,19,Derrota,5,Si
4075,IA_medio,20,Derrota,6,Si
4075,IA_dificil,21,Victoria,5,Si
4076,IA_facil,20,Victoria,6,Si
4076,IA_medio,18,Derrota,4,Si
4076,IA_dificil,17,Derrota,4,Si
4077,IA_facil,22,Derrota,4,Si
4077,IA_medio,20,Victoria,7,Si
4077,IA_dificil,18,Derrota,6,Si
4078,IA_facil,18,Derrota,5,Si
4078,IA_medio,21,Victoria,5,Si
4078,IA_dificil,18,Derrota,7,Si
4079,IA_facil,17,Empate,4,Si
4079,IA_medio,24,Derrota,8,Si
4079,IA_dificil,17,Empate,6,Si
4080,IA_facil,18,Derrota,5,Si
4080,IA_medio,19,Derrota,6,Si
4080,IA_dificil,20,Victoria,4,Si
4081,IA_facil,18,Victoria,6,Si
4081,IA_medio,17,Derrota,5,Si
4081,IA_dificil,17,Derrota,4,Si
4082,IA_facil,17,Derrota,6,Si
4082,IA_medio,18,Victoria,5,Si
4082,IA_dificil,17,Derrota,4,Si
4083,IA_facil,22,Derrota,4,Si
4083,IA_medio,18,Victoria,6,Si
4083,IA_dificil,17,Derrota,5,Si
4084,IA_facil,17,Derrota,7,Si
4084,IA_medio,19,Victoria,5,Si
4084,IA_dificil,25,Derrota,6,Si
4085,IA_facil,20,Derrota,5,Si
4085,IA_medio,20,Derrota,5,Si
4085,IA_dificil,21,Victoria,7,Si
4086,IA_facil,18,Derrota,7,Si
4086,IA_medio,22,Derrota,8,Si
4086,IA_dificil,21,Victoria,6,Si
4087,IA_facil,19,Derrota,6,Si
4087,IA_medio,20,Victoria,5,Si
4087,IA_dificil,18,Derrota,6,Si
4088,IA_facil,18,Empate,5,Si
4088,IA_medio,18,Empate,8,Si
4088,IA_dificil,22,Derrota,7,Si
4089,IA_facil,17,Empate,4,Si
4089,IA_medio,24,Derrota,6,Si
4089,IA_dificil,17,Empate,6,Si
4090,IA_facil,20,Victoria,5,Si
4090,IA_medio,19,Derrota,4,Si
4090,IA_dificil,18,Derrota,5,Si
4091,IA_facil,20,Derrota,5,Si
4091,IA_medio,20,Derrota,4,Si
4091,IA_dificil,21,Victoria,5,Si
4092,IA_facil,18,Victoria,5,Si
4092,IA_medio,22,Derrota,7,Si
4092,IA_dificil,17,Derrota,5,Si
4093,IA_facil,20,Empate,5,Si
4093,IA_medio,20,Empate,5,Si
4093,IA_dificil,17,Derrota,5,Si
4094,IA_facil,17,Derrota,5,Si
4094,IA_medio,23,Derrota,8,Si
4094,IA_dificil,21,Victoria,7,Si
4095,IA_facil,17,Derrota,6,Si
4095,IA_medio,21,Victoria,5,Si
4095,IA_dificil,20,Derrota,6,Si
4096,IA_facil,17,Derrota,4,Si
4096,IA_medio,18,Derrota,5,Si
4096,IA_dificil,21,Victoria,6,Si
4097,IA_facil,19,Derrota,5,Si
4097,IA_medio,20,Victoria,5,Si
4097,IA_dificil,22,Derrota,5,Si
4098,IA_facil,17,Derrota,5,Si
4098,IA_medio,22,Derrota,5,Si
4098,IA_dificil,21,Victoria,5,Si
4099,IA_facil,18,Derrota,5,Si
4099,IA_medio,17,Derrota,5,Si
4099,IA_dificil,19,Victoria,7,Si
4100,IA_facil,19,Empate,5,Si
4100,IA_medio,19,Empate,5,Si
4100,IA_dificil,18,Derrota,5,Si
4101,IA_facil,19,Derrota,5,Si
4101,IA_medio,21,Victoria,5,Si
4101,IA_dificil,22,Derrota,6,Si
4102,IA_facil,18,Derrota,4,Si
4102,IA_medio,19,Victoria,4,Si
4102,IA_dificil,18,Derrota,5,Si
4103,IA_facil,19,Derrota,4,Si
4103,IA_medio,20,Empate,7,Si
4103,IA_dificil,20,Empate,5,Si
4104,IA_facil,22,Derrota,5,Si
4104,IA_medio,24,Derrota,9,Si
4104,IA_dificil,23,Derrota,5,Si
4105,IA_facil,20,Empate,4,Si
4105,IA_medio,20,Empate,4,Si
4105,IA_dificil,24,Derrota,8,Si
4106,IA_facil,19,Derrota,4,Si
4106,IA_medio,20,Empate,8,Si
4106,IA_dificil,20,Empate,7,Si
4107,IA_facil,22,Derrota,5,Si
4107,IA_medio,23,Derrota,7,Si
4107,IA_dificil,22,Derrota,5,Si
4108,IA_facil,19,Derrota,5,Si
4108,IA_medio,21,Empate,7,Si
4108,IA_dificil,21,Empate,8,Si
4109,IA_facil,18,Derrota,5,Si
4109,IA_medio,19,Victoria,8,Si
4109,IA_dificil,23,Derrota,6,Si
4110,IA_facil,18,Derrota,4,Si
4110,IA_medio,20,Victoria,4,Si
4110,IA_dificil,19,Derrota,8,Si
4111,IA_facil,18,Derrota,4,Si
4111,IA_medio,20,Empate,6,Si
4111,IA_dificil,20,Empate,6,Si
4112,IA_facil,18,Derrota,9,Si
4112,IA_medio,20,Victoria,5,Si
4112,IA_dificil,17,Derrota,6,Si
4113,IA_facil,19,Derrota,6,Si
4113,IA_medio,20,Empate,4,Si
4113,IA_dificil,20,Empate,5,Si
4114,IA_facil,18,Victoria,5,Si
4114,IA_medio,17,Derrota,5,Si
4114,IA_dificil,24,Derrota,5,Si
4115,IA_facil,17,Derrota,6,Si
4115,IA_medio,23,Derrota,5,Si
4115,IA_dificil,20,Victoria,5,Si
4116,IA_facil,19,Derrota,4,Si
4116,IA_medio,17,Derrota,6,Si
4116,IA_dificil,21,Victoria,6,Si
4117,IA_facil,19,Victoria,6,Si
4117,IA_medio,22,Derrota,4,Si
4117,IA_dificil,18,Derrota,5,Si
4118,IA_facil,21,Victoria,5,Si
4118,IA_medio,18,Derrota,6,Si
4118,IA_dificil,18,Derrota,6,Si
4119,IA_facil,18,Victoria,5,Si
4119,IA_medio,17,Derrota,7,Si
4119,IA_dificil,22,Derrota,6,Si
4120,IA_facil,22,Derrota,7,Si
4120,IA_medio,20,Victoria,7,Si
4120,IA_dificil,19,Derrota,8,Si
4121,IA_facil,17,Derrota,5,Si
4121,IA_medio,23,Derrota,4,Si
4121,IA_dificil,19,Victoria,4,Si
4122,IA_facil,21,Victoria,5,Si
4122,IA_medio,22,Derrota,5,Si
4122,IA_dificil,19,Derrota,6,Si
4123,IA_facil,18,Derrota,4,Si
4123,IA_medio,20,Derrota,5,Si
4123,IA_dificil,21,Victoria,7,Si
4124,IA_facil,18,Derrota,4,Si
4124,IA_medio,19,Victoria,5,Si
4124,IA_dificil,17,Derrota,5,Si
4125,IA_facil,21,Victoria,5,Si
4125,IA_medio,18,Derrota,7,Si
4125,IA_dificil,19,Derrota,7,Si
4126,IA_facil,17,Empate,5,Si
4126,IA_medio,17,Empate,7,Si
4126,IA_dificil,23,Derrota,7,Si
4127,IA_facil,19,Victoria,5,Si
4127,IA_medio,17,Derrota,6,Si
4127,IA_dificil,18,Derrota,5,Si
4128,IA_facil,19,Derrota,6,Si
4128,IA_medio,20,Empate,7,Si
4128,IA_dificil,20,Empate,7,Si
4129,IA_facil,17,Derrota,7,Si
4129,IA_medio,24,Derrota,7,Si
4129,IA_dificil,20,Victoria,5,Si
4130,IA_facil,18,Derrota,6,Si
4130,IA_medio,21,Victoria,6,Si
4130,IA_dificil,18,Derrota,7,Si
4131,IA_facil,18,Derrota,5,Si
4131,IA_medio,19,Victoria,7,Si
4131,IA_dificil,17,Derrota,8,Si
4132,IA_facil,18,Empate,5,Si
4132,IA_medio,18,Empate,5,Si
4132,IA_dificil,18,Empate,7,Si
4133,IA_facil,17,Victoria,4,Si
4133,IA_medio,25,Derrota,7,Si
4133,IA_dificil,22,Derrota,6,Si
4134,IA_facil,18,Empate,5,Si
4134,IA_medio,17,Derrota,8,Si
4134,IA_dificil,18,Empate,4,Si
4135,IA_facil,20,Victoria,6,Si
4135,IA_medio,17,Derrota,6,Si
4135,IA_dificil,18,Derrota,4,Si
4136,IA_facil,18,Victoria,6,Si
4136,IA_medio,17,Derrota,7,Si
4136,IA_dificil,22,Derrota,5,Si
4137,IA_facil,17,Empate,7,Si
4137,IA_medio,22,Derrota,7,Si
4137,IA_dificil,17,Empate,5,Si
4138,IA_facil,19,Empate,4,Si
4138,IA_medio,24,Derrota,6,Si
4138,IA_dificil,19,Empate,5,Si
4139,IA_facil,17,Empate,5,Si
4139,IA_medio,17,Empate,5,Si
4139,IA_dificil,22,Derrota,8,Si
4140,IA_facil,22,Derrota,4,Si
4140,IA_medio,20,Victoria,6,Si
4140,IA_dificil,17,Derrota,5,Si
4141,IA_facil,17,Empate,5,Si
4141,IA_medio,17,Empate,6,Si
4141,IA_dificil,17,Empate,7,Si
4142,IA_facil,18,Derrota,4,Si
4142,IA_medio,17,Derrota,4,Si
4142,IA_dificil,19,Victoria,5,Si
4143,IA_facil,18,Victoria,4,Si
4143,IA_medio,17,Derrota,3,Si
4143,IA_dificil,17,Derrota,6,Si
4144,IA_facil,22,Derrota,6,Si
4144,IA_medio,21,Victoria,5,Si
4144,IA_dificil,20,Derrota,7,Si
4145,IA_facil,20,Empate,5,Si
4145,IA_medio,20,Empate,5,Si
4145,IA_dificil,17,Derrota,4,Si
4146,IA_facil,19,Derrota,4,Si
4146,IA_medio,21,Victoria,6,Si
4146,IA_dificil,17,Derrota,4,Si
4147,IA_facil,19,Derrota,5,Si
4147,IA_medio,20,Victoria,6,Si
4147,IA_dificil,19,Derrota,6,Si
4148,IA_facil,17,Derrota,4,Si
4148,IA_medio,20,Victoria,6,Si
4148,IA_dificil,18,Derrota,5,Si
4149,IA_facil,21,Victoria,6,Si
4149,IA_medio,22,Derrota,5,Si
4149,IA_dificil,19,Derrota,4,Si
4150,IA_facil,17,Derrota,3,Si
4150,IA_medio,21,Victoria,7,Si
4150,IA_dificil,17,Derrota,5,Si
4151,IA_facil,19,Derrota,5,Si
4151,IA_medio,22,Derrota,8,Si
4151,IA_dificil,20,Victoria,6,Si
4152,IA_facil,18,Derrota,4,Si
4152,IA_medio,17,Derrota,5,Si
4152,IA_dificil,20,Victoria,6,Si
4153,IA_facil,21,Victoria,6,Si
4153,IA_medio,19,Derrota,4,Si
4153,IA_dificil,24,Derrota,5,Si
4154,IA_facil,20,Derrota,6,Si
4154,IA_medio,21,Victoria,6,Si
4154,IA_dificil,18,Derrota,6,Si
4155,IA_facil,20,Empate,5,Si
4155,IA_medio,19,Derrota,6,Si
4155,IA_dificil,20,Empate,6,Si
4156,IA_facil,17,Empate,9,Si
4156,IA_medio,17,Empate,5,Si
4156,IA_dificil,22,Derrota,7,Si
4157,IA_facil,17,Derrota,7,Si
4157,IA_medio,20,Victoria,5,Si
4157,IA_dificil,17,Derrota,9,Si
4158,IA_facil,17,Derrota,8,Si
4158,IA_medio,25,Derrota,5,Si
4158,IA_dificil,18,Victoria,5,Si
4159,IA_facil,20,Empate,4,Si
4159,IA_medio,24,Derrota,7,Si
4159,IA_dificil,20,Empate,5,Si
4160,IA_facil,22,Derrota,5,Si
4160,IA_medio,20,Victoria,4,Si
4160,IA_dificil,18,Derrota,4,Si
4161,IA_facil,18,Derrota,6,Si
4161,IA_medio,21,Victoria,5,Si
4161,IA_dificil,19,Derrota,6,Si
4162,IA_facil,21,Empate,4,Si
4162,IA_medio,21,Empate,7,Si
4162,IA_dificil,18,Derrota,9,Si
4163,IA_facil,20,Derrota,4,Si
4163,IA_medio,18,Derrota,5,Si
4163,IA_dificil,21,Victoria,7,Si
4164,IA_facil,17,Derrota,7,Si
4164,IA_medio,18,Derrota,6,Si
4164,IA_dificil,21,Victoria,5,Si
4165,IA_facil,18,Derrota,7,Si
4165,IA_medio,17,Derrota,5,Si
4165,IA_dificil,19,Victoria,6,Si
4166,IA_facil,17,Derrota,5,Si
4166,IA_medio,19,Empate,8,Si
4166,IA_dificil,19,Empate,5,Si
4167,IA_facil,17,Derrota,7,Si
4167,IA_medio,17,Derrota,5,Si
4167,IA_dificil,18,Victoria,4,Si
4168,IA_facil,18,Victoria,5,Si
4168,IA_medio,17,Derrota,8,Si
4168,IA_dificil,17,Derrota,8,Si
4169,IA_facil,19,Victoria,4,Si
4169,IA_medio,23,Derrota,6,Si
4169,IA_dificil,25,Derrota,5,Si
4170,IA_facil,17,Derrota,7,Si
4170,IA_medio,21,Victoria,6,Si
4170,IA_dificil,20,Derrota,9,Si
4171,IA_facil,18,Empate,5,Si
4171,IA_medio,18,Empate,5,Si
4171,IA_dificil,22,Derrota,5,Si
4172,IA_facil,18,Derrota,6,Si
4172,IA_medio,21,Empate,5,Si
4172,IA_dificil,21,Empate,6,Si
4173,IA_facil,19,Victoria,6,Si
4173,IA_medio,17,Derrota,4,Si
4173,IA_dificil,18,Derrota,4,Si
4174,IA_facil,18,Derrota,6,Si
4174,IA_medio,21,Victoria,4,Si
4174,IA_dificil,18,Derrota,5,Si
4175,IA_facil,17,Empate,3,Si
4175,IA_medio,17,Empate,5,Si
4175,IA_dificil,17,Empate,5,Si
4176,IA_facil,18,Derrota,8,Si
4176,IA_medio,18,Derrota,4,Si
4176,IA_dificil,21,Victoria,6,Si
4177,IA_facil,17,Derrota,5,Si
4177,IA_medio,17,Derrota,6,Si
4177,IA_dificil,20,Victoria,5,Si
4178,IA_facil,21,Victoria,6,Si
4178,IA_medio,19,Derrota,5,Si
4178,IA_dificil,20,Derrota,5,Si
4179,IA_facil,20,Empate,6,Si
4179,IA_medio,20,Empate,6,Si
4179,IA_dificil,19,Derrota,5,Si
4180,IA_facil,20,Victoria,5,Si
4180,IA_medio,22,Derrota,7,Si
4180,IA_dificil,18,Derrota,7,Si
4181,IA_facil,18,Derrota,5,Si
4181,IA_medio,19,Victoria,5,Si
4181,IA_dificil,22,Derrota,7,Si
4182,IA_facil,17,Derrota,4,Si
4182,IA_medio,19,Victoria,6,Si
4182,IA_dificil,17,Derrota,3,Si
4183,IA_facil,20,Empate,8,Si
4183,IA_medio,20,Empate,5,Si
4183,IA_dificil,17,Derrota,5,Si
4184,IA_facil,21,Victoria,6,Si
4184,IA_medio,18,Derrota,3,Si
4184,IA_dificil,18,Derrota,6,Si
4185,IA_facil,21,Victoria,5,Si
4185,IA_medio,22,Derrota,6,Si
4185,IA_dificil,24,Derrota,7,Si
4186,IA_facil,17,Derrota,5,Si
4186,IA_medio,21,Victoria,5,Si
4186,IA_dificil,17,Derrota,4,Si
4187,IA_facil,17,Derrota,4,Si
4187,IA_medio,17,Derrota,6,Si
4187,IA_dificil,21,Victoria,5,Si
4188,IA_facil,18,Victoria,5,Si
4188,IA_medio,22,Derrota,5,Si
4188,IA_dificil,22,Derrota,7,Si
4189,IA_facil,19,Victoria,4,Si
4189,IA_medio,18,Derrota,6,Si
4189,IA_dificil,17,Derrota,7,Si
4190,IA_facil,18,Victoria,5,Si
4190,IA_medio,22,Derrota,7,Si
4190,IA_dificil,17,Derrota,5,Si
4191,IA_facil,18,Derrota,4,Si
4191,IA_medio,21,Victoria,7,Si
4191,IA_dificil,22,Derrota,5,Si
4192,IA_facil,19,Derrota,5,Si
4192,IA_medio,19,Derrota,6,Si
4192,IA_dificil,20,Victoria,8,Si
4193,IA_facil,22,Derrota,6,Si
4193,IA_medio,19,Victoria,5,Si
4193,IA_dificil,17,Derrota,7,Si
4194,IA_facil,21,Victoria,5,Si
4194,IA_medio,18,Derrota,4,Si
4194,IA_dificil,17,Derrota,5,Si
4195,IA_facil,21,Victoria,7,Si
4195,IA_medio,20,Derrota,8,Si
4195,IA_dificil,19,Derrota,6,Si
4196,IA_facil,22,Derrota,5,Si
4196,IA_medio,17,Derrota,4,Si
4196,IA_dificil,20,Victoria,7,Si
4197,IA_facil,17,Derrota,6,Si
4197,IA_medio,19,Victoria,6,Si
4197,IA_dificil,18,Derrota,6,Si
4198,IA_facil,17,Derrota,5,Si
4198,IA_medio,21,Victoria,6,Si
4198,IA_dificil,20,Derrota,6,Si
4199,IA_facil,18,Derrota,6,Si
4199,IA_medio,20,Victoria,4,Si
4199,IA_dificil,17,Derrota,5,Si
4200,IA_facil,21,Victoria,5,Si
4200,IA_medio,20,Derrota,5,Si
4200,IA_dificil,17,Derrota,6,Si
4201,IA_facil,17,Derrota,5,Si
4201,IA_medio,18,Derrota,6,Si
4201,IA_dificil,21,Victoria,6,Si
4202,IA_facil,18,Victoria,4,Si
4202,IA_medio,25,Derrota,9,Si
4202,IA_dificil,24,Derrota,9,Si
4203,IA_facil,17,Empate,5,Si
4203,IA_medio,17,Empate,5,Si
4203,IA_dificil,17,Empate,6,Si
4204,IA_facil,22,Derrota,4,Si
4204,IA_medio,21,Victoria,7,Si
4204,IA_dificil,18,Derrota,8,Si
4205,IA_facil,20,Derrota,5,Si
4205,IA_medio,20,Derrota,6,Si
4205,IA_dificil,21,Victoria,5,Si
4206,IA_facil,20,Derrota,5,Si
4206,IA_medio,21,Victoria,6,Si
4206,IA_dificil,22,Derrota,5,Si
4207,IA_facil,19,Derrota,4,Si
4207,IA_medio,20,Victoria,5,Si
4207,IA_dificil,18,Derrota,6,Si
4208,IA_facil,18,Victoria,4,Si
4208,IA_medio,24,Derrota,6,Si
4208,IA_dificil,17,Derrota,5,Si
4209,IA_facil,19,Derrota,5,Si
4209,IA_medio,21,Victoria,7,Si
4209,IA_dificil,19,Derrota,6,Si
4210,IA_facil,19,Empate,6,Si
4210,IA_medio,19,Empate,6,Si
4210,IA_dificil,23,Derrota,6,Si
4211,IA_facil,19,Derrota,4,Si
4211,IA_medio,21,Victoria,9,Si
4211,IA_dificil,19,Derrota,6,Si
4212,IA_facil,19,Derrota,7,Si
4212,IA_medio,21,Victoria,5,Si
4212,IA_dificil,17,Derrota,6,Si
4213,IA_facil,20,Empate,6,Si
4213,IA_medio,20,Empate,7,Si
4213,IA_dificil,23,Derrota,6,Si
4214,IA_facil,18,Empate,4,Si
4214,IA_medio,22,Derrota,6,Si
4214,IA_dificil,18,Empate,5,Si
4215,IA_facil,17,Derrota,4,Si
4215,IA_medio,19,Victoria,6,Si
4215,IA_dificil,22,Derrota,7,Si
4216,IA_facil,21,Empate,4,Si
4216,IA_medio,21,Empate,8,Si
4216,IA_dificil,22,Derrota,8,Si
4217,IA_facil,19,Derrota,7,Si
4217,IA_medio,20,Victoria,6,Si
4217,IA_dificil,17,Derrota,4,Si
4218,IA_facil,19,Victoria,5,Si
4218,IA_medio,22,Derrota,8,Si
4218,IA_dificil,17,Derrota,7,Si
4219,IA_facil,19,Derrota,5,Si
4219,IA_medio,18,Derrota,4,Si
4219,IA_dificil,20,Victoria,6,Si
4220,IA_facil,21,Empate,7,Si
4220,IA_medio,20,Derrota,7,Si
4220,IA_dificil,21,Empate,8,Si
4221,IA_facil,19,Victoria,4,Si
4221,IA_medio,18,Derrota,6,Si
4221,IA_dificil,17,Derrota,4,Si
4222,IA_facil,22,Derrota,5,Si
4222,IA_medio,19,Empate,6,Si
4222,IA_dificil,19,Empate,5,Si
4223,IA_facil,19,Victoria,4,Si
4223,IA_medio,24,Derrota,7,Si
4223,IA_dificil,17,Derrota,6,Si
4224,IA_facil,18,Derrota,8,Si
4224,IA_medio,20,Victoria,5,Si
4224,IA_dificil,18,Derrota,5,Si
4225,IA_facil,17,Derrota,5,Si
4225,IA_medio,19,Victoria,4,Si
4225,IA_dificil,17,Derrota,4,Si
4226,IA_facil,20,Victoria,5,Si
4226,IA_medio,22,Derrota,6,Si
4226,IA_dificil,18,Derrota,5,Si
4227,IA_facil,18,Derrota,4,Si
4227,IA_medio,21,Victoria,5,Si
4227,IA_dificil,18,Derrota,6,Si
4228,IA_facil,22,Derrota,7,Si
4228,IA_medio,20,Victoria,8,Si
4228,IA_dificil,23,Derrota,8,Si
4229,IA_facil,20,Empate,6,Si
4229,IA_medio,22,Derrota,6,Si
4229,IA_dificil,20,Empate,6,Si
4230,IA_facil,17,Derrota,4,Si
4230,IA_medio,17,Derrota,5,Si
4230,IA_dificil,20,Victoria,6,Si
4231,IA_facil,18,Empate,4,Si
4231,IA_medio,18,Empate,6,Si
4231,IA_dificil,24,Derrota,8,Si
4232,IA_facil,20,Victoria,5,Si
4232,IA_medio,23,Derrota,7,Si
4232,IA_dificil,19,Derrota,5,Si
4233,IA_facil,21,Empate,5,Si
4233,IA_medio,21,Empate,6,Si
4233,IA_dificil,24,Derrota,5,Si
4234,IA_facil,19,Victoria,4,Si
4234,IA_medio,18,Derrota,6,Si
4234,IA_dificil,18,Derrota,6,Si
4235,IA_facil,17,Derrota,6,Si
4235,IA_medio,21,Victoria,7,Si
4235,IA_dificil,20,Derrota,4,Si
4236,IA_facil,17,Derrota,7,Si
4236,IA_medio,21,Victoria,7,Si
4236,IA_dificil,19,Derrota,8,Si
4237,IA_facil,18,Victoria,5,Si
4237,IA_medio,17,Derrota,5,Si
4237,IA_dificil,22,Derrota,5,Si
4238,IA_facil,18,Derrota,5,Si
4238,IA_medio,21,Victoria,6,Si
4238,IA_dificil,23,Derrota,5,Si
4239,IA_facil,21,Victoria,5,Si
4239,IA_medio,23,Derrota,8,Si
4239,IA_dificil,18,Derrota,5,Si
4240,IA_facil,20,Victoria,6,Si
4240,IA_medio,24,Derrota,5,Si
4240,IA_dificil,17,Derrota,4,Si
4241,IA_facil,17,Derrota,7,Si
4241,IA_medio,20,Victoria,5,Si
4241,IA_dificil,19,Derrota,4,Si
4242,IA_facil,18,Derrota,4,Si
4242,IA_medio,20,Victoria,6,Si
4242,IA_dificil,22,Derrota,5,Si
4243,IA_facil,17,Derrota,6,Si
4243,IA_medio,22,Derrota,8,Si
4243,IA_dificil,20,Victoria,6,Si
4244,IA_facil,20,Empate,4,Si
4244,IA_medio,17,Derrota,5,Si
4244,IA_dificil,20,Empate,6,Si
4245,IA_facil,19,Victoria,5,Si
4245,IA_medio,25,Derrota,8,Si
4245,IA_dificil,18,Derrota,6,Si
4246,IA_facil,17,Derrota,5,Si
4246,IA_medio,19,Empate,7,Si
4246,IA_dificil,19,Empate,7,Si
4247,IA_facil,17,Derrota,5,Si
4247,IA_medio,19,Victoria,5,Si
4247,IA_dificil,17,Derrota,6,Si
4248,IA_facil,19,Derrota,5,Si
4248,IA_medio,18,Derrota,5,Si
4248,IA_dificil,21,Victoria,6,Si
4249,IA_facil,20,Empate,4,Si
4249,IA_medio,22,Derrota,7,Si
4249,IA_dificil,20,Empate,4,Si
4250,IA_facil,17,Derrota,5,Si
4250,IA_medio,18,Empate,4,Si
4250,IA_dificil,18,Empate,6,Si
4251,IA_facil,21,Victoria,5,Si
4251,IA_medio,20,Derrota,5,Si
4251,IA_dificil,23,Derrota,5,Si
4252,IA_facil,19,Victoria,5,Si
4252,IA_medio,24,Derrota,5,Si
4252,IA_dificil,22,Derrota,6,Si
4253,IA_facil,18,Derrota,5,Si
4253,IA_medio,19,Victoria,7,Si
4253,IA_dificil,22,Derrota,7,Si
4254,IA_facil,18,Derrota,7,Si
4254,IA_medio,20,Victoria,8,Si
4254,IA_dificil,24,Derrota,5,Si
4255,IA_facil,17,Derrota,6,Si
4255,IA_medio,20,Victoria,7,Si
4255,IA_dificil,22,Derrota,8,Si
4256,IA_facil,17,Empate,4,Si
4256,IA_medio,24,Derrota,6,Si
4256,IA_dificil,17,Empate,5,Si
4257,IA_facil,18,Empate,4,Si
4257,IA_medio,25,Derrota,6,Si
4257,IA_dificil,18,Empate,5,Si
4258,IA_facil,19,Derrota,5,Si
4258,IA_medio,20,Victoria,5,Si
4258,IA_dificil,17,Derrota,5,Si
4259,IA_facil,20,Derrota,5,Si
4259,IA_medio,21,Victoria,6,Si
4259,IA_dificil,19,Derrota,6,Si
4260,IA_facil,17,Derrota,4,Si
4260,IA_medio,22,Derrota,5,Si
4260,IA_dificil,20,Victoria,6,Si
4261,IA_facil,17,Derrota,5,Si
4261,IA_medio,20,Victoria,4,Si
4261,IA_dificil,17,Derrota,3,Si
4262,IA_facil,19,Derrota,5,Si
4262,IA_medio,20,Empate,6,Si
4262,IA_dificil,20,Empate,5,Si
4263,IA_facil,17,Derrota,4,Si
4263,IA_medio,17,Derrota,6,Si
4263,IA_dificil,19,Victoria,7,Si
4264,IA_facil,17,Derrota,3,Si
4264,IA_medio,18,Victoria,5,Si
4264,IA_dificil,22,Derrota,6,Si
4265,IA_facil,17,Derrota,3,Si
4265,IA_medio,20,Victoria,5,Si
4265,IA_dificil,17,Derrota,4,Si
4266,IA_facil,19,Derrota,6,Si
4266,IA_medio,20,Derrota,7,Si
4266,IA_dificil,21,Victoria,6,Si
4267,IA_facil,18,Derrota,6,Si
4267,IA_medio,20,Victoria,5,Si
4267,IA_dificil,23,Derrota,5,Si
4268,IA_facil,18,Derrota,9,Si
4268,IA_medio,20,Derrota,4,Si
4268,IA_dificil,21,Victoria,5,Si
4269,IA_facil,19,Derrota,5,Si
4269,IA_medio,20,Empate,7,Si
4269,IA_dificil,20,Empate,7,Si
4270,IA_facil,22,Derrota,5,Si
4270,IA_medio,21,Victoria,8,Si
4270,IA_dificil,19,Derrota,5,Si
4271,IA_facil,18,Derrota,6,Si
4271,IA_medio,18,Derrota,6,Si
4271,IA_dificil,20,Victoria,7,Si
4272,IA_facil,17,Empate,4,Si
4272,IA_medio,17,Empate,4,Si
4272,IA_dificil,17,Empate,4,Si
4273,IA_facil,19,Derrota,4,Si
4273,IA_medio,20,Empate,7,Si
4273,IA_dificil,20,Empate,7,Si
4274,IA_facil,18,Empate,4,Si
4274,IA_medio,18,Empate,5,Si
4274,IA_dificil,17,Derrota,5,Si
4275,IA_facil,17,Derrota,5,Si
4275,IA_medio,21,Victoria,6,Si
4275,IA_dificil,17,Derrota,5,Si
4276,IA_facil,20,Derrota,5,Si
4276,IA_medio,21,Victoria,6,Si
4276,IA_dificil,20,Derrota,4,Si
4277,IA_facil,17,Empate,4,Si
4277,IA_medio,17,Empate,3,Si
4277,IA_dificil,17,Empate,6,Si
4278,IA_facil,22,Derrota,4,Si
4278,IA_medio,19,Derrota,7,Si
4278,IA_dificil,20,Victoria,6,Si
4279,IA_facil,21,Victoria,6,Si
4279,IA_medio,23,Derrota,7,Si
4279,IA_dificil,19,Derrota,6,Si
4280,IA_facil,19,Victoria,5,Si
4280,IA_medio,22,Derrota,6,Si
4280,IA_dificil,17,Derrota,4,Si
4281,IA_facil,18,Derrota,9,Si
4281,IA_medio,17,Derrota,6,Si
4281,IA_dificil,19,Victoria,4,Si
4282,IA_facil,18,Derrota,5,Si
4282,IA_medio,25,Derrota,5,Si
4282,IA_dificil,21,Victoria,7,Si
4283,IA_facil,17,Derrota,5,Si
4283,IA_medio,17,Derrota,6,Si
4283,IA_dificil,19,Victoria,4,Si
4284,IA_facil,18,Empate,5,Si
4284,IA_medio,18,Empate,4,Si
4284,IA_dificil,25,Derrota,7,Si
4285,IA_facil,19,Derrota,5,Si
4285,IA_medio,18,Derrota,5,Si
4285,IA_dificil,20,Victoria,7,Si
4286,IA_facil,18,Derrota,5,Si
4286,IA_medio,20,Empate,5,Si
4286,IA_dificil,20,Empate,5,Si
4287,IA_facil,20,Empate,4,Si
4287,IA_medio,19,Derrota,6,Si
4287,IA_dificil,20,Empate,6,Si
4288,IA_facil,20,Victoria,8,Si
4288,IA_medio,24,Derrota,9,Si
4288,IA_dificil,17,Derrota,7,Si
4289,IA_facil,21,Victoria,4,Si
4289,IA_medio,18,Derrota,5,Si
4289,IA_dificil,22,Derrota,9,Si
4290,IA_facil,17,Derrota,5,Si
4290,IA_medio,19,Victoria,5,Si
4290,IA_dificil,18,Derrota,7,Si
4291,IA_facil,19,Derrota,6,Si
4291,IA_medio,20,Victoria,4,Si
4291,IA_dificil,17,Derrota,6,Si
4292,IA_facil,17,Derrota,8,Si
4292,IA_medio,17,Derrota,4,Si
4292,IA_dificil,20,Victoria,5,Si
4293,IA_facil,17,Derrota,4,Si
4293,IA_medio,20,Derrota,6,Si
4293,IA_dificil,21,Victoria,5,Si
4294,IA_facil,19,Derrota,9,Si
4294,IA_medio,23,Derrota,7,Si
4294,IA_dificil,21,Victoria,5,Si
4295,IA_facil,17,Derrota,3,Si
4295,IA_medio,18,Derrota,5,Si
4295,IA_dificil,20,Victoria,7,Si
4296,IA_facil,20,Derrota,9,Si
4296,IA_medio,21,Empate,8,Si
4296,IA_dificil,21,Empate,5,Si
4297,IA_facil,17,Derrota,5,Si
4297,IA_medio,20,Victoria,4,Si
4297,IA_dificil,17,Derrota,6,Si
4298,IA_facil,17,Derrota,5,Si
4298,IA_medio,19,Derrota,6,Si
4298,IA_dificil,20,Victoria,5,Si
4299,IA_facil,18,Derrota,4,Si
4299,IA_medio,21,Empate,7,Si
4299,IA_dificil,21,Empate,7,Si
4300,IA_facil,22,Derrota,7,Si
4300,IA_medio,17,Victoria,6,Si
4300,IA_dificil,22,Derrota,5,Si
4301,IA_facil,18,Derrota,5,Si
4301,IA_medio,19,Derrota,6,Si
4301,IA_dificil,20,Victoria,5,Si
4302,IA_facil,17,Derrota,5,Si
4302,IA_medio,22,Derrota,6,Si
4302,IA_dificil,18,Victoria,7,Si
4303,IA_facil,18,Derrota,5,Si
4303,IA_medio,20,Victoria,6,Si
4303,IA_dificil,24,Derrota,6,Si
4304,IA_facil,21,Victoria,6,Si
4304,IA_medio,22,Derrota,6,Si
4304,IA_dificil,24,Derrota,5,Si
4305,IA_facil,17,Empate,5,Si
4305,IA_medio,17,Empate,5,Si
4305,IA_dificil,17,Empate,5,Si
4306,IA_facil,21,Empate,6,Si
4306,IA_medio,21,Empate,6,Si
4306,IA_dificil,23,Derrota,8,Si
4307,IA_facil,17,Derrota,7,Si
4307,IA_medio,22,Derrota,6,Si
4307,IA_dificil,20,Victoria,7,Si
4308,IA_facil,18,Derrota,7,Si
4308,IA_medio,17,Derrota,4,Si
4308,IA_dificil,20,Victoria,5,Si
4309,IA_facil,17,Empate,7,Si
4309,IA_medio,22,Derrota,5,Si
4309,IA_dificil,17,Empate,5,Si
4310,IA_facil,19,Victoria,5,Si
4310,IA_medio,18,Derrota,5,Si
4310,IA_dificil,23,Derrota,9,Si
4311,IA_facil,22,Derrota,8,Si
4311,IA_medio,22,Derrota,7,Si
4311,IA_dificil,20,Victoria,5,Si
4312,IA_facil,18,Empate,4,Si
4312,IA_medio,22,Derrota,7,Si
4312,IA_dificil,18,Empate,5,Si
4313,IA_facil,19,Empate,4,Si
4313,IA_medio,18,Derrota,6,Si
4313,IA_dificil,19,Empate,5,Si
4314,IA_facil,18,Derrota,6,Si
4314,IA_medio,21,Victoria,5,Si
4314,IA_dificil,18,Derrota,7,Si
4315,IA_facil,19,Victoria,5,Si
4315,IA_medio,17,Derrota,3,Si
4315,IA_dificil,17,Derrota,6,Si
4316,IA_facil,19,Derrota,6,Si
4316,IA_medio,20,Victoria,4,Si
4316,IA_dificil,18,Derrota,6,Si
4317,IA_facil,18,Empate,4,Si
4317,IA_medio,17,Derrota,4,Si
4317,IA_dificil,18,Empate,6,Si
4318,IA_facil,19,Derrota,4,Si
4318,IA_medio,18,Derrota,6,Si
4318,IA_dificil,20,Victoria,7,Si
4319,IA_facil,20,Derrota,6,Si
4319,IA_medio,21,Victoria,6,Si
4319,IA_dificil,22,Derrota,5,Si
4320,IA_facil,21,Victoria,7,Si
4320,IA_medio,17,Derrota,5,Si
4320,IA_dificil,18,Derrota,6,Si
4321,IA_facil,19,Derrota,4,Si
4321,IA_medio,23,Derrota,4,Si
4321,IA_dificil,20,Victoria,6,Si
4322,IA_facil,18,Derrota,6,Si
4322,IA_medio,20,Empate,5,Si
4322,IA_dificil,20,Empate,4,Si
4323,IA_facil,21,Victoria,6,Si
4323,IA_medio,23,Derrota,6,Si
4323,IA_dificil,20,Derrota,7,Si
4324,IA_facil,18,Derrota,6,Si
4324,IA_medio,19,Derrota,6,Si
4324,IA_dificil,21,Victoria,6,Si
4325,IA_facil,18,Empate,6,Si
4325,IA_medio,18,Empate,5,Si
4325,IA_dificil,17,Derrota,4,Si
4326,IA_facil,17,Derrota,4,Si
4326,IA_medio,17,Derrota,4,Si
4326,IA_dificil,20,Victoria,5,Si
4327,IA_facil,18,Derrota,4,Si
4327,IA_medio,18,Derrota,6,Si
4327,IA_dificil,20,Victoria,6,Si
4328,IA_facil,20,Victoria,5,Si
4328,IA_medio,19,Derrota,5,Si
4328,IA_dificil,18,Derrota,5,Si
4329,IA_facil,17,Derrota,9,Si
4329,IA_medio,24,Derrota,5,Si
4329,IA_dificil,18,Victoria,6,Si
4330,IA_facil,17,Derrota,3,Si
4330,IA_medio,19,Victoria,5,Si
4330,IA_dificil,17,Derrota,4,Si
4331,IA_facil,18,Derrota,5,Si
4331,IA_medio,20,Derrota,6,Si
4331,IA_dificil,21,Victoria,5,Si
4332,IA_facil,18,Derrota,5,Si
4332,IA_medio,18,Derrota,6,Si
4332,IA_dificil,21,Victoria,5,Si
4333,IA_facil,18,Derrota,5,Si
4333,IA_medio,22,Derrota,7,Si
4333,IA_dificil,21,Victoria,4,Si
4334,IA_facil,17,Derrota,6,Si
4334,IA_medio,20,Victoria,4,Si
4334,IA_dificil,17,Derrota,5,Si
4335,IA_facil,17,Derrota,6,Si
4335,IA_medio,21,Empate,6,Si
4335,IA_dificil,21,Empate,5,Si
4336,IA_facil,17,Derrota,3,Si
4336,IA_medio,17,Derrota,4,Si
4336,IA_dificil,18,Victoria,5,Si
4337,IA_facil,22,Derrota,5,Si
4337,IA_medio,21,Victoria,6,Si
4337,IA_dificil,18,Derrota,4,Si
4338,IA_facil,17,Derrota,4,Si
4338,IA_medio,20,Victoria,5,Si
4338,IA_dificil,17,Derrota,6,Si
4339,IA_facil,17,Derrota,4,Si
4339,IA_medio,20,Victoria,5,Si
4339,IA_dificil,17,Derrota,4,Si
4340,IA_facil,22,Derrota,5,Si
4340,IA_medio,17,Empate,5,Si
4340,IA_dificil,17,Empate,5,Si
4341,IA_facil,21,Victoria,6,Si
4341,IA_medio,22,Derrota,7,Si
4341,IA_dificil,19,Derrota,6,Si
4342,IA_facil,20,Victoria,6,Si
4342,IA_medio,19,Derrota,6,Si
4342,IA_dificil,17,Derrota,3,Si
4343,IA_facil,22,Derrota,6,Si
4343,IA_medio,18,Derrota,5,Si
4343,IA_dificil,21,Victoria,7,Si
4344,IA_facil,22,Derrota,5,Si
4344,IA_medio,21,Empate,6,Si
4344,IA_dificil,21,Empate,8,Si
4345,IA_facil,18,Victoria,4,Si
4345,IA_medio,25,Derrota,8,Si
4345,IA_dificil,17,Derrota,5,Si
4346,IA_facil,18,Derrota,5,Si
4346,IA_medio,20,Victoria,7,Si
4346,IA_dificil,22,Derrota,7,Si
4347,IA_facil,21,Empate,6,Si
4347,IA_medio,21,Empate,7,Si
4347,IA_dificil,17,Derrota,4,Si
4348,IA_facil,18,Derrota,5,Si
4348,IA_medio,21,Empate,4,Si
4348,IA_dificil,21,Empate,5,Si
4349,IA_facil,18,Derrota,4,Si
4349,IA_medio,22,Derrota,6,Si
4349,IA_dificil,19,Victoria,7,Si
4350,IA_facil,19,Victoria,5,Si
4350,IA_medio,22,Derrota,6,Si
4350,IA_dificil,18,Derrota,4,Si
4351,IA_facil,18,Derrota,7,Si
4351,IA_medio,18,Derrota,7,Si
4351,IA_dificil,19,Victoria,4,Si
4352,IA_facil,21,Empate,7,Si
4352,IA_medio,21,Empate,6,Si
4352,IA_dificil,17,Derrota,7,Si
4353,IA_facil,18,Derrota,5,Si
4353,IA_medio,19,Victoria,6,Si
4353,IA_dificil,17,Derrota,5,Si
4354,IA_facil,20,Derrota,5,Si
4354,IA_medio,24,Derrota,7,Si
4354,IA_dificil,21,Victoria,7,Si
4355,IA_facil,17,Empate,5,Si
4355,IA_medio,17,Empate,5,Si
4355,IA_dificil,17,Empate,4,Si
4356,IA_facil,17,Empate,5,Si
4356,IA_medio,17,Empate,6,Si
4356,IA_dificil,17,Empate,5,Si
4357,IA_facil,21,Empate,6,Si
4357,IA_medio,21,Empate,4,Si
4357,IA_dificil,21,Empate,5,Si
4358,IA_facil,18,Victoria,5,Si
4358,IA_medio,17,Derrota,4,Si
4358,IA_dificil,24,Derrota,5,Si
4359,IA_facil,17,Derrota,4,Si
4359,IA_medio,20,Empate,7,Si
4359,IA_dificil,20,Empate,7,Si
4360,IA_facil,19,Derrota,5,Si
4360,IA_medio,20,Empate,6,Si
4360,IA_dificil,20,Empate,5,Si
4361,IA_facil,19,Derrota,6,Si
4361,IA_medio,21,Victoria,7,Si
4361,IA_dificil,19,Derrota,5,Si
4362,IA_facil,17,Derrota,5,Si
4362,IA_medio,20,Empate,4,Si
4362,IA_dificil,20,Empate,4,Si
4363,IA_facil,20,Empate,5,Si
4363,IA_medio,20,Empate,5,Si
4363,IA_dificil,20,Empate,7,Si
4364,IA_facil,19,Empate,5,Si
4364,IA_medio,17,Derrota,4,Si
4364,IA_dificil,19,Empate,5,Si
4365,IA_facil,22,Derrota,6,Si
4365,IA_medio,23,Derrota,6,Si
4365,IA_dificil,21,Victoria,5,Si
4366,IA_facil,18,Derrota,5,Si
4366,IA_medio,22,Derrota,7,Si
4366,IA_dificil,20,Victoria,6,Si
4367,IA_facil,18,Derrota,5,Si
4367,IA_medio,20,Victoria,5,Si
4367,IA_dificil,17,Derrota,6,Si
4368,IA_facil,18,Derrota,4,Si
4368,IA_medio,20,Victoria,6,Si
4368,IA_dificil,18,Derrota,6,Si
4369,IA_facil,18,Victoria,7,Si
4369,IA_medio,24,Derrota,6,Si
4369,IA_dificil,25,Derrota,6,Si
4370,IA_facil,21,Victoria,5,Si
4370,IA_medio,24,Derrota,7,Si
4370,IA_dificil,24,Derrota,7,Si
4371,IA_facil,20,Victoria,4,Si
4371,IA_medio,23,Derrota,5,Si
4371,IA_dificil,22,Derrota,5,Si
4372,IA_facil,17,Derrota,6,Si
4372,IA_medio,19,Victoria,5,Si
4372,IA_dificil,22,Derrota,6,Si
4373,IA_facil,22,Derrota,6,Si
4373,IA_medio,20,Empate,5,Si
4373,IA_dificil,20,Empate,8,Si
4374,IA_facil,19,Empate,4,Si
4374,IA_medio,19,Empate,5,Si
4374,IA_dificil,17,Derrota,6,Si
4375,IA_facil,21,Victoria,5,Si
4375,IA_medio,18,Derrota,5,Si
4375,IA_dificil,20,Derrota,7,Si
4376,IA_facil,19,Empate,6,Si
4376,IA_medio,19,Empate,4,Si
4376,IA_dificil,17,Derrota,5,Si
4377,IA_facil,17,Derrota,4,Si
4377,IA_medio,18,Derrota,7,Si
4377,IA_dificil,19,Victoria,4,Si
4378,IA_facil,17,Derrota,5,Si
4378,IA_medio,20,Victoria,5,Si
4378,IA_dificil,17,Derrota,5,Si
4379,IA_facil,18,Derrota,5,Si
4379,IA_medio,23,Derrota,8,Si
4379,IA_dificil,20,Victoria,4,Si
4380,IA_facil,17,Empate,8,Si
4380,IA_medio,17,Empate,4,Si
4380,IA_dificil,22,Derrota,6,Si
4381,IA_facil,20,Victoria,5,Si
4381,IA_medio,18,Derrota,4,Si
4381,IA_dificil,18,Derrota,7,Si
4382,IA_facil,19,Derrota,4,Si
4382,IA_medio,20,Derrota,6,Si
4382,IA_dificil,21,Victoria,7,Si
4383,IA_facil,18,Derrota,6,Si
4383,IA_medio,22,Derrota,5,Si
4383,IA_dificil,20,Victoria,6,Si
4384,IA_facil,19,Victoria,6,Si
4384,IA_medio,18,Derrota,5,Si
4384,IA_dificil,17,Derrota,4,Si
4385,IA_facil,17,Victoria,6,Si
4385,IA_medio,24,Derrota,6,Si
4385,IA_dificil,23,Derrota,5,Si
4386,IA_facil,19,Victoria,5,Si
4386,IA_medio,17,Derrota,3,Si
4386,IA_dificil,18,Derrota,6,Si
4387,IA_facil,21,Victoria,5,Si
4387,IA_medio,17,Derrota,5,Si
4387,IA_dificil,19,Derrota,6,Si
4388,IA_facil,22,Derrota,5,Si
4388,IA_medio,21,Empate,5,Si
4388,IA_dificil,21,Empate,6,Si
4389,IA_facil,19,Derrota,6,Si
4389,IA_medio,19,Derrota,5,Si
4389,IA_dificil,20,Victoria,5,Si
4390,IA_facil,18,Derrota,5,Si
4390,IA_medio,19,Derrota,6,Si
4390,IA_dificil,20,Victoria,6,Si
4391,IA_facil,19,Empate,6,Si
4391,IA_medio,18,Derrota,5,Si
4391,IA_dificil,19,Empate,5,Si
4392,IA_facil,18,Derrota,5,Si
4392,IA_medio,18,Derrota,4,Si
4392,IA_dificil,19,Victoria,6,Si
4393,IA_facil,17,Derrota,5,Si
4393,IA_medio,19,Derrota,4,Si
4393,IA_dificil,21,Victoria,6,Si
4394,IA_facil,21,Victoria,5,Si
4394,IA_medio,17,Derrota,7,Si
4394,IA_dificil,22,Derrota,6,Si
4395,IA_facil,17,Derrota,5,Si
4395,IA_medio,21,Victoria,7,Si
4395,IA_dificil,18,Derrota,7,Si
4396,IA_facil,20,Victoria,5,Si
4396,IA_medio,23,Derrota,7,Si
4396,IA_dificil,19,Derrota,4,Si
4397,IA_facil,17,Derrota,6,Si
4397,IA_medio,18,Derrota,4,Si
4397,IA_dificil,20,Victoria,5,Si
4398,IA_facil,17,Derrota,7,Si
4398,IA_medio,17,Derrota,8,Si
4398,IA_dificil,20,Victoria,6,Si
4399,IA_facil,20,Victoria,7,Si
4399,IA_medio,25,Derrota,8,Si
4399,IA_dificil,17,Derrota,6,Si
4400,IA_facil,19,Victoria,5,Si
4400,IA_medio,22,Derrota,6,Si
4400,IA_dificil,22,Derrota,6,Si
4401,IA_facil,19,Derrota,7,Si
4401,IA_medio,20,Victoria,7,Si
4401,IA_dificil,22,Derrota,5,Si
4402,IA_facil,19,Derrota,5,Si
4402,IA_medio,21,Victoria,6,Si
4402,IA_dificil,18,Derrota,4,Si
4403,IA_facil,17,Derrota,5,Si
4403,IA_medio,24,Derrota,6,Si
4403,IA_dificil,20,Victoria,5,Si
4404,IA_facil,19,Derrota,6,Si
4404,IA_medio,20,Victoria,4,Si
4404,IA_dificil,18,Derrota,4,Si
4405,IA_facil,21,Victoria,8,Si
4405,IA_medio,20,Derrota,5,Si
4405,IA_dificil,17,Derrota,5,Si
4406,IA_facil,20,Derrota,4,Si
4406,IA_medio,21,Victoria,8,Si
4406,IA_dificil,20,Derrota,7,Si
4407,IA_facil,20,Victoria,5,Si
4407,IA_medio,19,Derrota,6,Si
4407,IA_dificil,18,Derrota,5,Si
4408,IA_facil,20,Victoria,4,Si
4408,IA_medio,22,Derrota,8,Si
4408,IA_dificil,18,Derrota,6,Si
4409,IA_facil,19,Empate,5,Si
4409,IA_medio,17,Derrota,5,Si
4409,IA_dificil,19,Empate,5,Si
4410,IA_facil,18,Derrota,4,Si
4410,IA_medio,20,Empate,8,Si
4410,IA_dificil,20,Empate,5,Si
4411,IA_facil,18,Derrota,6,Si
4411,IA_medio,20,Victoria,6,Si
4411,IA_dificil,19,Derrota,5,Si
4412,IA_facil,20,Empate,4,Si
4412,IA_medio,17,Derrota,9,Si
4412,IA_dificil,20,Empate,6,Si
4413,IA_facil,20,Empate,6,Si
4413,IA_medio,20,Empate,6,Si
4413,IA_dificil,20,Empate,7,Si
4414,IA_facil,19,Derrota,6,Si
4414,IA_medio,20,Victoria,7,Si
4414,IA_dificil,19,Derrota,6,Si
4415,IA_facil,21,Victoria,7,Si
4415,IA_medio,19,Derrota,6,Si
4415,IA_dificil,22,Derrota,7,Si
4416,IA_facil,17,Derrota,5,Si
4416,IA_medio,21,Victoria,5,Si
4416,IA_dificil,20,Derrota,5,Si
4417,IA_facil,21,Victoria,7,Si
4417,IA_medio,18,Derrota,7,Si
4417,IA_dificil,22,Derrota,5,Si
4418,IA_facil,20,Derrota,5,Si
4418,IA_medio,21,Empate,5,Si
4418,IA_dificil,21,Empate,4,Si
4419,IA_facil,17,Derrota,3,Si
4419,IA_medio,19,Derrota,5,Si
4419,IA_dificil,21,Victoria,7,Si
4420,IA_facil,21,Victoria,5,Si
4420,IA_medio,17,Derrota,9,Si
4420,IA_dificil,17,Derrota,5,Si
4421,IA_facil,20,Derrota,7,Si
4421,IA_medio,21,Victoria,6,Si
4421,IA_dificil,17,Derrota,4,Si
4422,IA_facil,18,Derrota,4,Si
4422,IA_medio,21,Victoria,5,Si
4422,IA_dificil,20,Derrota,5,Si
4423,IA_facil,19,Empate,5,Si
4423,IA_medio,17,Derrota,5,Si
4423,IA_dificil,19,Empate,5,Si
4424,IA_facil,18,Victoria,6,Si
4424,IA_medio,23,Derrota,6,Si
4424,IA_dificil,17,Derrota,5,Si
4425,IA_facil,17,Derrota,4,Si
4425,IA_medio,18,Victoria,5,Si
4425,IA_dificil,17,Derrota,5,Si
4426,IA_facil,17,Derrota,4,Si
4426,IA_medio,22,Derrota,6,Si
4426,IA_dificil,18,Victoria,5,Si
4427,IA_facil,19,Derrota,5,Si
4427,IA_medio,18,Derrota,6,Si
4427,IA_dificil,20,Victoria,8,Si
4428,IA_facil,17,Derrota,5,Si
4428,IA_medio,18,Derrota,5,Si
4428,IA_dificil,19,Victoria,5,Si
4429,IA_facil,17,Derrota,4,Si
4429,IA_medio,21,Victoria,5,Si
4429,IA_dificil,17,Derrota,3,Si
4430,IA_facil,18,Derrota,5,Si
4430,IA_medio,24,Derrota,5,Si
4430,IA_dificil,19,Victoria,4,Si
4431,IA_facil,18,Derrota,5,Si
4431,IA_medio,20,Victoria,5,Si
4431,IA_dificil,17,Derrota,6,Si
4432,IA_facil,21,Victoria,7,Si
4432,IA_medio,20,Derrota,7,Si
4432,IA_dificil,20,Derrota,9,Si
4433,IA_facil,17,Derrota,4,Si
4433,IA_medio,19,Empate,8,Si
4433,IA_dificil,19,Empate,9,Si
4434,IA_facil,19,Derrota,6,Si
4434,IA_medio,20,Victoria,7,Si
4434,IA_dificil,17,Derrota,4,Si
4435,IA_facil,17,Derrota,4,Si
4435,IA_medio,23,Derrota,8,Si
4435,IA_dificil,19,Victoria,5,Si
4436,IA_facil,20,Victoria,6,Si
4436,IA_medio,19,Derrota,5,Si
4436,IA_dificil,17,Derrota,7,Si
4437,IA_facil,18,Derrota,7,Si
4437,IA_medio,17,Derrota,5,Si
4437,IA_dificil,19,Victoria,6,Si
4438,IA_facil,18,Empate,5,Si
4438,IA_medio,18,Empate,4,Si
4438,IA_dificil,22,Derrota,6,Si
4439,IA_facil,21,Victoria,5,Si
4439,IA_medio,22,Derrota,6,Si
4439,IA_dificil,19,Derrota,6,Si
4440,IA_facil,19,Empate,7,Si
4440,IA_medio,17,Derrota,4,Si
4440,IA_dificil,19,Empate,5,Si
4441,IA_facil,19,Derrota,4,Si
4441,IA_medio,21,Victoria,5,Si
4441,IA_dificil,17,Derrota,4,Si
4442,IA_facil,17,Derrota,4,Si
4442,IA_medio,18,Derrota,4,Si
4442,IA_dificil,20,Victoria,4,Si
4443,IA_facil,17,Derrota,6,Si
4443,IA_medio,20,Empate,5,Si
4443,IA_dificil,20,Empate,8,Si
4444,IA_facil,18,Derrota,5,Si
4444,IA_medio,21,Victoria,8,Si
4444,IA_dificil,17,Derrota,5,Si
4445,IA_facil,21,Victoria,6,Si
4445,IA_medio,20,Derrota,6,Si
4445,IA_dificil,18,Derrota,4,Si
4446,IA_facil,18,Derrota,6,Si
4446,IA_medio,18,Derrota,7,Si
4446,IA_dificil,19,Victoria,7,Si
4447,IA_facil,20,Empate,5,Si
4447,IA_medio,20,Empate,7,Si
4447,IA_dificil,17,Derrota,5,Si
4448,IA_facil,18,Derrota,5,Si
4448,IA_medio,20,Victoria,7,Si
4448,IA_dificil,19,Derrota,7,Si
4449,IA_facil,17,Derrota,3,Si
4449,IA_medio,18,Derrota,7,Si
4449,IA_dificil,21,Victoria,6,Si
4450,IA_facil,18,Derrota,5,Si
4450,IA_medio,20,Victoria,6,Si
4450,IA_dificil,22,Derrota,5,Si
4451,IA_facil,22,Derrota,6,Si
4451,IA_medio,19,Victoria,5,Si
4451,IA_dificil,22,Derrota,4,Si
4452,IA_facil,17,Derrota,6,Si
4452,IA_medio,19,Derrota,5,Si
4452,IA_dificil,20,Victoria,8,Si
4453,IA_facil,18,Empate,6,Si
4453,IA_medio,18,Empate,3,Si
4453,IA_dificil,18,Empate,5,Si
4454,IA_facil,17,Empate,6,Si
4454,IA_medio,17,Empate,5,Si
4454,IA_dificil,17,Empate,5,Si
4455,IA_facil,19,Victoria,4,Si
4455,IA_medio,18,Derrota,7,Si
4455,IA_dificil,18,Derrota,5,Si
4456,IA_facil,19,Victoria,5,Si
4456,IA_medio,22,Derrota,8,Si
4456,IA_dificil,17,Derrota,3,Si
4457,IA_facil,17,Empate,7,Si
4457,IA_medio,22,Derrota,5,Si
4457,IA_dificil,17,Empate,4,Si
4458,IA_facil,17,Derrota,6,Si
4458,IA_medio,21,Victoria,5,Si
4458,IA_dificil,17,Derrota,5,Si
4459,IA_facil,21,Victoria,7,Si
4459,IA_medio,19,Derrota,7,Si
4459,IA_dificil,24,Derrota,6,Si
4460,IA_facil,21,Empate,9,Si
4460,IA_medio,21,Empate,7,Si
4460,IA_dificil,20,Derrota,5,Si
4461,IA_facil,19,Empate,4,Si
4461,IA_medio,18,Derrota,6,Si
4461,IA_dificil,19,Empate,5,Si
4462,IA_facil,21,Victoria,5,Si
4462,IA_medio,24,Derrota,6,Si
4462,IA_dificil,23,Derrota,6,Si
4463,IA_facil,17,Derrota,5,Si
4463,IA_medio,21,Victoria,6,Si
4463,IA_dificil,22,Derrota,5,Si
4464,IA_facil,17,Derrota,7,Si
4464,IA_medio,20,Victoria,4,Si
4464,IA_dificil,18,Derrota,4,Si
4465,IA_facil,21,Victoria,4,Si
4465,IA_medio,22,Derrota,6,Si
4465,IA_dificil,24,Derrota,9,Si
4466,IA_facil,21,Victoria,6,Si
4466,IA_medio,22,Derrota,6,Si
4466,IA_dificil,22,Derrota,6,Si
4467,IA_facil,17,Derrota,4,Si
4467,IA_medio,18,Derrota,4,Si
4467,IA_dificil,20,Victoria,4,Si
4468,IA_facil,19,Empate,5,Si
4468,IA_medio,17,Derrota,5,Si
4468,IA_dificil,19,Empate,5,Si
4469,IA_facil,19,Derrota,4,Si
4469,IA_medio,20,Empate,5,Si
4469,IA_dificil,20,Empate,7,Si
4470,IA_facil,18,Derrota,7,Si
4470,IA_medio,20,Victoria,4,Si
4470,IA_dificil,18,Derrota,7,Si
4471,IA_facil,18,Derrota,6,Si
4471,IA_medio,20,Empate,5,Si
4471,IA_dificil,20,Empate,6,Si
4472,IA_facil,20,Victoria,5,Si
4472,IA_medio,18,Derrota,6,Si
4472,IA_dificil,17,Derrota,5,Si
4473,IA_facil,20,Derrota,5,Si
4473,IA_medio,21,Victoria,7,Si
4473,IA_dificil,17,Derrota,3,Si
4474,IA_facil,17,Derrota,4,Si
4474,IA_medio,19,Victoria,6,Si
4474,IA_dificil,23,Derrota,7,Si
4475,IA_facil,20,Derrota,5,Si
4475,IA_medio,17,Derrota,4,Si
4475,IA_dificil,21,Victoria,5,Si
4476,IA_facil,22,Derrota,5,Si
4476,IA_medio,24,Derrota,6,Si
4476,IA_dificil,19,Victoria,6,Si
4477,IA_facil,19,Victoria,5,Si
4477,IA_medio,24,Derrota,6,Si
4477,IA_dificil,17,Derrota,4,Si
4478,IA_facil,19,Derrota,4,Si
4478,IA_medio,20,Empate,4,Si
4478,IA_dificil,20,Empate,6,Si
4479,IA_facil,21,Victoria,5,Si
4479,IA_medio,20,Derrota,9,Si
4479,IA_dificil,18,Derrota,5,Si
4480,IA_facil,20,Victoria,5,Si
4480,IA_medio,24,Derrota,6,Si
4480,IA_dificil,17,Derrota,4,Si
4481,IA_facil,18,Derrota,6,Si
4481,IA_medio,19,Derrota,6,Si
4481,IA_dificil,20,Victoria,6,Si
4482,IA_facil,18,Victoria,5,Si
4482,IA_medio,17,Derrota,4,Si
4482,IA_dificil,17,Derrota,4,Si
4483,IA_facil,22,Derrota,7,Si
4483,IA_medio,18,Derrota,5,Si
4483,IA_dificil,19,Victoria,5,Si
4484,IA_facil,19,Derrota,6,Si
4484,IA_medio,22,Derrota,5,Si
4484,IA_dificil,20,Victoria,6,Si
4485,IA_facil,18,Derrota,7,Si
4485,IA_medio,19,Empate,6,Si
4485,IA_dificil,19,Empate,7,Si
4486,IA_facil,22,Derrota,6,Si
4486,IA_medio,23,Derrota,4,Si
4486,IA_dificil,19,Victoria,5,Si
4487,IA_facil,20,Empate,7,Si
4487,IA_medio,18,Derrota,5,Si
4487,IA_dificil,20,Empate,5,Si
4488,IA_facil,20,Victoria,5,Si
4488,IA_medio,18,Derrota,6,Si
4488,IA_dificil,17,Derrota,6,Si
4489,IA_facil,21,Empate,7,Si
4489,IA_medio,18,Derrota,6,Si
4489,IA_dificil,21,Empate,7,Si
4490,IA_facil,19,Derrota,6,Si
4490,IA_medio,20,Victoria,5,Si
4490,IA_dificil,22,Derrota,6,Si
4491,IA_facil,20,Victoria,5,Si
4491,IA_medio,25,Derrota,5,Si
4491,IA_dificil,22,Derrota,5,Si
4492,IA_facil,17,Victoria,5,Si
4492,IA_medio,22,Derrota,7,Si
4492,IA_dificil,22,Derrota,5,Si
4493,IA_facil,17,Derrota,6,Si
4493,IA_medio,18,Derrota,5,Si
4493,IA_dificil,20,Victoria,5,Si
4494,IA_facil,18,Derrota,4,Si
4494,IA_medio,19,Victoria,5,Si
4494,IA_dificil,17,Derrota,5,Si
4495,IA_facil,19,Victoria,5,Si
4495,IA_medio,24,Derrota,8,Si
4495,IA_dificil,22,Derrota,6,Si
4496,IA_facil,19,Derrota,4,Si
4496,IA_medio,21,Victoria,7,Si
4496,IA_dificil,19,Derrota,7,Si
4497,IA_facil,17,Derrota,5,Si
4497,IA_medio,21,Victoria,5,Si
4497,IA_dificil,17,Derrota,5,Si
4498,IA_facil,21,Victoria,5,Si
4498,IA_medio,17,Derrota,4,Si
4498,IA_dificil,17,Derrota,3,Si
4499,IA_facil,17,Derrota,4,Si
4499,IA_medio,22,Derrota,5,Si
4499,IA_dificil,21,Victoria,8,Si
4500,IA_facil,22,Derrota,5,Si
4500,IA_medio,20,Victoria,5,Si
4500,IA_dificil,18,Derrota,8,Si
4501,IA_facil,20,Victoria,8,Si
4501,IA_medio,22,Derrota,6,Si
4501,IA_dificil,17,Derrota,8,Si
4502,IA_facil,20,Empate,6,Si
4502,IA_medio,20,Empate,9,Si
4502,IA_dificil,23,Derrota,7,Si
4503,IA_facil,19,Derrota,7,Si
4503,IA_medio,20,Derrota,7,Si
4503,IA_dificil,21,Victoria,6,Si
4504,IA_facil,21,Victoria,6,Si
4504,IA_medio,17,Derrota,5,Si
4504,IA_dificil,17,Derrota,4,Si
4505,IA_facil,22,Derrota,4,Si
4505,IA_medio,20,Victoria,6,Si
4505,IA_dificil,17,Derrota,6,Si
4506,IA_facil,20,Derrota,7,Si
4506,IA_medio,21,Empate,5,Si
4506,IA_dificil,21,Empate,8,Si
4507,IA_facil,17,Empate,4,Si
4507,IA_medio,17,Empate,7,Si
4507,IA_dificil,22,Derrota,5,Si
4508,IA_facil,19,Derrota,4,Si
4508,IA_medio,21,Victoria,5,Si
4508,IA_dificil,20,Derrota,8,Si
4509,IA_facil,20,Victoria,5,Si
4509,IA_medio,17,Derrota,6,Si
4509,IA_dificil,18,Derrota,4,Si
4510,IA_facil,20,Empate,6,Si
4510,IA_medio,20,Empate,6,Si
4510,IA_dificil,18,Derrota,5,Si
4511,IA_facil,19,Derrota,4,Si
4511,IA_medio,20,Victoria,4,Si
4511,IA_dificil,18,Derrota,5,Si
4512,IA_facil,17,Derrota,6,Si
4512,IA_medio,17,Derrota,6,Si
4512,IA_dificil,18,Victoria,7,Si
4513,IA_facil,20,Empate,6,Si
4513,IA_medio,20,Empate,6,Si
4513,IA_dificil,17,Derrota,4,Si
4514,IA_facil,19,Derrota,7,Si
4514,IA_medio,20,Victoria,5,Si
4514,IA_dificil,17,Derrota,3,Si
4515,IA_facil,17,Empate,4,Si
4515,IA_medio,24,Derrota,6,Si
4515,IA_dificil,17,Empate,7,Si
4516,IA_facil,17,Derrota,4,Si
4516,IA_medio,18,Empate,3,Si
4516,IA_dificil,18,Empate,4,Si
4517,IA_facil,19,Victoria,5,Si
4517,IA_medio,18,Derrota,4,Si
4517,IA_dificil,18,Derrota,4,Si
4518,IA_facil,17,Derrota,4,Si
4518,IA_medio,18,Derrota,6,Si
4518,IA_dificil,19,Victoria,4,Si
4519,IA_facil,18,Derrota,7,Si
4519,IA_medio,21,Victoria,5,Si
4519,IA_dificil,17,Derrota,4,Si
4520,IA_facil,20,Empate,7,Si
4520,IA_medio,20,Empate,4,Si
4520,IA_dificil,17,Derrota,4,Si
4521,IA_facil,17,Derrota,4,Si
4521,IA_medio,21,Victoria,7,Si
4521,IA_dificil,20,Derrota,6,Si
4522,IA_facil,20,Derrota,5,Si
4522,IA_medio,21,Victoria,8,Si
4522,IA_dificil,25,Derrota,8,Si
4523,IA_facil,20,Victoria,4,Si
4523,IA_medio,24,Derrota,8,Si
4523,IA_dificil,18,Derrota,5,Si
4524,IA_facil,19,Derrota,5,Si
4524,IA_medio,18,Derrota,4,Si
4524,IA_dificil,20,Victoria,7,Si
4525,IA_facil,19,Victoria,5,Si
4525,IA_medio,24,Derrota,7,Si
4525,IA_dificil,22,Derrota,7,Si
4526,IA_facil,22,Derrota,5,Si
4526,IA_medio,23,Derrota,7,Si
4526,IA_dificil,22,Derrota,5,Si
4527,IA_facil,17,Derrota,6,Si
4527,IA_medio,19,Derrota,5,Si
4527,IA_dificil,20,Victoria,4,Si
4528,IA_facil,17,Empate,5,Si
4528,IA_medio,17,Empate,6,Si
4528,IA_dificil,17,Empate,4,Si
4529,IA_facil,20,Derrota,5,Si
4529,IA_medio,21,Victoria,5,Si
4529,IA_dificil,20,Derrota,5,Si
4530,IA_facil,17,Derrota,4,Si
4530,IA_medio,21,Victoria,6,Si
4530,IA_dificil,18,Derrota,6,Si
4531,IA_facil,20,Victoria,4,Si
4531,IA_medio,23,Derrota,6,Si
4531,IA_dificil,22,Derrota,6,Si
4532,IA_facil,17,Derrota,6,Si
4532,IA_medio,22,Derrota,7,Si
4532,IA_dificil,18,Victoria,5,Si
4533,IA_facil,21,Victoria,6,Si
4533,IA_medio,18,Derrota,6,Si
4533,IA_dificil,22,Derrota,8,Si
4534,IA_facil,20,Victoria,5,Si
4534,IA_medio,23,Derrota,7,Si
4534,IA_dificil,17,Derrota,5,Si
4535,IA_facil,20,Victoria,5,Si
4535,IA_medio,23,Derrota,7,Si
4535,IA_dificil,19,Derrota,6,Si
4536,IA_facil,17,Derrota,4,Si
4536,IA_medio,21,Victoria,5,Si
4536,IA_dificil,17,Derrota,4,Si
4537,IA_facil,18,Victoria,4,Si
4537,IA_medio,17,Derrota,6,Si
4537,IA_dificil,17,Derrota,4,Si
4538,IA_facil,20,Derrota,6,Si
4538,IA_medio,20,Derrota,6,Si
4538,IA_dificil,21,Victoria,7,Si
4539,IA_facil,19,Victoria,4,Si
4539,IA_medio,18,Derrota,6,Si
4539,IA_dificil,17,Derrota,7,Si
4540,IA_facil,18,Empate,4,Si
4540,IA_medio,22,Derrota,7,Si
4540,IA_dificil,18,Empate,8,Si
4541,IA_facil,17,Derrota,5,Si
4541,IA_medio,20,Victoria,5,Si
4541,IA_dificil,23,Derrota,5,Si
4542,IA_facil,20,Victoria,7,Si
4542,IA_medio,19,Derrota,6,Si
4542,IA_dificil,18,Derrota,5,Si
4543,IA_facil,17,Derrota,4,Si
4543,IA_medio,22,Derrota,8,Si
4543,IA_dificil,19,Victoria,8,Si
4544,IA_facil,17,Derrota,9,Si
4544,IA_medio,19,Derrota,7,Si
4544,IA_dificil,20,Victoria,5,Si
4545,IA_facil,17,Derrota,5,Si
4545,IA_medio,21,Victoria,8,Si
4545,IA_dificil,23,Derrota,5,Si
4546,IA_facil,19,Victoria,8,Si
4546,IA_medio,17,Derrota,6,Si
4546,IA_dificil,17,Derrota,6,Si
4547,IA_facil,20,Empate,8,Si
4547,IA_medio,22,Derrota,5,Si
4547,IA_dificil,20,Empate,8,Si
4548,IA_facil,19,Empate,6,Si
4548,IA_medio,22,Derrota,5,Si
4548,IA_dificil,19,Empate,5,Si
4549,IA_facil,18,Derrota,5,Si
4549,IA_medio,21,Victoria,7,Si
4549,IA_dificil,19,Derrota,5,Si
4550,IA_facil,21,Victoria,6,Si
4550,IA_medio,24,Derrota,5,Si
4550,IA_dificil,23,Derrota,7,Si
4551,IA_facil,17,Derrota,5,Si
4551,IA_medio,20,Victoria,4,Si
4551,IA_dificil,17,Derrota,5,Si
4552,IA_facil,19,Victoria,6,Si
4552,IA_medio,22,Derrota,4,Si
4552,IA_dificil,18,Derrota,6,Si
4553,IA_facil,20,Derrota,5,Si
4553,IA_medio,21,Victoria,6,Si
4553,IA_dificil,18,Derrota,4,Si
4554,IA_facil,18,Derrota,6,Si
4554,IA_medio,21,Victoria,5,Si
4554,IA_dificil,17,Derrota,9,Si
4555,IA_facil,19,Derrota,5,Si
4555,IA_medio,20,Derrota,7,Si
4555,IA_dificil,21,Victoria,5,Si
4556,IA_facil,18,Victoria,5,Si
4556,IA_medio,17,Derrota,5,Si
4556,IA_dificil,25,Derrota,8,Si
4557,IA_facil,22,Derrota,7,Si
4557,IA_medio,20,Derrota,7,Si
4557,IA_dificil,21,Victoria,7,Si
4558,IA_facil,19,Derrota,5,Si
4558,IA_medio,21,Victoria,9,Si
4558,IA_dificil,17,Derrota,4,Si
4559,IA_facil,20,Victoria,6,Si
4559,IA_medio,19,Derrota,6,Si
4559,IA_dificil,18,Derrota,4,Si
4560,IA_facil,19,Derrota,7,Si
4560,IA_medio,17,Derrota,4,Si
4560,IA_dificil,20,Victoria,7,Si
4561,IA_facil,19,Derrota,5,Si
4561,IA_medio,21,Empate,7,Si
4561,IA_dificil,21,Empate,4,Si
4562,IA_facil,18,Victoria,6,Si
4562,IA_medio,17,Derrota,5,Si
4562,IA_dificil,22,Derrota,6,Si
4563,IA_facil,19,Derrota,6,Si
4563,IA_medio,18,Derrota,7,Si
4563,IA_dificil,20,Victoria,5,Si
4564,IA_facil,18,Derrota,3,Si
4564,IA_medio,20,Victoria,7,Si
4564,IA_dificil,22,Derrota,8,Si
4565,IA_facil,18,Derrota,5,Si
4565,IA_medio,17,Derrota,5,Si
4565,IA_dificil,20,Victoria,4,Si
4566,IA_facil,19,Empate,5,Si
4566,IA_medio,19,Empate,6,Si
4566,IA_dificil,19,Empate,7,Si
4567,IA_facil,17,Derrota,4,Si
4567,IA_medio,19,Victoria,6,Si
4567,IA_dificil,18,Derrota,5,Si
4568,IA_facil,18,Derrota,6,Si
4568,IA_medio,20,Victoria,5,Si
4568,IA_dificil,24,Derrota,7,Si
4569,IA_facil,22,Derrota,5,Si
4569,IA_medio,20,Victoria,7,Si
4569,IA_dificil,17,Derrota,3,Si
4570,IA_facil,21,Empate,5,Si
4570,IA_medio,21,Empate,6,Si
4570,IA_dificil,21,Empate,7,Si
4571,IA_facil,17,Derrota,7,Si
4571,IA_medio,22,Derrota,6,Si
4571,IA_dificil,19,Victoria,6,Si
4572,IA_facil,17,Derrota,3,Si
4572,IA_medio,21,Victoria,6,Si
4572,IA_dificil,22,Derrota,6,Si
4573,IA_facil,20,Victoria,4,Si
4573,IA_medio,23,Derrota,6,Si
4573,IA_dificil,17,Derrota,5,Si
4574,IA_facil,19,Derrota,4,Si
4574,IA_medio,21,Victoria,6,Si
4574,IA_dificil,19,Derrota,4,Si
4575,IA_facil,19,Derrota,4,Si
4575,IA_medio,20,Victoria,6,Si
4575,IA_dificil,18,Derrota,5,Si
4576,IA_facil,18,Derrota,5,Si
4576,IA_medio,21,Victoria,4,Si
4576,IA_dificil,19,Derrota,6,Si
4577,IA_facil,18,Derrota,6,Si
4577,IA_medio,20,Empate,4,Si
4577,IA_dificil,20,Empate,6,Si
4578,IA_facil,17,Derrota,5,Si
4578,IA_medio,20,Victoria,6,Si
4578,IA_dificil,22,Derrota,7,Si
4579,IA_facil,19,Derrota,6,Si
4579,IA_medio,21,Victoria,8,Si
4579,IA_dificil,20,Derrota,6,Si
4580,IA_facil,22,Derrota,5,Si
4580,IA_medio,21,Victoria,6,Si
4580,IA_dificil,23,Derrota,7,Si
4581,IA_facil,20,Derrota,5,Si
4581,IA_medio,24,Derrota,6,Si
4581,IA_dificil,21,Victoria,6,Si
4582,IA_facil,21,Victoria,5,Si
4582,IA_medio,17,Derrota,7,Si
4582,IA_dificil,17,Derrota,5,Si
4583,IA_facil,20,Victoria,6,Si
4583,IA_medio,23,Derrota,7,Si
4583,IA_dificil,19,Derrota,6,Si
4584,IA_facil,19,Derrota,6,Si
4584,IA_medio,21,Victoria,5,Si
4584,IA_dificil,17,Derrota,8,Si
4585,IA_facil,22,Derrota,6,Si
4585,IA_medio,19,Victoria,6,Si
4585,IA_dificil,17,Derrota,5,Si
4586,IA_facil,17,Derrota,5,Si
4586,IA_medio,20,Victoria,6,Si
4586,IA_dificil,19,Derrota,6,Si
4587,IA_facil,19,Empate,6,Si
4587,IA_medio,19,Empate,6,Si
4587,IA_dificil,17,Derrota,5,Si
4588,IA_facil,17,Derrota,4,Si
4588,IA_medio,20,Victoria,5,Si
4588,IA_dificil,18,Derrota,6,Si
4589,IA_facil,17,Derrota,5,Si
4589,IA_medio,20,Victoria,6,Si
4589,IA_dificil,24,Derrota,7,Si
4590,IA_facil,17,Victoria,5,Si
4590,IA_medio,22,Derrota,7,Si
4590,IA_dificil,22,Derrota,5,Si
4591,IA_facil,17,Derrota,4,Si
4591,IA_medio,22,Derrota,7,Si
4591,IA_dificil,18,Victoria,5,Si
4592,IA_facil,19,Derrota,5,Si
4592,IA_medio,20,Derrota,6,Si
4592,IA_dificil,21,Victoria,5,Si
4593,IA_facil,18,Victoria,7,Si
4593,IA_medio,17,Derrota,5,Si
4593,IA_dificil,17,Derrota,4,Si
4594,IA_facil,17,Derrota,4,Si
4594,IA_medio,17,Derrota,7,Si
4594,IA_dificil,18,Victoria,5,Si
4595,IA_facil,17,Derrota,6,Si
4595,IA_medio,20,Derrota,5,Si
4595,IA_dificil,21,Victoria,5,Si
4596,IA_facil,17,Derrota,4,Si
4596,IA_medio,20,Empate,6,Si
4596,IA_dificil,20,Empate,5,Si
4597,IA_facil,19,Derrota,5,Si
4597,IA_medio,21,Victoria,10,Si
4597,IA_dificil,20,Derrota,7,Si
4598,IA_facil,19,Victoria,4,Si
4598,IA_medio,18,Derrota,5,Si
4598,IA_dificil,18,Derrota,6,Si
4599,IA_facil,22,Derrota,4,Si
4599,IA_medio,18,Victoria,6,Si
4599,IA_dificil,17,Derrota,5,Si
4600,IA_facil,22,Derrota,4,Si
4600,IA_medio,20,Empate,5,Si
4600,IA_dificil,20,Empate,5,Si
4601,IA_facil,19,Derrota,4,Si
4601,IA_medio,20,Victoria,5,Si
4601,IA_dificil,19,Derrota,6,Si
4602,IA_facil,20,Victoria,5,Si
4602,IA_medio,18,Derrota,5,Si
4602,IA_dificil,19,Derrota,5,Si
4603,IA_facil,17,Derrota,6,Si
4603,IA_medio,20,Victoria,6,Si
4603,IA_dificil,22,Derrota,6,Si
4604,IA_facil,17,Derrota,4,Si
4604,IA_medio,21,Victoria,5,Si
4604,IA_dificil,18,Derrota,6,Si
4605,IA_facil,19,Derrota,6,Si
4605,IA_medio,21,Victoria,8,Si
4605,IA_dificil,22,Derrota,7,Si
4606,IA_facil,19,Derrota,4,Si
4606,IA_medio,17,Derrota,6,Si
4606,IA_dificil,21,Victoria,7,Si
4607,IA_facil,18,Derrota,7,Si
4607,IA_medio,18,Derrota,5,Si
4607,IA_dificil,19,Victoria,4,Si
4608,IA_facil,19,Derrota,5,Si
4608,IA_medio,18,Derrota,6,Si
4608,IA_dificil,21,Victoria,5,Si
4609,IA_facil,21,Victoria,7,Si
4609,IA_medio,20,Derrota,7,Si
4609,IA_dificil,18,Derrota,8,Si
4610,IA_facil,17,Derrota,5,Si
4610,IA_medio,17,Derrota,4,Si
4610,IA_dificil,21,Victoria,6,Si
4611,IA_facil,20,Empate,4,Si
4611,IA_medio,20,Empate,5,Si
4611,IA_dificil,23,Derrota,6,Si
4612,IA_facil,20,Empate,7,Si
4612,IA_medio,19,Derrota,8,Si
4612,IA_dificil,20,Empate,5,Si
4613,IA_facil,20,Empate,4,Si
4613,IA_medio,24,Derrota,6,Si
4613,IA_dificil,20,Empate,5,Si
4614,IA_facil,17,Derrota,7,Si
4614,IA_medio,20,Victoria,6,Si
4614,IA_dificil,19,Derrota,5,Si
4615,IA_facil,20,Derrota,7,Si
4615,IA_medio,21,Victoria,5,Si
4615,IA_dificil,20,Derrota,5,Si
4616,IA_facil,21,Empate,5,Si
4616,IA_medio,20,Derrota,6,Si
4616,IA_dificil,21,Empate,5,Si
4617,IA_facil,19,Victoria,4,Si
4617,IA_medio,23,Derrota,6,Si
4617,IA_dificil,17,Derrota,5,Si
4618,IA_facil,18,Derrota,5,Si
4618,IA_medio,20,Derrota,8,Si
4618,IA_dificil,21,Victoria,7,Si
4619,IA_facil,21,Victoria,5,Si
4619,IA_medio,20,Derrota,5,Si
4619,IA_dificil,17,Derrota,5,Si
4620,IA_facil,18,Empate,5,Si
4620,IA_medio,24,Derrota,6,Si
4620,IA_dificil,18,Empate,7,Si
4621,IA_facil,18,Empate,4,Si
4621,IA_medio,18,Empate,5,Si
4621,IA_dificil,17,Derrota,4,Si
4622,IA_facil,18,Empate,4,Si
4622,IA_medio,17,Derrota,4,Si
4622,IA_dificil,18,Empate,5,Si
4623,IA_facil,21,Empate,4,Si
4623,IA_medio,22,Derrota,7,Si
4623,IA_dificil,21,Empate,5,Si
4624,IA_facil,17,Derrota,6,Si
4624,IA_medio,17,Derrota,5,Si
4624,IA_dificil,20,Victoria,8,Si
4625,IA_facil,17,Derrota,6,Si
4625,IA_medio,18,Empate,6,Si
4625,IA_dificil,18,Empate,7,Si
4626,IA_facil,18,Victoria,6,Si
4626,IA_medio,17,Derrota,5,Si
4626,IA_dificil,22,Derrota,8,Si
4627,IA_facil,21,Empate,7,Si
4627,IA_medio,18,Derrota,9,Si
4627,IA_dificil,21,Empate,6,Si
4628,IA_facil,18,Derrota,5,Si
4628,IA_medio,22,Derrota,6,Si
4628,IA_dificil,19,Victoria,7,Si
4629,IA_facil,17,Derrota,4,Si
4629,IA_medio,20,Victoria,6,Si
4629,IA_dificil,17,Derrota,5,Si
4630,IA_facil,18,Derrota,7,Si
4630,IA_medio,18,Derrota,6,Si
4630,IA_dificil,20,Victoria,5,Si
4631,IA_facil,21,Victoria,5,Si
4631,IA_medio,22,Derrota,6,Si
4631,IA_dificil,18,Derrota,5,Si
4632,IA_facil,18,Derrota,5,Si
4632,IA_medio,21,Victoria,7,Si
4632,IA_dificil,23,Derrota,6,Si
4633,IA_facil,17,Derrota,4,Si
4633,IA_medio,21,Victoria,6,Si
4633,IA_dificil,17,Derrota,5,Si
4634,IA_facil,20,Derrota,6,Si
4634,IA_medio,20,Derrota,7,Si
4634,IA_dificil,21,Victoria,5,Si
4635,IA_facil,19,Victoria,5,Si
4635,IA_medio,17,Derrota,5,Si
4635,IA_dificil,23,Derrota,6,Si
4636,IA_facil,17,Derrota,5,Si
4636,IA_medio,21,Victoria,6,Si
4636,IA_dificil,23,Derrota,5,Si
4637,IA_facil,19,Derrota,5,Si
4637,IA_medio,21,Victoria,5,Si
4637,IA_dificil,18,Derrota,6,Si
4638,IA_facil,18,Victoria,4,Si
4638,IA_medio,17,Derrota,6,Si
4638,IA_dificil,17,Derrota,8,Si
4639,IA_facil,18,Derrota,5,Si
4639,IA_medio,21,Victoria,4,Si
4639,IA_dificil,22,Derrota,6,Si
4640,IA_facil,17,Derrota,4,Si
4640,IA_medio,20,Victoria,6,Si
4640,IA_dificil,17,Derrota,4,Si
4641,IA_facil,19,Victoria,5,Si
4641,IA_medio,17,Derrota,6,Si
4641,IA_dificil,17,Derrota,5,Si
4642,IA_facil,21,Victoria,7,Si
4642,IA_medio,19,Derrota,7,Si
4642,IA_dificil,19,Derrota,5,Si
4643,IA_facil,17,Derrota,4,Si
4643,IA_medio,23,Derrota,6,Si
4643,IA_dificil,20,Victoria,5,Si
4644,IA_facil,18,Empate,5,Si
4644,IA_medio,23,Derrota,6,Si
4644,IA_dificil,18,Empate,4,Si
4645,IA_facil,17,Derrota,4,Si
4645,IA_medio,20,Victoria,8,Si
4645,IA_dificil,19,Derrota,6,Si
4646,IA_facil,19,Derrota,7,Si
4646,IA_medio,20,Derrota,7,Si
4646,IA_dificil,21,Victoria,4,Si
4647,IA_facil,18,Derrota,7,Si
4647,IA_medio,17,Derrota,5,Si
4647,IA_dificil,19,Victoria,6,Si
4648,IA_facil,17,Derrota,5,Si
4648,IA_medio,18,Derrota,4,Si
4648,IA_dificil,21,Victoria,4,Si
4649,IA_facil,18,Derrota,5,Si
4649,IA_medio,24,Derrota,7,Si
4649,IA_dificil,20,Victoria,6,Si
4650,IA_facil,19,Empate,7,Si
4650,IA_medio,24,Derrota,7,Si
4650,IA_dificil,19,Empate,5,Si
4651,IA_facil,21,Victoria,5,Si
4651,IA_medio,19,Derrota,6,Si
4651,IA_dificil,20,Derrota,6,Si
4652,IA_facil,18,Derrota,5,Si
4652,IA_medio,21,Victoria,5,Si
4652,IA_dificil,17,Derrota,6,Si
4653,IA_facil,18,Derrota,3,Si
4653,IA_medio,22,Derrota,5,Si
4653,IA_dificil,21,Victoria,8,Si
4654,IA_facil,18,Derrota,4,Si
4654,IA_medio,21,Victoria,5,Si
4654,IA_dificil,17,Derrota,6,Si
4655,IA_facil,17,Derrota,6,Si
4655,IA_medio,21,Victoria,5,Si
4655,IA_dificil,24,Derrota,6,Si
4656,IA_facil,19,Derrota,5,Si
4656,IA_medio,18,Derrota,5,Si
4656,IA_dificil,20,Victoria,8,Si
4657,IA_facil,18,Derrota,5,Si
4657,IA_medio,25,Derrota,7,Si
4657,IA_dificil,19,Victoria,6,Si
4658,IA_facil,21,Empate,6,Si
4658,IA_medio,21,Empate,8,Si
4658,IA_dificil,22,Derrota,4,Si
4659,IA_facil,19,Derrota,5,Si
4659,IA_medio,24,Derrota,7,Si
4659,IA_dificil,20,Victoria,6,Si
4660,IA_facil,20,Derrota,5,Si
4660,IA_medio,21,Victoria,4,Si
4660,IA_dificil,20,Derrota,6,Si
4661,IA_facil,17,Derrota,5,Si
4661,IA_medio,17,Derrota,6,Si
4661,IA_dificil,18,Victoria,4,Si
4662,IA_facil,20,Victoria,4,Si
4662,IA_medio,18,Derrota,6,Si
4662,IA_dificil,22,Derrota,7,Si
4663,IA_facil,21,Victoria,6,Si
4663,IA_medio,22,Derrota,5,Si
4663,IA_dificil,23,Derrota,7,Si
4664,IA_facil,20,Derrota,5,Si
4664,IA_medio,21,Victoria,5,Si
4664,IA_dificil,18,Derrota,7,Si
4665,IA_facil,18,Derrota,3,Si
4665,IA_medio,20,Victoria,6,Si
4665,IA_dificil,22,Derrota,5,Si
4666,IA_facil,19,Empate,6,Si
4666,IA_medio,19,Empate,5,Si
4666,IA_dificil,18,Derrota,3,Si
4667,IA_facil,19,Empate,8,Si
4667,IA_medio,18,Derrota,5,Si
4667,IA_dificil,19,Empate,5,Si
4668,IA_facil,20,Empate,6,Si
4668,IA_medio,20,Empate,5,Si
4668,IA_dificil,19,Derrota,8,Si
4669,IA_facil,19,Derrota,5,Si
4669,IA_medio,21,Victoria,7,Si
4669,IA_dificil,18,Derrota,5,Si
4670,IA_facil,18,Derrota,7,Si
4670,IA_medio,17,Derrota,5,Si
4670,IA_dificil,20,Victoria,5,Si
4671,IA_facil,17,Victoria,7,Si
4671,IA_medio,23,Derrota,7,Si
4671,IA_dificil,22,Derrota,6,Si
4672,IA_facil,22,Derrota,6,Si
4672,IA_medio,21,Victoria,6,Si
4672,IA_dificil,20,Derrota,7,Si
4673,IA_facil,19,Derrota,6,Si
4673,IA_medio,21,Victoria,6,Si
4673,IA_dificil,17,Derrota,4,Si
4674,IA_facil,17,Derrota,6,Si
4674,IA_medio,17,Derrota,4,Si
4674,IA_dificil,21,Victoria,5,Si
4675,IA_facil,19,Empate,4,Si
4675,IA_medio,19,Empate,8,Si
4675,IA_dificil,17,Derrota,6,Si
4676,IA_facil,20,Empate,4,Si
4676,IA_medio,24,Derrota,7,Si
4676,IA_dificil,20,Empate,6,Si
4677,IA_facil,18,Derrota,6,Si
4677,IA_medio,21,Empate,5,Si
4677,IA_dificil,21,Empate,6,Si
4678,IA_facil,18,Empate,6,Si
4678,IA_medio,24,Derrota,6,Si
4678,IA_dificil,18,Empate,5,Si
4679,IA_facil,18,Victoria,4,Si
4679,IA_medio,22,Derrota,7,Si
4679,IA_dificil,23,Derrota,5,Si
4680,IA_facil,20,Victoria,5,Si
4680,IA_medio,23,Derrota,8,Si
4680,IA_dificil,25,Derrota,5,Si
4681,IA_facil,19,Victoria,5,Si
4681,IA_medio,18,Derrota,5,Si
4681,IA_dificil,22,Derrota,6,Si
4682,IA_facil,19,Empate,5,Si
4682,IA_medio,24,Derrota,6,Si
4682,IA_dificil,19,Empate,5,Si
4683,IA_facil,21,Empate,4,Si
4683,IA_medio,17,Derrota,7,Si
4683,IA_dificil,21,Empate,5,Si
4684,IA_facil,17,Derrota,6,Si
4684,IA_medio,24,Derrota,6,Si
4684,IA_dificil,18,Victoria,6,Si
4685,IA_facil,18,Derrota,5,Si
4685,IA_medio,17,Derrota,5,Si
4685,IA_dificil,19,Victoria,9,Si
4686,IA_facil,21,Victoria,5,Si
4686,IA_medio,19,Derrota,5,Si
4686,IA_dificil,17,Derrota,5,Si
4687,IA_facil,21,Victoria,6,Si
4687,IA_medio,23,Derrota,7,Si
4687,IA_dificil,18,Derrota,8,Si
4688,IA_facil,18,Empate,5,Si
4688,IA_medio,22,Derrota,7,Si
4688,IA_dificil,18,Empate,5,Si
4689,IA_facil,19,Victoria,6,Si
4689,IA_medio,18,Derrota,5,Si
4689,IA_dificil,23,Derrota,6,Si
4690,IA_facil,22,Derrota,7,Si
4690,IA_medio,20,Victoria,6,Si
4690,IA_dificil,17,Derrota,6,Si
4691,IA_facil,17,Derrota,4,Si
4691,IA_medio,17,Derrota,5,Si
4691,IA_dificil,20,Victoria,5,Si
4692,IA_facil,19,Derrota,5,Si
4692,IA_medio,21,Victoria,6,Si
4692,IA_dificil,19,Derrota,6,Si
4693,IA_facil,17,Derrota,4,Si
4693,IA_medio,24,Derrota,8,Si
4693,IA_dificil,19,Victoria,6,Si
4694,IA_facil,19,Derrota,4,Si
4694,IA_medio,21,Victoria,4,Si
4694,IA_dificil,18,Derrota,4,Si
4695,IA_facil,20,Victoria,5,Si
4695,IA_medio,23,Derrota,6,Si
4695,IA_dificil,17,Derrota,6,Si
4696,IA_facil,19,Derrota,4,Si
4696,IA_medio,22,Derrota,6,Si
4696,IA_dificil,21,Victoria,6,Si
4697,IA_facil,19,Derrota,6,Si
4697,IA_medio,21,Victoria,5,Si
4697,IA_dificil,20,Derrota,7,Si
4698,IA_facil,20,Empate,5,Si
4698,IA_medio,20,Empate,5,Si
4698,IA_dificil,20,Empate,5,Si
4699,IA_facil,22,Derrota,5,Si
4699,IA_medio,17,Derrota,4,Si
4699,IA_dificil,21,Victoria,5,Si
4700,IA_facil,19,Derrota,6,Si
4700,IA_medio,18,Derrota,5,Si
4700,IA_dificil,20,Victoria,5,Si
4701,IA_facil,19,Derrota,4,Si
4701,IA_medio,20,Empate,5,Si
4701,IA_dificil,20,Empate,5,Si
4702,IA_facil,18,Derrota,7,Si
4702,IA_medio,19,Victoria,5,Si
4702,IA_dificil,17,Derrota,6,Si
4703,IA_facil,20,Derrota,6,Si
4703,IA_medio,23,Derrota,7,Si
4703,IA_dificil,21,Victoria,5,Si
4704,IA_facil,17,Derrota,4,Si
4704,IA_medio,24,Derrota,7,Si
4704,IA_dificil,20,Victoria,4,Si
4705,IA_facil,17,Derrota,5,Si
4705,IA_medio,23,Derrota,6,Si
4705,IA_dificil,20,Victoria,6,Si
4706,IA_facil,18,Derrota,4,Si
4706,IA_medio,20,Victoria,7,Si
4706,IA_dificil,17,Derrota,5,Si
4707,IA_facil,17,Derrota,4,Si
4707,IA_medio,18,Victoria,5,Si
4707,IA_dificil,22,Derrota,6,Si
4708,IA_facil,17,Derrota,5,Si
4708,IA_medio,21,Victoria,5,Si
4708,IA_dificil,22,Derrota,7,Si
4709,IA_facil,18,Derrota,5,Si
4709,IA_medio,17,Derrota,6,Si
4709,IA_dificil,19,Victoria,6,Si
4710,IA_facil,20,Derrota,4,Si
4710,IA_medio,21,Victoria,5,Si
4710,IA_dificil,18,Derrota,5,Si
4711,IA_facil,18,Derrota,9,Si
4711,IA_medio,19,Victoria,5,Si
4711,IA_dificil,23,Derrota,7,Si
4712,IA_facil,19,Derrota,6,Si
4712,IA_medio,17,Derrota,5,Si
4712,IA_dificil,20,Victoria,7,Si
4713,IA_facil,21,Victoria,5,Si
4713,IA_medio,20,Derrota,5,Si
4713,IA_dificil,17,Derrota,8,Si
4714,IA_facil,19,Derrota,8,Si
4714,IA_medio,21,Victoria,6,Si
4714,IA_dificil,17,Derrota,6,Si
4715,IA_facil,18,Derrota,7,Si
4715,IA_medio,21,Empate,6,Si
4715,IA_dificil,21,Empate,5,Si
4716,IA_facil,18,Derrota,4,Si
4716,IA_medio,18,Derrota,6,Si
4716,IA_dificil,19,Victoria,4,Si
4717,IA_facil,20,Victoria,5,Si
4717,IA_medio,25,Derrota,6,Si
4717,IA_dificil,18,Derrota,6,Si
4718,IA_facil,21,Victoria,5,Si
4718,IA_medio,22,Derrota,4,Si
4718,IA_dificil,22,Derrota,5,Si
4719,IA_facil,18,Derrota,5,Si
4719,IA_medio,17,Derrota,5,Si
4719,IA_dificil,19,Victoria,5,Si
4720,IA_facil,17,Derrota,4,Si
4720,IA_medio,19,Derrota,7,Si
4720,IA_dificil,20,Victoria,4,Si
4721,IA_facil,19,Victoria,4,Si
4721,IA_medio,22,Derrota,6,Si
4721,IA_dificil,24,Derrota,7,Si
4722,IA_facil,21,Empate,5,Si
4722,IA_medio,19,Derrota,5,Si
4722,IA_dificil,21,Empate,7,Si
4723,IA_facil,22,Derrota,6,Si
4723,IA_medio,20,Empate,8,Si
4723,IA_dificil,20,Empate,5,Si
4724,IA_facil,18,Derrota,6,Si
4724,IA_medio,20,Victoria,6,Si
4724,IA_dificil,18,Derrota,5,Si
4725,IA_facil,18,Empate,4,Si
4725,IA_medio,18,Empate,5,Si
4725,IA_dificil,17,Derrota,5,Si
4726,IA_facil,18,Empate,5,Si
4726,IA_medio,18,Empate,4,Si
4726,IA_dificil,22,Derrota,5,Si
4727,IA_facil,19,Derrota,6,Si
4727,IA_medio,21,Victoria,6,Si
4727,IA_dificil,23,Derrota,6,Si
4728,IA_facil,19,Derrota,4,Si
4728,IA_medio,20,Derrota,6,Si
4728,IA_dificil,21,Victoria,6,Si
4729,IA_facil,19,Victoria,7,Si
4729,IA_medio,24,Derrota,5,Si
4729,IA_dificil,17,Derrota,5,Si
4730,IA_facil,19,Victoria,5,Si
4730,IA_medio,18,Derrota,5,Si
4730,IA_dificil,18,Derrota,4,Si
4731,IA_facil,20,Derrota,5,Si
4731,IA_medio,18,Derrota,5,Si
4731,IA_dificil,21,Victoria,4,Si
4732,IA_facil,17,Derrota,6,Si
4732,IA_medio,17,Derrota,4,Si
4732,IA_dificil,19,Victoria,8,Si
4733,IA_facil,20,Victoria,4,Si
4733,IA_medio,23,Derrota,5,Si
4733,IA_dificil,18,Derrota,5,Si
4734,IA_facil,17,Derrota,5,Si
4734,IA_medio,21,Empate,5,Si
4734,IA_dificil,21,Empate,5,Si
4735,IA_facil,17,Empate,4,Si
4735,IA_medio,22,Derrota,5,Si
4735,IA_dificil,17,Empate,4,Si
4736,IA_facil,17,Derrota,4,Si
4736,IA_medio,21,Victoria,7,Si
4736,IA_dificil,17,Derrota,5,Si
4737,IA_facil,17,Empate,4,Si
4737,IA_medio,22,Derrota,8,Si
4737,IA_dificil,17,Empate,5,Si
4738,IA_facil,18,Empate,4,Si
4738,IA_medio,18,Empate,4,Si
4738,IA_dificil,17,Derrota,6,Si
4739,IA_facil,17,Derrota,5,Si
4739,IA_medio,22,Derrota,5,Si
4739,IA_dificil,21,Victoria,5,Si
4740,IA_facil,19,Derrota,6,Si
4740,IA_medio,19,Derrota,6,Si
4740,IA_dificil,21,Victoria,7,Si
4741,IA_facil,19,Derrota,5,Si
4741,IA_medio,21,Empate,6,Si
4741,IA_dificil,21,Empate,6,Si
4742,IA_facil,19,Derrota,5,Si
4742,IA_medio,17,Derrota,5,Si
4742,IA_dificil,20,Victoria,5,Si
4743,IA_facil,17,Derrota,5,Si
4743,IA_medio,21,Empate,7,Si
4743,IA_dificil,21,Empate,8,Si
4744,IA_facil,18,Derrota,6,Si
4744,IA_medio,17,Derrota,4,Si
4744,IA_dificil,20,Victoria,8,Si
4745,IA_facil,17,Derrota,5,Si
4745,IA_medio,24,Derrota,7,Si
4745,IA_dificil,18,Victoria,4,Si
4746,IA_facil,18,Derrota,4,Si
4746,IA_medio,20,Victoria,5,Si
4746,IA_dificil,23,Derrota,5,Si
4747,IA_facil,17,Derrota,5,Si
4747,IA_medio,20,Victoria,5,Si
4747,IA_dificil,18,Derrota,8,Si
4748,IA_facil,17,Derrota,5,Si
4748,IA_medio,20,Victoria,6,Si
4748,IA_dificil,17,Derrota,6,Si
4749,IA_facil,19,Derrota,4,Si
4749,IA_medio,21,Victoria,5,Si
4749,IA_dificil,19,Derrota,6,Si
4750,IA_facil,19,Victoria,6,Si
4750,IA_medio,24,Derrota,6,Si
4750,IA_dificil,17,Derrota,5,Si
4751,IA_facil,19,Derrota,4,Si
4751,IA_medio,20,Empate,5,Si
4751,IA_dificil,20,Empate,8,Si
4752,IA_facil,20,Victoria,7,Si
4752,IA_medio,24,Derrota,7,Si
4752,IA_dificil,19,Derrota,5,Si
4753,IA_facil,20,Derrota,5,Si
4753,IA_medio,21,Empate,5,Si
4753,IA_dificil,21,Empate,6,Si
4754,IA_facil,17,Empate,6,Si
4754,IA_medio,17,Empate,6,Si
4754,IA_dificil,25,Derrota,7,Si
4755,IA_facil,19,Victoria,4,Si
4755,IA_medio,22,Derrota,5,Si
4755,IA_dificil,18,Derrota,7,Si
4756,IA_facil,20,Derrota,7,Si
4756,IA_medio,20,Derrota,6,Si
4756,IA_dificil,21,Victoria,6,Si
4757,IA_facil,19,Empate,4,Si
4757,IA_medio,22,Derrota,7,Si
4757,IA_dificil,19,Empate,4,Si
4758,IA_facil,21,Victoria,6,Si
4758,IA_medio,22,Derrota,5,Si
4758,IA_dificil,17,Derrota,5,Si
4759,IA_facil,20,Victoria,6,Si
4759,IA_medio,17,Derrota,5,Si
4759,IA_dificil,19,Derrota,4,Si
4760,IA_facil,17,Derrota,6,Si
4760,IA_medio,21,Victoria,7,Si
4760,IA_dificil,20,Derrota,7,Si
4761,IA_facil,17,Derrota,4,Si
4761,IA_medio,19,Derrota,5,Si
4761,IA_dificil,21,Victoria,5,Si
4762,IA_facil,18,Empate,4,Si
4762,IA_medio,18,Empate,5,Si
4762,IA_dificil,17,Derrota,7,Si
4763,IA_facil,17,Derrota,4,Si
4763,IA_medio,22,Derrota,7,Si
4763,IA_dificil,18,Victoria,5,Si
4764,IA_facil,19,Derrota,7,Si
4764,IA_medio,22,Derrota,6,Si
4764,IA_dificil,20,Victoria,6,Si
4765,IA_facil,17,Empate,5,Si
4765,IA_medio,22,Derrota,5,Si
4765,IA_dificil,17,Empate,4,Si
4766,IA_facil,18,Derrota,6,Si
4766,IA_medio,22,Derrota,7,Si
4766,IA_dificil,19,Victoria,4,Si
4767,IA_facil,17,Derrota,4,Si
4767,IA_medio,20,Victoria,8,Si
4767,IA_dificil,17,Derrota,5,Si
4768,IA_facil,21,Victoria,6,Si
4768,IA_medio,22,Derrota,5,Si
4768,IA_dificil,18,Derrota,4,Si
4769,IA_facil,19,Derrota,6,Si
4769,IA_medio,17,Derrota,5,Si
4769,IA_dificil,21,Victoria,5,Si
4770,IA_facil,19,Victoria,6,Si
4770,IA_medio,22,Derrota,6,Si
4770,IA_dificil,24,Derrota,5,Si
4771,IA_facil,18,Derrota,6,Si
4771,IA_medio,23,Derrota,6,Si
4771,IA_dificil,19,Victoria,4,Si
4772,IA_facil,17,Derrota,5,Si
4772,IA_medio,17,Derrota,6,Si
4772,IA_dificil,20,Victoria,6,Si
4773,IA_facil,20,Derrota,5,Si
4773,IA_medio,21,Victoria,5,Si
4773,IA_dificil,22,Derrota,6,Si
4774,IA_facil,20,Derrota,7,Si
4774,IA_medio,18,Derrota,6,Si
4774,IA_dificil,21,Victoria,4,Si
4775,IA_facil,17,Derrota,3,Si
4775,IA_medio,20,Victoria,5,Si
4775,IA_dificil,19,Derrota,6,Si
4776,IA_facil,18,Derrota,4,Si
4776,IA_medio,20,Empate,6,Si
4776,IA_dificil,20,Empate,6,Si
4777,IA_facil,19,Victoria,6,Si
4777,IA_medio,17,Derrota,4,Si
4777,IA_dificil,18,Derrota,6,Si
4778,IA_facil,17,Empate,4,Si
4778,IA_medio,22,Derrota,7,Si
4778,IA_dificil,17,Empate,5,Si
4779,IA_facil,20,Derrota,5,Si
4779,IA_medio,21,Victoria,6,Si
4779,IA_dificil,19,Derrota,6,Si
4780,IA_facil,19,Empate,5,Si
4780,IA_medio,17,Derrota,6,Si
4780,IA_dificil,19,Empate,5,Si
4781,IA_facil,17,Derrota,5,Si
4781,IA_medio,21,Victoria,4,Si
4781,IA_dificil,20,Derrota,6,Si
4782,IA_facil,18,Derrota,7,Si
4782,IA_medio,24,Derrota,6,Si
4782,IA_dificil,19,Victoria,5,Si
4783,IA_facil,18,Victoria,5,Si
4783,IA_medio,17,Derrota,6,Si
4783,IA_dificil,24,Derrota,5,Si
4784,IA_facil,20,Empate,5,Si
4784,IA_medio,17,Derrota,7,Si
4784,IA_dificil,20,Empate,7,Si
4785,IA_facil,20,Victoria,4,Si
4785,IA_medio,23,Derrota,5,Si
4785,IA_dificil,25,Derrota,5,Si
4786,IA_facil,17,Derrota,4,Si
4786,IA_medio,21,Victoria,6,Si
4786,IA_dificil,17,Derrota,4,Si
4787,IA_facil,21,Victoria,6,Si
4787,IA_medio,17,Derrota,4,Si
4787,IA_dificil,17,Derrota,6,Si
4788,IA_facil,17,Derrota,7,Si
4788,IA_medio,22,Derrota,6,Si
4788,IA_dificil,20,Victoria,6,Si
4789,IA_facil,19,Derrota,6,Si
4789,IA_medio,21,Victoria,5,Si
4789,IA_dificil,18,Derrota,4,Si
4790,IA_facil,18,Derrota,5,Si
4790,IA_medio,21,Victoria,6,Si
4790,IA_dificil,20,Derrota,5,Si
4791,IA_facil,20,Derrota,5,Si
4791,IA_medio,21,Victoria,5,Si
4791,IA_dificil,20,Derrota,7,Si
4792,IA_facil,20,Victoria,8,Si
4792,IA_medio,22,Derrota,6,Si
4792,IA_dificil,18,Derrota,7,Si
4793,IA_facil,21,Victoria,5,Si
4793,IA_medio,19,Derrota,5,Si
4793,IA_dificil,23,Derrota,6,Si
4794,IA_facil,22,Derrota,5,Si
4794,IA_medio,24,Derrota,6,Si
4794,IA_dificil,17,Victoria,7,Si
4795,IA_facil,19,Derrota,5,Si
4795,IA_medio,21,Victoria,8,Si
4795,IA_dificil,20,Derrota,6,Si
4796,IA_facil,21,Victoria,6,Si
4796,IA_medio,18,Derrota,4,Si
4796,IA_dificil,20,Derrota,4,Si
4797,IA_facil,18,Derrota,5,Si
4797,IA_medio,19,Derrota,6,Si
4797,IA_dificil,20,Victoria,5,Si
4798,IA_facil,19,Derrota,4,Si
4798,IA_medio,21,Empate,5,Si
4798,IA_dificil,21,Empate,6,Si
4799,IA_facil,20,Derrota,5,Si
4799,IA_medio,21,Victoria,6,Si
4799,IA_dificil,17,Derrota,5,Si
4800,IA_facil,19,Victoria,5,Si
4800,IA_medio,17,Derrota,4,Si
4800,IA_dificil,17,Derrota,6,Si
4801,IA_facil,19,Derrota,4,Si
4801,IA_medio,21,Victoria,6,Si
4801,IA_dificil,20,Derrota,6,Si
4802,IA_facil,17,Derrota,6,Si
4802,IA_medio,23,Derrota,5,Si
4802,IA_dificil,18,Victoria,7,Si
4803,IA_facil,18,Empate,7,Si
4803,IA_medio,23,Derrota,6,Si
4803,IA_dificil,18,Empate,4,Si
4804,IA_facil,17,Derrota,4,Si
4804,IA_medio,18,Derrota,7,Si
4804,IA_dificil,19,Victoria,6,Si
4805,IA_facil,20,Victoria,6,Si
4805,IA_medio,23,Derrota,6,Si
4805,IA_dificil,17,Derrota,5,Si
4806,IA_facil,17,Empate,5,Si
4806,IA_medio,24,Derrota,8,Si
4806,IA_dificil,17,Empate,6,Si
4807,IA_facil,20,Empate,6,Si
4807,IA_medio,20,Empate,5,Si
4807,IA_dificil,20,Empate,7,Si
4808,IA_facil,20,Victoria,6,Si
4808,IA_medio,17,Derrota,4,Si
4808,IA_dificil,22,Derrota,6,Si
4809,IA_facil,17,Empate,9,Si
4809,IA_medio,17,Empate,3,Si
4809,IA_dificil,22,Derrota,6,Si
4810,IA_facil,17,Victoria,5,Si
4810,IA_medio,22,Derrota,4,Si
4810,IA_dificil,22,Derrota,5,Si
4811,IA_facil,22,Derrota,6,Si
4811,IA_medio,20,Victoria,8,Si
4811,IA_dificil,22,Derrota,6,Si
4812,IA_facil,18,Derrota,5,Si
4812,IA_medio,20,Victoria,5,Si
4812,IA_dificil,18,Derrota,6,Si
4813,IA_facil,18,Derrota,6,Si
4813,IA_medio,20,Empate,5,Si
4813,IA_dificil,20,Empate,5,Si
4814,IA_facil,20,Victoria,6,Si
4814,IA_medio,19,Derrota,8,Si
4814,IA_dificil,22,Derrota,5,Si
4815,IA_facil,19,Derrota,4,Si
4815,IA_medio,20,Empate,5,Si
4815,IA_dificil,20,Empate,6,Si
4816,IA_facil,22,Derrota,4,Si
4816,IA_medio,18,Victoria,6,Si
4816,IA_dificil,23,Derrota,6,Si
4817,IA_facil,18,Derrota,6,Si
4817,IA_medio,20,Derrota,5,Si
4817,IA_dificil,21,Victoria,5,Si
4818,IA_facil,18,Derrota,6,Si
4818,IA_medio,18,Derrota,6,Si
4818,IA_dificil,21,Victoria,4,Si
4819,IA_facil,19,Derrota,5,Si
4819,IA_medio,20,Empate,4,Si
4819,IA_dificil,20,Empate,5,Si
4820,IA_facil,20,Empate,7,Si
4820,IA_medio,19,Derrota,4,Si
4820,IA_dificil,20,Empate,8,Si
4821,IA_facil,21,Victoria,5,Si
4821,IA_medio,17,Derrota,7,Si
4821,IA_dificil,20,Derrota,4,Si
4822,IA_facil,22,Derrota,8,Si
4822,IA_medio,20,Empate,4,Si
4822,IA_dificil,20,Empate,5,Si
4823,IA_facil,17,Derrota,5,Si
4823,IA_medio,18,Victoria,5,Si
4823,IA_dificil,17,Derrota,6,Si
4824,IA_facil,18,Derrota,6,Si
4824,IA_medio,20,Derrota,6,Si
4824,IA_dificil,21,Victoria,4,Si
4825,IA_facil,18,Empate,5,Si
4825,IA_medio,18,Empate,6,Si
4825,IA_dificil,17,Derrota,5,Si
4826,IA_facil,17,Derrota,4,Si
4826,IA_medio,20,Derrota,5,Si
4826,IA_dificil,21,Victoria,5,Si
4827,IA_facil,17,Derrota,8,Si
4827,IA_medio,24,Derrota,6,Si
4827,IA_dificil,18,Victoria,4,Si
4828,IA_facil,20,Victoria,6,Si
4828,IA_medio,19,Derrota,6,Si
4828,IA_dificil,18,Derrota,5,Si
4829,IA_facil,20,Victoria,8,Si
4829,IA_medio,22,Derrota,5,Si
4829,IA_dificil,19,Derrota,6,Si
4830,IA_facil,20,Derrota,5,Si
4830,IA_medio,21,Victoria,6,Si
4830,IA_dificil,23,Derrota,6,Si
4831,IA_facil,20,Victoria,6,Si
4831,IA_medio,19,Derrota,6,Si
4831,IA_dificil,17,Derrota,4,Si
4832,IA_facil,19,Empate,5,Si
4832,IA_medio,25,Derrota,5,Si
4832,IA_dificil,19,Empate,7,Si
4833,IA_facil,20,Empate,4,Si
4833,IA_medio,19,Derrota,7,Si
4833,IA_dificil,20,Empate,4,Si
4834,IA_facil,21,Victoria,5,Si
4834,IA_medio,19,Derrota,5,Si
4834,IA_dificil,18,Derrota,4,Si
4835,IA_facil,17,Derrota,7,Si
4835,IA_medio,18,Empate,5,Si
4835,IA_dificil,18,Empate,5,Si
4836,IA_facil,17,Derrota,6,Si
4836,IA_medio,21,Empate,6,Si
4836,IA_dificil,21,Empate,5,Si
4837,IA_facil,18,Derrota,6,Si
4837,IA_medio,18,Derrota,8,Si
4837,IA_dificil,19,Victoria,6,Si
4838,IA_facil,18,Derrota,5,Si
4838,IA_medio,19,Victoria,5,Si
4838,IA_dificil,17,Derrota,7,Si
4839,IA_facil,20,Victoria,7,Si
4839,IA_medio,19,Derrota,4,Si
4839,IA_dificil,22,Derrota,6,Si
4840,IA_facil,18,Victoria,8,Si
4840,IA_medio,22,Derrota,7,Si
4840,IA_dificil,24,Derrota,7,Si
4841,IA_facil,17,Victoria,3,Si
4841,IA_medio,23,Derrota,5,Si
4841,IA_dificil,22,Derrota,5,Si
4842,IA_facil,17,Derrota,3,Si
4842,IA_medio,17,Derrota,5,Si
4842,IA_dificil,20,Victoria,7,Si
4843,IA_facil,22,Derrota,7,Si
4843,IA_medio,17,Derrota,4,Si
4843,IA_dificil,20,Victoria,4,Si
4844,IA_facil,17,Derrota,4,Si
4844,IA_medio,20,Victoria,5,Si
4844,IA_dificil,19,Derrota,6,Si
4845,IA_facil,21,Victoria,7,Si
4845,IA_medio,19,Derrota,5,Si
4845,IA_dificil,23,Derrota,7,Si
4846,IA_facil,17,Derrota,5,Si
4846,IA_medio,21,Victoria,6,Si
4846,IA_dificil,18,Derrota,7,Si
4847,IA_facil,22,Derrota,7,Si
4847,IA_medio,19,Victoria,7,Si
4847,IA_dificil,17,Derrota,6,Si
4848,IA_facil,17,Empate,5,Si
4848,IA_medio,17,Empate,7,Si
4848,IA_dificil,22,Derrota,8,Si
4849,IA_facil,17,Derrota,4,Si
4849,IA_medio,17,Derrota,5,Si
4849,IA_dificil,20,Victoria,6,Si
4850,IA_facil,21,Empate,6,Si
4850,IA_medio,21,Empate,7,Si
4850,IA_dificil,20,Derrota,6,Si
4851,IA_facil,19,Victoria,5,Si
4851,IA_medio,17,Derrota,8,Si
4851,IA_dificil,22,Derrota,6,Si
4852,IA_facil,19,Derrota,5,Si
4852,IA_medio,21,Victoria,5,Si
4852,IA_dificil,17,Derrota,4,Si
4853,IA_facil,18,Derrota,7,Si
4853,IA_medio,17,Derrota,5,Si
4853,IA_dificil,20,Victoria,5,Si
4854,IA_facil,22,Derrota,6,Si
4854,IA_medio,21,Victoria,5,Si
4854,IA_dificil,17,Derrota,7,Si
4855,IA_facil,20,Victoria,7,Si
4855,IA_medio,17,Derrota,6,Si
4855,IA_dificil,18,Derrota,4,Si
4856,IA_facil,17,Derrota,6,Si
4856,IA_medio,22,Derrota,5,Si
4856,IA_dificil,21,Victoria,8,Si
4857,IA_facil,19,Derrota,6,Si
4857,IA_medio,17,Derrota,5,Si
4857,IA_dificil,21,Victoria,6,Si
4858,IA_facil,18,Derrota,4,Si
4858,IA_medio,20,Victoria,7,Si
4858,IA_dificil,17,Derrota,3,Si
4859,IA_facil,17,Derrota,5,Si
4859,IA_medio,18,Empate,6,Si
4859,IA_dificil,18,Empate,6,Si
4860,IA_facil,19,Victoria,6,Si
4860,IA_medio,23,Derrota,8,Si
4860,IA_dificil,22,Derrota,6,Si
4861,IA_facil,19,Empate,5,Si
4861,IA_medio,19,Empate,7,Si
4861,IA_dificil,18,Derrota,5,Si
4862,IA_facil,18,Empate,5,Si
4862,IA_medio,22,Derrota,7,Si
4862,IA_dificil,18,Empate,8,Si
4863,IA_facil,19,Victoria,6,Si
4863,IA_medio,18,Derrota,6,Si
4863,IA_dificil,17,Derrota,4,Si
4864,IA_facil,19,Derrota,6,Si
4864,IA_medio,20,Derrota,5,Si
4864,IA_dificil,21,Victoria,5,Si
4865,IA_facil,21,Empate,5,Si
4865,IA_medio,21,Empate,7,Si
4865,IA_dificil,18,Derrota,5,Si
4866,IA_facil,20,Victoria,8,Si
4866,IA_medio,17,Derrota,6,Si
4866,IA_dificil,18,Derrota,7,Si
4867,IA_facil,18,Empate,4,Si
4867,IA_medio,24,Derrota,5,Si
4867,IA_dificil,18,Empate,5,Si
4868,IA_facil,19,Victoria,8,Si
4868,IA_medio,24,Derrota,5,Si
4868,IA_dificil,23,Derrota,8,Si
4869,IA_facil,19,Empate,5,Si
4869,IA_medio,19,Empate,5,Si
4869,IA_dificil,18,Derrota,5,Si
4870,IA_facil,19,Derrota,4,Si
4870,IA_medio,20,Victoria,4,Si
4870,IA_dificil,22,Derrota,5,Si
4871,IA_facil,18,Derrota,4,Si
4871,IA_medio,19,Victoria,4,Si
4871,IA_dificil,18,Derrota,5,Si
4872,IA_facil,20,Victoria,5,Si
4872,IA_medio,19,Derrota,5,Si
4872,IA_dificil,18,Derrota,6,Si
4873,IA_facil,17,Derrota,6,Si
4873,IA_medio,18,Victoria,8,Si
4873,IA_dificil,24,Derrota,5,Si
4874,IA_facil,18,Derrota,5,Si
4874,IA_medio,22,Derrota,6,Si
4874,IA_dificil,21,Victoria,6,Si
4875,IA_facil,17,Derrota,4,Si
4875,IA_medio,25,Derrota,6,Si
4875,IA_dificil,19,Victoria,8,Si
4876,IA_facil,22,Derrota,5,Si
4876,IA_medio,18,Derrota,6,Si
4876,IA_dificil,21,Victoria,4,Si
4877,IA_facil,17,Derrota,5,Si
4877,IA_medio,19,Derrota,5,Si
4877,IA_dificil,21,Victoria,6,Si
4878,IA_facil,20,Derrota,5,Si
4878,IA_medio,21,Victoria,5,Si
4878,IA_dificil,17,Derrota,4,Si
4879,IA_facil,17,Derrota,4,Si
4879,IA_medio,22,Derrota,6,Si
4879,IA_dificil,19,Victoria,4,Si
4880,IA_facil,19,Derrota,4,Si
4880,IA_medio,21,Victoria,5,Si
4880,IA_dificil,17,Derrota,4,Si
4881,IA_facil,17,Derrota,5,Si
4881,IA_medio,17,Derrota,3,Si
4881,IA_dificil,18,Victoria,4,Si
4882,IA_facil,20,Derrota,5,Si
4882,IA_medio,22,Derrota,6,Si
4882,IA_dificil,21,Victoria,6,Si
4883,IA_facil,19,Victoria,8,Si
4883,IA_medio,17,Derrota,6,Si
4883,IA_dificil,17,Derrota,3,Si
4884,IA_facil,19,Victoria,5,Si
4884,IA_medio,22,Derrota,6,Si
4884,IA_dificil,18,Derrota,7,Si
4885,IA_facil,19,Victoria,5,Si
4885,IA_medio,17,Derrota,5,Si
4885,IA_dificil,17,Derrota,6,Si
4886,IA_facil,19,Victoria,6,Si
4886,IA_medio,23,Derrota,5,Si
4886,IA_dificil,18,Derrota,5,Si
4887,IA_facil,19,Derrota,5,Si
4887,IA_medio,22,Derrota,5,Si
4887,IA_dificil,21,Victoria,5,Si
4888,IA_facil,20,Empate,5,Si
4888,IA_medio,20,Empate,6,Si
4888,IA_dificil,20,Empate,5,Si
4889,IA_facil,21,Victoria,7,Si
4889,IA_medio,20,Derrota,4,Si
4889,IA_dificil,18,Derrota,4,Si
4890,IA_facil,17,Empate,5,Si
4890,IA_medio,22,Derrota,6,Si
4890,IA_dificil,17,Empate,4,Si
4891,IA_facil,20,Empate,5,Si
4891,IA_medio,20,Empate,6,Si
4891,IA_dificil,18,Derrota,6,Si
4892,IA_facil,21,Empate,7,Si
4892,IA_medio,17,Derrota,4,Si
4892,IA_dificil,21,Empate,5,Si
4893,IA_facil,18,Derrota,4,Si
4893,IA_medio,19,Derrota,7,Si
4893,IA_dificil,20,Victoria,5,Si
4894,IA_facil,17,Derrota,6,Si
4894,IA_medio,19,Derrota,5,Si
4894,IA_dificil,20,Victoria,5,Si
4895,IA_facil,21,Empate,5,Si
4895,IA_medio,21,Empate,8,Si
4895,IA_dificil,24,Derrota,6,Si
4896,IA_facil,18,Derrota,4,Si
4896,IA_medio,22,Derrota,7,Si
4896,IA_dificil,20,Victoria,5,Si
4897,IA_facil,21,Victoria,6,Si
4897,IA_medio,20,Derrota,6,Si
4897,IA_dificil,17,Derrota,6,Si
4898,IA_facil,18,Derrota,6,Si
4898,IA_medio,20,Derrota,7,Si
4898,IA_dificil,21,Victoria,7,Si
4899,IA_facil,18,Derrota,4,Si
4899,IA_medio,23,Derrota,6,Si
4899,IA_dificil,19,Victoria,5,Si
4900,IA_facil,18,Empate,5,Si
4900,IA_medio,18,Empate,6,Si
4900,IA_dificil,22,Derrota,7,Si
4901,IA_facil,21,Empate,8,Si
4901,IA_medio,21,Empate,6,Si
4901,IA_dificil,21,Empate,5,Si
4902,IA_facil,17,Derrota,6,Si
4902,IA_medio,17,Derrota,6,Si
4902,IA_dificil,20,Victoria,5,Si
4903,IA_facil,19,Derrota,5,Si
4903,IA_medio,20,Victoria,7,Si
4903,IA_dificil,19,Derrota,7,Si
4904,IA_facil,20,Derrota,5,Si
4904,IA_medio,21,Victoria,6,Si
4904,IA_dificil,19,Derrota,7,Si
4905,IA_facil,17,Derrota,5,Si
4905,IA_medio,21,Victoria,8,Si
4905,IA_dificil,17,Derrota,3,Si
4906,IA_facil,19,Derrota,5,Si
4906,IA_medio,24,Derrota,6,Si
4906,IA_dificil,21,Victoria,5,Si
4907,IA_facil,20,Victoria,6,Si
4907,IA_medio,24,Derrota,5,Si
4907,IA_dificil,17,Derrota,4,Si
4908,IA_facil,19,Derrota,5,Si
4908,IA_medio,21,Victoria,8,Si
4908,IA_dificil,20,Derrota,4,Si
4909,IA_facil,18,Derrota,5,Si
4909,IA_medio,21,Victoria,6,Si
4909,IA_dificil,19,Derrota,7,Si
4910,IA_facil,22,Derrota,6,Si
4910,IA_medio,20,Victoria,5,Si
4910,IA_dificil,19,Derrota,5,Si
4911,IA_facil,21,Victoria,5,Si
4911,IA_medio,23,Derrota,6,Si
4911,IA_dificil,17,Derrota,6,Si
4912,IA_facil,21,Victoria,5,Si
4912,IA_medio,18,Derrota,4,Si
4912,IA_dificil,18,Derrota,7,Si
4913,IA_facil,21,Empate,5,Si
4913,IA_medio,18,Derrota,5,Si
4913,IA_dificil,21,Empate,7,Si
4914,IA_facil,21,Victoria,7,Si
4914,IA_medio,19,Derrota,7,Si
4914,IA_dificil,19,Derrota,5,Si
4915,IA_facil,21,Victoria,8,Si
4915,IA_medio,17,Derrota,6,Si
4915,IA_dificil,20,Derrota,7,Si
4916,IA_facil,18,Derrota,6,Si
4916,IA_medio,19,Derrota,6,Si
4916,IA_dificil,20,Victoria,7,Si
4917,IA_facil,20,Victoria,5,Si
4917,IA_medio,18,Derrota,6,Si
4917,IA_dificil,17,Derrota,5,Si
4918,IA_facil,18,Derrota,5,Si
4918,IA_medio,19,Empate,5,Si
4918,IA_dificil,19,Empate,5,Si
4919,IA_facil,19,Derrota,7,Si
4919,IA_medio,22,Derrota,6,Si
4919,IA_dificil,20,Victoria,6,Si
4920,IA_facil,18,Derrota,7,Si
4920,IA_medio,19,Victoria,4,Si
4920,IA_dificil,17,Derrota,5,Si
4921,IA_facil,17,Derrota,6,Si
4921,IA_medio,18,Empate,6,Si
4921,IA_dificil,18,Empate,5,Si
4922,IA_facil,18,Victoria,5,Si
4922,IA_medio,17,Derrota,4,Si
4922,IA_dificil,17,Derrota,6,Si
4923,IA_facil,18,Empate,6,Si
4923,IA_medio,22,Derrota,6,Si
4923,IA_dificil,18,Empate,6,Si
4924,IA_facil,17,Derrota,5,Si
4924,IA_medio,20,Derrota,7,Si
4924,IA_dificil,21,Victoria,6,Si
4925,IA_facil,18,Derrota,6,Si
4925,IA_medio,20,Victoria,5,Si
4925,IA_dificil,18,Derrota,6,Si
4926,IA_facil,18,Empate,9,Si
4926,IA_medio,17,Derrota,6,Si
4926,IA_dificil,18,Empate,4,Si
4927,IA_facil,22,Derrota,6,Si
4927,IA_medio,22,Derrota,8,Si
4927,IA_dificil,17,Victoria,5,Si
4928,IA_facil,21,Victoria,5,Si
4928,IA_medio,18,Derrota,5,Si
4928,IA_dificil,19,Derrota,5,Si
4929,IA_facil,17,Derrota,5,Si
4929,IA_medio,21,Victoria,6,Si
4929,IA_dificil,18,Derrota,7,Si
4930,IA_facil,18,Derrota,4,Si
4930,IA_medio,21,Victoria,7,Si
4930,IA_dificil,18,Derrota,6,Si
4931,IA_facil,18,Derrota,5,Si
4931,IA_medio,19,Victoria,4,Si
4931,IA_dificil,17,Derrota,7,Si
4932,IA_facil,18,Derrota,7,Si
4932,IA_medio,19,Derrota,5,Si
4932,IA_dificil,21,Victoria,5,Si
4933,IA_facil,21,Victoria,6,Si
4933,IA_medio,19,Derrota,5,Si
4933,IA_dificil,20,Derrota,5,Si
4934,IA_facil,20,Victoria,5,Si
4934,IA_medio,24,Derrota,7,Si
4934,IA_dificil,17,Derrota,5,Si
4935,IA_facil,20,Empate,6,Si
4935,IA_medio,20,Empate,6,Si
4935,IA_dificil,18,Derrota,6,Si
4936,IA_facil,17,Derrota,5,Si
4936,IA_medio,20,Derrota,7,Si
4936,IA_dificil,21,Victoria,6,Si
4937,IA_facil,18,Empate,4,Si
4937,IA_medio,22,Derrota,6,Si
4937,IA_dificil,18,Empate,6,Si
4938,IA_facil,22,Derrota,5,Si
4938,IA_medio,21,Empate,6,Si
4938,IA_dificil,21,Empate,7,Si
4939,IA_facil,17,Victoria,5,Si
4939,IA_medio,22,Derrota,7,Si
4939,IA_dificil,22,Derrota,6,Si
4940,IA_facil,21,Victoria,5,Si
4940,IA_medio,19,Derrota,6,Si
4940,IA_dificil,18,Derrota,9,Si
4941,IA_facil,21,Victoria,8,Si
4941,IA_medio,20,Derrota,5,Si
4941,IA_dificil,18,Derrota,7,Si
4942,IA_facil,18,Derrota,5,Si
4942,IA_medio,20,Victoria,5,Si
4942,IA_dificil,19,Derrota,5,Si
4943,IA_facil,18,Derrota,5,Si
4943,IA_medio,22,Derrota,8,Si
4943,IA_dificil,19,Victoria,6,Si
4944,IA_facil,17,Derrota,7,Si
4944,IA_medio,21,Victoria,6,Si
4944,IA_dificil,22,Derrota,4,Si
4945,IA_facil,17,Victoria,4,Si
4945,IA_medio,23,Derrota,7,Si
4945,IA_dificil,22,Derrota,4,Si
4946,IA_facil,17,Derrota,5,Si
4946,IA_medio,19,Victoria,6,Si
4946,IA_dificil,22,Derrota,5,Si
4947,IA_facil,18,Derrota,4,Si
4947,IA_medio,20,Victoria,5,Si
4947,IA_dificil,19,Derrota,7,Si
4948,IA_facil,22,Derrota,5,Si
4948,IA_medio,17,Victoria,7,Si
4948,IA_dificil,22,Derrota,7,Si
4949,IA_facil,18,Derrota,4,Si
4949,IA_medio,19,Victoria,9,Si
4949,IA_dificil,22,Derrota,6,Si
4950,IA_facil,19,Victoria,7,Si
4950,IA_medio,17,Derrota,6,Si
4950,IA_dificil,18,Derrota,6,Si
4951,IA_facil,18,Derrota,5,Si
4951,IA_medio,20,Victoria,6,Si
4951,IA_dificil,17,Derrota,4,Si
4952,IA_facil,18,Empate,6,Si
4952,IA_medio,22,Derrota,6,Si
4952,IA_dificil,18,Empate,7,Si
4953,IA_facil,20,Empate,5,Si
4953,IA_medio,20,Empate,4,Si
4953,IA_dificil,20,Empate,5,Si
4954,IA_facil,20,Derrota,5,Si
4954,IA_medio,19,Derrota,4,Si
4954,IA_dificil,21,Victoria,5,Si
4955,IA_facil,17,Derrota,6,Si
4955,IA_medio,17,Derrota,4,Si
4955,IA_dificil,19,Victoria,5,Si
4956,IA_facil,18,Derrota,4,Si
4956,IA_medio,20,Victoria,6,Si
4956,IA_dificil,19,Derrota,5,Si
4957,IA_facil,18,Derrota,6,Si
4957,IA_medio,19,Empate,4,Si
4957,IA_dificil,19,Empate,5,Si
4958,IA_facil,17,Derrota,4,Si
4958,IA_medio,21,Victoria,6,Si
4958,IA_dificil,20,Derrota,6,Si
4959,IA_facil,18,Victoria,6,Si
4959,IA_medio,17,Derrota,4,Si
4959,IA_dificil,17,Derrota,3,Si
4960,IA_facil,19,Victoria,5,Si
4960,IA_medio,22,Derrota,7,Si
4960,IA_dificil,18,Derrota,3,Si
4961,IA_facil,21,Empate,6,Si
4961,IA_medio,21,Empate,6,Si
4961,IA_dificil,20,Derrota,5,Si
4962,IA_facil,18,Derrota,4,Si
4962,IA_medio,17,Derrota,5,Si
4962,IA_dificil,20,Victoria,5,Si
4963,IA_facil,19,Derrota,5,Si
4963,IA_medio,22,Derrota,4,Si
4963,IA_dificil,20,Victoria,6,Si
4964,IA_facil,22,Derrota,5,Si
4964,IA_medio,18,Victoria,5,Si
4964,IA_dificil,24,Derrota,5,Si
4965,IA_facil,21,Victoria,5,Si
4965,IA_medio,20,Derrota,5,Si
4965,IA_dificil,20,Derrota,7,Si
4966,IA_facil,19,Derrota,5,Si
4966,IA_medio,20,Victoria,7,Si
4966,IA_dificil,18,Derrota,7,Si
4967,IA_facil,17,Victoria,7,Si
4967,IA_medio,22,Derrota,6,Si
4967,IA_dificil,24,Derrota,8,Si
4968,IA_facil,18,Derrota,7,Si
4968,IA_medio,20,Victoria,4,Si
4968,IA_dificil,23,Derrota,6,Si
4969,IA_facil,18,Derrota,4,Si
4969,IA_medio,19,Victoria,5,Si
4969,IA_dificil,22,Derrota,7,Si
4970,IA_facil,17,Derrota,5,Si
4970,IA_medio,20,Empate,6,Si
4970,IA_dificil,20,Empate,5,Si
4971,IA_facil,21,Victoria,6,Si
4971,IA_medio,17,Derrota,5,Si
4971,IA_dificil,20,Derrota,5,Si
4972,IA_facil,17,Empate,4,Si
4972,IA_medio,17,Empate,3,Si
4972,IA_dificil,17,Empate,6,Si
4973,IA_facil,17,Derrota,7,Si
4973,IA_medio,21,Victoria,8,Si
4973,IA_dificil,17,Derrota,5,Si
4974,IA_facil,22,Derrota,5,Si
4974,IA_medio,20,Victoria,5,Si
4974,IA_dificil,18,Derrota,4,Si
4975,IA_facil,19,Empate,6,Si
4975,IA_medio,22,Derrota,6,Si
4975,IA_dificil,19,Empate,5,Si
4976,IA_facil,18,Empate,4,Si
4976,IA_medio,18,Empate,6,Si
4976,IA_dificil,22,Derrota,7,Si
4977,IA_facil,18,Derrota,5,Si
4977,IA_medio,21,Victoria,5,Si
4977,IA_dificil,19,Derrota,4,Si
4978,IA_facil,17,Derrota,4,Si
4978,IA_medio,24,Derrota,6,Si
4978,IA_dificil,19,Victoria,4,Si
4979,IA_facil,18,Derrota,4,Si
4979,IA_medio,20,Empate,6,Si
4979,IA_dificil,20,Empate,4,Si
4980,IA_facil,21,Victoria,7,Si
4980,IA_medio,20,Derrota,6,Si
4980,IA_dificil,18,Derrota,5,Si
4981,IA_facil,19,Victoria,6,Si
4981,IA_medio,25,Derrota,6,Si
4981,IA_dificil,17,Derrota,5,Si
4982,IA_facil,17,Derrota,5,Si
4982,IA_medio,18,Derrota,6,Si
4982,IA_dificil,19,Victoria,7,Si
4983,IA_facil,20,Empate,4,Si
4983,IA_medio,17,Derrota,5,Si
4983,IA_dificil,20,Empate,4,Si
4984,IA_facil,21,Victoria,6,Si
4984,IA_medio,18,Derrota,8,Si
4984,IA_dificil,20,Derrota,7,Si
4985,IA_facil,17,Derrota,6,Si
4985,IA_medio,20,Victoria,6,Si
4985,IA_dificil,19,Derrota,4,Si
4986,IA_facil,18,Victoria,7,Si
4986,IA_medio,24,Derrota,6,Si
4986,IA_dificil,22,Derrota,7,Si
4987,IA_facil,20,Derrota,7,Si
4987,IA_medio,21,Victoria,5,Si
4987,IA_dificil,22,Derrota,7,Si
4988,IA_facil,17,Derrota,5,Si
4988,IA_medio,22,Derrota,7,Si
4988,IA_dificil,19,Victoria,5,Si
4989,IA_facil,17,Derrota,4,Si
4989,IA_medio,21,Victoria,6,Si
4989,IA_dificil,18,Derrota,4,Si
4990,IA_facil,18,Derrota,5,Si
4990,IA_medio,19,Victoria,5,Si
4990,IA_dificil,23,Derrota,9,Si
4991,IA_facil,19,Empate,4,Si
4991,IA_medio,19,Empate,6,Si
4991,IA_dificil,17,Derrota,6,Si
4992,IA_facil,18,Derrota,4,Si
4992,IA_medio,21,Victoria,7,Si
4992,IA_dificil,18,Derrota,5,Si
4993,IA_facil,19,Victoria,5,Si
4993,IA_medio,18,Derrota,5,Si
4993,IA_dificil,22,Derrota,6,Si
4994,IA_facil,18,Derrota,5,Si
4994,IA_medio,18,Derrota,4,Si
4994,IA_dificil,19,Victoria,6,Si
4995,IA_facil,19,Empate,5,Si
4995,IA_medio,19,Empate,5,Si
4995,IA_dificil,22,Derrota,7,Si
4996,IA_facil,17,Derrota,4,Si
4996,IA_medio,20,Victoria,4,Si
4996,IA_dificil,22,Derrota,5,Si
4997,IA_facil,20,Victoria,5,Si
4997,IA_medio,18,Derrota,7,Si
4997,IA_dificil,17,Derrota,6,Si
4998,IA_facil,22,Derrota,7,Si
4998,IA_medio,19,Victoria,4,Si
4998,IA_dificil,17,Derrota,6,Si
4999,IA_facil,20,Victoria,6,Si
4999,IA_medio,18,Derrota,5,Si
4999,IA_dificil,18,Derrota,5,Si
5000,IA_facil,17,Derrota,6,Si
5000,IA_medio,23,Derrota,7,Si
5000,IA_dificil,19,Victoria,7,Si
5001,IA_facil,21,Victoria,6,Si
5001,IA_medio,19,Derrota,5,Si
5001,IA_dificil,19,Derrota,8,Si
5002,IA_facil,18,Derrota,6,Si
5002,IA_medio,20,Empate,6,Si
5002,IA_dificil,20,Empate,5,Si
5003,IA_facil,19,Derrota,5,Si
5003,IA_medio,22,Derrota,4,Si
5003,IA_dificil,20,Victoria,7,Si
5004,IA_facil,17,Derrota,5,Si
5004,IA_medio,17,Derrota,6,Si
5004,IA_dificil,18,Victoria,5,Si
5005,IA_facil,17,Derrota,8,Si
5005,IA_medio,21,Victoria,6,Si
5005,IA_dificil,19,Derrota,5,Si
5006,IA_facil,21,Empate,8,Si
5006,IA_medio,21,Empate,4,Si
5006,IA_dificil,20,Derrota,7,Si
5007,IA_facil,17,Empate,7,Si
5007,IA_medio,24,Derrota,5,Si
5007,IA_dificil,17,Empate,6,Si
5008,IA_facil,19,Empate,5,Si
5008,IA_medio,19,Empate,7,Si
5008,IA_dificil,17,Derrota,3,Si
5009,IA_facil,18,Derrota,4,Si
5009,IA_medio,21,Victoria,8,Si
5009,IA_dificil,20,Derrota,7,Si
5010,IA_facil,19,Empate,5,Si
5010,IA_medio,19,Empate,5,Si
5010,IA_dificil,19,Empate,5,Si
5011,IA_facil,20,Victoria,4,Si
5011,IA_medio,17,Derrota,7,Si
5011,IA_dificil,17,Derrota,5,Si
5012,IA_facil,18,Derrota,6,Si
5012,IA_medio,18,Derrota,5,Si
5012,IA_dificil,19,Victoria,6,Si
5013,IA_facil,18,Derrota,6,Si
5013,IA_medio,23,Derrota,7,Si
5013,IA_dificil,20,Victoria,5,Si
5014,IA_facil,19,Victoria,5,Si
5014,IA_medio,18,Derrota,6,Si
5014,IA_dificil,17,Derrota,4,Si
5015,IA_facil,18,Derrota,4,Si
5015,IA_medio,20,Derrota,7,Si
5015,IA_dificil,21,Victoria,6,Si
5016,IA_facil,18,Empate,6,Si
5016,IA_medio,18,Empate,5,Si
5016,IA_dificil,17,Derrota,7,Si
5017,IA_facil,17,Derrota,5,Si
5017,IA_medio,17,Derrota,5,Si
5017,IA_dificil,18,Victoria,4,Si
5018,IA_facil,18,Empate,5,Si
5018,IA_medio,17,Derrota,4,Si
5018,IA_dificil,18,Empate,3,Si
5019,IA_facil,21,Victoria,5,Si
5019,IA_medio,20,Derrota,4,Si
5019,IA_dificil,18,Derrota,4,Si
5020,IA_facil,18,Derrota,6,Si
5020,IA_medio,17,Derrota,4,Si
5020,IA_dificil,20,Victoria,6,Si
5021,IA_facil,18,Derrota,6,Si
5021,IA_medio,22,Derrota,5,Si
5021,IA_dificil,19,Victoria,4,Si
5022,IA_facil,17,Derrota,4,Si
5022,IA_medio,20,Derrota,6,Si
5022,IA_dificil,21,Victoria,5,Si
5023,IA_facil,18,Derrota,5,Si
5023,IA_medio,20,Derrota,5,Si
5023,IA_dificil,21,Victoria,5,Si
5024,IA_facil,20,Derrota,6,Si
5024,IA_medio,21,Victoria,5,Si
5024,IA_dificil,20,Derrota,5,Si
5025,IA_facil,17,Derrota,5,Si
5025,IA_medio,18,Victoria,5,Si
5025,IA_dificil,17,Derrota,6,Si
5026,IA_facil,20,Victoria,5,Si
5026,IA_medio,18,Derrota,4,Si
5026,IA_dificil,22,Derrota,5,Si
5027,IA_facil,21,Victoria,5,Si
5027,IA_medio,19,Derrota,6,Si
5027,IA_dificil,20,Derrota,7,Si
5028,IA_facil,17,Derrota,4,Si
5028,IA_medio,20,Victoria,4,Si
5028,IA_dificil,17,Derrota,6,Si
5029,IA_facil,17,Derrota,4,Si
5029,IA_medio,20,Victoria,4,Si
5029,IA_dificil,23,Derrota,7,Si
5030,IA_facil,17,Derrota,4,Si
5030,IA_medio,19,Empate,7,Si
5030,IA_dificil,19,Empate,4,Si
5031,IA_facil,17,Empate,4,Si
5031,IA_medio,22,Derrota,6,Si
5031,IA_dificil,17,Empate,3,Si
5032,IA_facil,22,Derrota,4,Si
5032,IA_medio,18,Derrota,5,Si
5032,IA_dificil,19,Victoria,5,Si
5033,IA_facil,17,Derrota,4,Si
5033,IA_medio,21,Victoria,8,Si
5033,IA_dificil,23,Derrota,7,Si
5034,IA_facil,20,Victoria,5,Si
5034,IA_medio,23,Derrota,6,Si
5034,IA_dificil,17,Derrota,5,Si
5035,IA_facil,17,Derrota,5,Si
5035,IA_medio,21,Empate,5,Si
5035,IA_dificil,21,Empate,8,Si
5036,IA_facil,19,Victoria,5,Si
5036,IA_medio,24,Derrota,6,Si
5036,IA_dificil,22,Derrota,6,Si
5037,IA_facil,18,Derrota,6,Si
5037,IA_medio,17,Derrota,7,Si
5037,IA_dificil,21,Victoria,6,Si
5038,IA_facil,19,Derrota,5,Si
5038,IA_medio,17,Derrota,10,Si
5038,IA_dificil,21,Victoria,8,Si
5039,IA_facil,18,Derrota,4,Si
5039,IA_medio,21,Victoria,5,Si
5039,IA_dificil,19,Derrota,6,Si
5040,IA_facil,19,Derrota,6,Si
5040,IA_medio,19,Derrota,5,Si
5040,IA_dificil,20,Victoria,5,Si
5041,IA_facil,17,Derrota,4,Si
5041,IA_medio,19,Victoria,6,Si
5041,IA_dificil,18,Derrota,7,Si
5042,IA_facil,19,Empate,5,Si
5042,IA_medio,22,Derrota,6,Si
5042,IA_dificil,19,Empate,6,Si
5043,IA_facil,21,Victoria,4,Si
5043,IA_medio,23,Derrota,5,Si
5043,IA_dificil,20,Derrota,4,Si
5044,IA_facil,19,Victoria,6,Si
5044,IA_medio,17,Derrota,6,Si
5044,IA_dificil,17,Derrota,5,Si
5045,IA_facil,17,Derrota,4,Si
5045,IA_medio,21,Victoria,7,Si
5045,IA_dificil,17,Derrota,4,Si
5046,IA_facil,21,Victoria,5,Si
5046,IA_medio,17,Derrota,4,Si
5046,IA_dificil,17,Derrota,4,Si
5047,IA_facil,17,Empate,4,Si
5047,IA_medio,22,Derrota,6,Si
5047,IA_dificil,17,Empate,5,Si
5048,IA_facil,19,Derrota,5,Si
5048,IA_medio,20,Victoria,4,Si
5048,IA_dificil,17,Derrota,6,Si
5049,IA_facil,21,Victoria,7,Si
5049,IA_medio,19,Derrota,5,Si
5049,IA_dificil,17,Derrota,6,Si
5050,IA_facil,19,Victoria,5,Si
5050,IA_medio,18,Derrota,5,Si
5050,IA_dificil,18,Derrota,5,Si
5051,IA_facil,17,Derrota,4,Si
5051,IA_medio,19,Victoria,6,Si
5051,IA_dificil,18,Derrota,5,Si
5052,IA_facil,17,Derrota,7,Si
5052,IA_medio,19,Victoria,5,Si
5052,IA_dificil,18,Derrota,4,Si
5053,IA_facil,22,Derrota,8,Si
5053,IA_medio,20,Victoria,6,Si
5053,IA_dificil,19,Derrota,5,Si
5054,IA_facil,17,Derrota,4,Si
5054,IA_medio,20,Victoria,7,Si
5054,IA_dificil,17,Derrota,6,Si
5055,IA_facil,18,Derrota,6,Si
5055,IA_medio,20,Victoria,6,Si
5055,IA_dificil,17,Derrota,7,Si
5056,IA_facil,17,Derrota,6,Si
5056,IA_medio,21,Victoria,8,Si
5056,IA_dificil,17,Derrota,4,Si
5057,IA_facil,21,Victoria,6,Si
5057,IA_medio,22,Derrota,5,Si
5057,IA_dificil,23,Derrota,5,Si
5058,IA_facil,21,Victoria,6,Si
5058,IA_medio,22,Derrota,6,Si
5058,IA_dificil,24,Derrota,5,Si
5059,IA_facil,18,Victoria,6,Si
5059,IA_medio,22,Derrota,6,Si
5059,IA_dificil,17,Derrota,4,Si
5060,IA_facil,21,Victoria,5,Si
5060,IA_medio,19,Derrota,7,Si
5060,IA_dificil,18,Derrota,4,Si
5061,IA_facil,17,Derrota,5,Si
5061,IA_medio,20,Derrota,4,Si
5061,IA_dificil,21,Victoria,6,Si
5062,IA_facil,17,Derrota,5,Si
5062,IA_medio,21,Victoria,4,Si
5062,IA_dificil,20,Derrota,5,Si
5063,IA_facil,17,Derrota,5,Si
5063,IA_medio,17,Derrota,5,Si
5063,IA_dificil,20,Victoria,9,Si
5064,IA_facil,21,Victoria,5,Si
5064,IA_medio,17,Derrota,4,Si
5064,IA_dificil,17,Derrota,4,Si
5065,IA_facil,20,Derrota,6,Si
5065,IA_medio,21,Empate,5,Si
5065,IA_dificil,21,Empate,6,Si
5066,IA_facil,18,Victoria,5,Si
5066,IA_medio,17,Derrota,5,Si
5066,IA_dificil,17,Derrota,3,Si
5067,IA_facil,19,Derrota,6,Si
5067,IA_medio,19,Derrota,4,Si
5067,IA_dificil,21,Victoria,5,Si
5068,IA_facil,18,Derrota,4,Si
5068,IA_medio,19,Derrota,6,Si
5068,IA_dificil,20,Victoria,7,Si
5069,IA_facil,19,Derrota,4,Si
5069,IA_medio,21,Empate,4,Si
5069,IA_dificil,21,Empate,5,Si
5070,IA_facil,18,Derrota,7,Si
5070,IA_medio,20,Victoria,7,Si
5070,IA_dificil,22,Derrota,9,Si
5071,IA_facil,17,Derrota,6,Si
5071,IA_medio,18,Victoria,3,Si
5071,IA_dificil,22,Derrota,7,Si
5072,IA_facil,17,Empate,6,Si
5072,IA_medio,25,Derrota,8,Si
5072,IA_dificil,17,Empate,5,Si
5073,IA_facil,20,Empate,6,Si
5073,IA_medio,20,Empate,6,Si
5073,IA_dificil,18,Derrota,5,Si
5074,IA_facil,18,Derrota,6,Si
5074,IA_medio,21,Victoria,5,Si
5074,IA_dificil,22,Derrota,6,Si
5075,IA_facil,17,Derrota,5,Si
5075,IA_medio,22,Derrota,7,Si
5075,IA_dificil,18,Victoria,7,Si
5076,IA_facil,18,Derrota,5,Si
5076,IA_medio,20,Victoria,9,Si
5076,IA_dificil,24,Derrota,5,Si
5077,IA_facil,17,Derrota,6,Si
5077,IA_medio,21,Victoria,4,Si
5077,IA_dificil,23,Derrota,6,Si
5078,IA_facil,21,Victoria,6,Si
5078,IA_medio,18,Derrota,5,Si
5078,IA_dificil,19,Derrota,4,Si
5079,IA_facil,20,Victoria,6,Si
5079,IA_medio,18,Derrota,5,Si
5079,IA_dificil,17,Derrota,4,Si
5080,IA_facil,18,Derrota,4,Si
5080,IA_medio,25,Derrota,9,Si
5080,IA_dificil,20,Victoria,5,Si
5081,IA_facil,17,Derrota,8,Si
5081,IA_medio,24,Derrota,7,Si
5081,IA_dificil,19,Victoria,5,Si
5082,IA_facil,17,Derrota,5,Si
5082,IA_medio,18,Derrota,8,Si
5082,IA_dificil,20,Victoria,6,Si
5083,IA_facil,17,Empate,6,Si
5083,IA_medio,17,Empate,6,Si
5083,IA_dificil,17,Empate,5,Si
5084,IA_facil,20,Victoria,5,Si
5084,IA_medio,17,Derrota,5,Si
5084,IA_dificil,17,Derrota,7,Si
5085,IA_facil,17,Victoria,4,Si
5085,IA_medio,22,Derrota,6,Si
5085,IA_dificil,25,Derrota,6,Si
5086,IA_facil,17,Empate,6,Si
5086,IA_medio,17,Empate,5,Si
5086,IA_dificil,17,Empate,5,Si
5087,IA_facil,17,Derrota,4,Si
5087,IA_medio,23,Derrota,6,Si
5087,IA_dificil,21,Victoria,7,Si
5088,IA_facil,18,Derrota,4,Si
5088,IA_medio,20,Derrota,6,Si
5088,IA_dificil,21,Victoria,5,Si
5089,IA_facil,20,Empate,7,Si
5089,IA_medio,20,Empate,6,Si
5089,IA_dificil,23,Derrota,7,Si
5090,IA_facil,17,Empate,5,Si
5090,IA_medio,22,Derrota,7,Si
5090,IA_dificil,17,Empate,5,Si
5091,IA_facil,18,Derrota,5,Si
5091,IA_medio,23,Derrota,6,Si
5091,IA_dificil,20,Victoria,6,Si
5092,IA_facil,22,Derrota,5,Si
5092,IA_medio,23,Derrota,6,Si
5092,IA_dificil,20,Victoria,6,Si
5093,IA_facil,18,Victoria,7,Si
5093,IA_medio,24,Derrota,8,Si
5093,IA_dificil,23,Derrota,6,Si
5094,IA_facil,17,Derrota,5,Si
5094,IA_medio,18,Empate,6,Si
5094,IA_dificil,18,Empate,7,Si
5095,IA_facil,17,Derrota,4,Si
5095,IA_medio,22,Derrota,6,Si
5095,IA_dificil,20,Victoria,5,Si
5096,IA_facil,18,Victoria,8,Si
5096,IA_medio,24,Derrota,7,Si
5096,IA_dificil,17,Derrota,8,Si
5097,IA_facil,17,Derrota,6,Si
5097,IA_medio,20,Empate,12,Si
5097,IA_dificil,20,Empate,5,Si
5098,IA_facil,17,Derrota,8,Si
5098,IA_medio,20,Derrota,4,Si
5098,IA_dificil,21,Victoria,7,Si
5099,IA_facil,21,Victoria,6,Si
5099,IA_medio,25,Derrota,6,Si
5099,IA_dificil,18,Derrota,5,Si
5100,IA_facil,18,Empate,6,Si
5100,IA_medio,17,Derrota,7,Si
5100,IA_dificil,18,Empate,6,Si
5101,IA_facil,21,Empate,6,Si
5101,IA_medio,21,Empate,7,Si
5101,IA_dificil,21,Empate,7,Si
5102,IA_facil,19,Derrota,6,Si
5102,IA_medio,20,Victoria,8,Si
5102,IA_dificil,17,Derrota,7,Si
5103,IA_facil,19,Derrota,5,Si
5103,IA_medio,23,Derrota,6,Si
5103,IA_dificil,20,Victoria,6,Si
5104,IA_facil,19,Victoria,6,Si
5104,IA_medio,24,Derrota,8,Si
5104,IA_dificil,18,Derrota,3,Si
5105,IA_facil,17,Derrota,5,Si
5105,IA_medio,22,Derrota,5,Si
5105,IA_dificil,19,Victoria,5,Si
5106,IA_facil,19,Empate,5,Si
5106,IA_medio,19,Empate,6,Si
5106,IA_dificil,19,Empate,5,Si
5107,IA_facil,17,Derrota,4,Si
5107,IA_medio,22,Derrota,5,Si
5107,IA_dificil,21,Victoria,4,Si
5108,IA_facil,19,Victoria,4,Si
5108,IA_medio,23,Derrota,8,Si
5108,IA_dificil,22,Derrota,5,Si
5109,IA_facil,19,Derrota,5,Si
5109,IA_medio,17,Derrota,6,Si
5109,IA_dificil,21,Victoria,4,Si
5110,IA_facil,17,Derrota,5,Si
5110,IA_medio,19,Victoria,7,Si
5110,IA_dificil,17,Derrota,5,Si
5111,IA_facil,18,Derrota,7,Si
5111,IA_medio,20,Victoria,6,Si
5111,IA_dificil,19,Derrota,8,Si
5112,IA_facil,18,Derrota,5,Si
5112,IA_medio,19,Victoria,6,Si
5112,IA_dificil,17,Derrota,5,Si
5113,IA_facil,17,Derrota,5,Si
5113,IA_medio,21,Victoria,5,Si
5113,IA_dificil,17,Derrota,4,Si
5114,IA_facil,21,Victoria,6,Si
5114,IA_medio,22,Derrota,8,Si
5114,IA_dificil,17,Derrota,6,Si
5115,IA_facil,21,Victoria,5,Si
5115,IA_medio,18,Derrota,5,Si
5115,IA_dificil,23,Derrota,8,Si
5116,IA_facil,18,Derrota,4,Si
5116,IA_medio,21,Victoria,7,Si
5116,IA_dificil,17,Derrota,6,Si
5117,IA_facil,21,Victoria,9,Si
5117,IA_medio,17,Derrota,5,Si
5117,IA_dificil,22,Derrota,8,Si
5118,IA_facil,17,Derrota,4,Si
5118,IA_medio,20,Victoria,7,Si
5118,IA_dificil,23,Derrota,4,Si
5119,IA_facil,21,Victoria,4,Si
5119,IA_medio,20,Derrota,4,Si
5119,IA_dificil,20,Derrota,7,Si
5120,IA_facil,18,Derrota,5,Si
5120,IA_medio,21,Victoria,6,Si
5120,IA_dificil,20,Derrota,4,Si
5121,IA_facil,18,Derrota,5,Si
5121,IA_medio,21,Victoria,7,Si
5121,IA_dificil,19,Derrota,6,Si
5122,IA_facil,19,Empate,4,Si
5122,IA_medio,19,Empate,5,Si
5122,IA_dificil,18,Derrota,6,Si
5123,IA_facil,17,Derrota,5,Si
5123,IA_medio,19,Victoria,9,Si
5123,IA_dificil,17,Derrota,7,Si
5124,IA_facil,17,Derrota,4,Si
5124,IA_medio,17,Derrota,8,Si
5124,IA_dificil,19,Victoria,6,Si
5125,IA_facil,21,Empate,6,Si
5125,IA_medio,21,Empate,4,Si
5125,IA_dificil,22,Derrota,5,Si
5126,IA_facil,18,Derrota,4,Si
5126,IA_medio,22,Derrota,4,Si
5126,IA_dificil,20,Victoria,6,Si
5127,IA_facil,19,Derrota,5,Si
5127,IA_medio,20,Victoria,8,Si
5127,IA_dificil,19,Derrota,4,Si
5128,IA_facil,20,Victoria,5,Si
5128,IA_medio,22,Derrota,6,Si
5128,IA_dificil,22,Derrota,9,Si
5129,IA_facil,18,Derrota,5,Si
5129,IA_medio,17,Derrota,7,Si
5129,IA_dificil,21,Victoria,5,Si
5130,IA_facil,17,Derrota,4,Si
5130,IA_medio,20,Victoria,5,Si
5130,IA_dificil,17,Derrota,5,Si
5131,IA_facil,18,Empate,4,Si
5131,IA_medio,23,Derrota,5,Si
5131,IA_dificil,18,Empate,4,Si
5132,IA_facil,21,Empate,7,Si
5132,IA_medio,18,Derrota,4,Si
5132,IA_dificil,21,Empate,6,Si
5133,IA_facil,21,Empate,6,Si
5133,IA_medio,21,Empate,4,Si
5133,IA_dificil,18,Derrota,5,Si
5134,IA_facil,20,Empate,4,Si
5134,IA_medio,18,Derrota,5,Si
5134,IA_dificil,20,Empate,4,Si
5135,IA_facil,17,Derrota,4,Si
5135,IA_medio,17,Derrota,6,Si
5135,IA_dificil,20,Victoria,5,Si
5136,IA_facil,20,Victoria,6,Si
5136,IA_medio,23,Derrota,7,Si
5136,IA_dificil,19,Derrota,4,Si
5137,IA_facil,18,Derrota,6,Si
5137,IA_medio,21,Victoria,7,Si
5137,IA_dificil,20,Derrota,4,Si
5138,IA_facil,19,Derrota,5,Si
5138,IA_medio,21,Victoria,6,Si
5138,IA_dificil,19,Derrota,4,Si
5139,IA_facil,18,Derrota,4,Si
5139,IA_medio,21,Victoria,8,Si
5139,IA_dificil,19,Derrota,6,Si
5140,IA_facil,18,Empate,5,Si
5140,IA_medio,25,Derrota,7,Si
5140,IA_dificil,18,Empate,5,Si
5141,IA_facil,22,Derrota,5,Si
5141,IA_medio,20,Derrota,4,Si
5141,IA_dificil,21,Victoria,6,Si
5142,IA_facil,17,Derrota,7,Si
5142,IA_medio,18,Derrota,5,Si
5142,IA_dificil,19,Victoria,6,Si
5143,IA_facil,17,Empate,8,Si
5143,IA_medio,22,Derrota,6,Si
5143,IA_dificil,17,Empate,4,Si
5144,IA_facil,21,Victoria,6,Si
5144,IA_medio,18,Derrota,7,Si
5144,IA_dificil,20,Derrota,6,Si
5145,IA_facil,17,Derrota,4,Si
5145,IA_medio,18,Derrota,5,Si
5145,IA_dificil,21,Victoria,8,Si
5146,IA_facil,19,Victoria,4,Si
5146,IA_medio,18,Derrota,6,Si
5146,IA_dificil,17,Derrota,5,Si
5147,IA_facil,17,Derrota,5,Si
5147,IA_medio,17,Derrota,5,Si
5147,IA_dificil,21,Victoria,7,Si
5148,IA_facil,20,Victoria,8,Si
5148,IA_medio,25,Derrota,6,Si
5148,IA_dificil,23,Derrota,5,Si
5149,IA_facil,20,Derrota,6,Si
5149,IA_medio,21,Victoria,7,Si
5149,IA_dificil,18,Derrota,4,Si
5150,IA_facil,17,Derrota,7,Si
5150,IA_medio,19,Victoria,7,Si
5150,IA_dificil,22,Derrota,5,Si
5151,IA_facil,18,Derrota,5,Si
5151,IA_medio,19,Victoria,6,Si
5151,IA_dificil,17,Derrota,3,Si
5152,IA_facil,22,Derrota,7,Si
5152,IA_medio,20,Victoria,6,Si
5152,IA_dificil,22,Derrota,6,Si
5153,IA_facil,17,Derrota,5,Si
5153,IA_medio,20,Victoria,7,Si
5153,IA_dificil,17,Derrota,5,Si
5154,IA_facil,19,Empate,7,Si
5154,IA_medio,18,Derrota,4,Si
5154,IA_dificil,19,Empate,6,Si
5155,IA_facil,19,Victoria,5,Si
5155,IA_medio,18,Derrota,4,Si
5155,IA_dificil,22,Derrota,7,Si
5156,IA_facil,21,Victoria,5,Si
5156,IA_medio,18,Derrota,6,Si
5156,IA_dificil,17,Derrota,5,Si
5157,IA_facil,21,Victoria,4,Si
5157,IA_medio,18,Derrota,6,Si
5157,IA_dificil,22,Derrota,5,Si
5158,IA_facil,20,Empate,5,Si
5158,IA_medio,20,Empate,7,Si
5158,IA_dificil,17,Derrota,6,Si
5159,IA_facil,17,Derrota,5,Si
5159,IA_medio,20,Empate,8,Si
5159,IA_dificil,20,Empate,7,Si
5160,IA_facil,19,Derrota,6,Si
5160,IA_medio,20,Victoria,6,Si
5160,IA_dificil,24,Derrota,6,Si
5161,IA_facil,21,Victoria,7,Si
5161,IA_medio,19,Derrota,4,Si
5161,IA_dificil,20,Derrota,5,Si
5162,IA_facil,18,Empate,5,Si
5162,IA_medio,17,Derrota,7,Si
5162,IA_dificil,18,Empate,7,Si
5163,IA_facil,17,Derrota,5,Si
5163,IA_medio,20,Derrota,4,Si
5163,IA_dificil,21,Victoria,5,Si
5164,IA_facil,17,Derrota,6,Si
5164,IA_medio,20,Derrota,8,Si
5164,IA_dificil,21,Victoria,7,Si
5165,IA_facil,19,Derrota,7,Si
5165,IA_medio,21,Victoria,7,Si
5165,IA_dificil,18,Derrota,4,Si
5166,IA_facil,18,Derrota,7,Si
5166,IA_medio,22,Derrota,5,Si
5166,IA_dificil,20,Victoria,6,Si
5167,IA_facil,18,Empate,4,Si
5167,IA_medio,24,Derrota,7,Si
5167,IA_dificil,18,Empate,3,Si
5168,IA_facil,19,Empate,6,Si
5168,IA_medio,19,Empate,5,Si
5168,IA_dificil,17,Derrota,6,Si
5169,IA_facil,20,Derrota,6,Si
5169,IA_medio,23,Derrota,7,Si
5169,IA_dificil,21,Victoria,6,Si
5170,IA_facil,22,Derrota,5,Si
5170,IA_medio,20,Victoria,5,Si
5170,IA_dificil,19,Derrota,5,Si
5171,IA_facil,17,Derrota,4,Si
5171,IA_medio,19,Victoria,5,Si
5171,IA_dificil,22,Derrota,7,Si
5172,IA_facil,20,Empate,4,Si
5172,IA_medio,20,Empate,5,Si
5172,IA_dificil,20,Empate,6,Si
5173,IA_facil,18,Derrota,7,Si
5173,IA_medio,17,Derrota,6,Si
5173,IA_dificil,19,Victoria,6,Si
5174,IA_facil,21,Victoria,5,Si
5174,IA_medio,22,Derrota,7,Si
5174,IA_dificil,23,Derrota,6,Si
5175,IA_facil,19,Derrota,5,Si
5175,IA_medio,21,Victoria,7,Si
5175,IA_dificil,22,Derrota,7,Si
5176,IA_facil,19,Victoria,4,Si
5176,IA_medio,17,Derrota,4,Si
5176,IA_dificil,18,Derrota,7,Si
5177,IA_facil,18,Empate,5,Si
5177,IA_medio,17,Derrota,5,Si
5177,IA_dificil,18,Empate,6,Si
5178,IA_facil,19,Victoria,5,Si
5178,IA_medio,17,Derrota,6,Si
5178,IA_dificil,24,Derrota,6,Si
5179,IA_facil,20,Derrota,6,Si
5179,IA_medio,21,Victoria,8,Si
5179,IA_dificil,17,Derrota,5,Si
5180,IA_facil,17,Derrota,4,Si
5180,IA_medio,21,Victoria,6,Si
5180,IA_dificil,17,Derrota,5,Si
5181,IA_facil,21,Victoria,5,Si
5181,IA_medio,17,Derrota,5,Si
5181,IA_dificil,18,Derrota,7,Si
5182,IA_facil,21,Victoria,7,Si
5182,IA_medio,20,Derrota,4,Si
5182,IA_dificil,20,Derrota,6,Si
5183,IA_facil,21,Victoria,6,Si
5183,IA_medio,20,Derrota,5,Si
5183,IA_dificil,18,Derrota,5,Si
5184,IA_facil,18,Victoria,5,Si
5184,IA_medio,22,Derrota,5,Si
5184,IA_dificil,17,Derrota,4,Si
5185,IA_facil,20,Empate,6,Si
5185,IA_medio,20,Empate,5,Si
5185,IA_dificil,20,Empate,7,Si
5186,IA_facil,19,Victoria,5,Si
5186,IA_medio,22,Derrota,5,Si
5186,IA_dificil,17,Derrota,5,Si
5187,IA_facil,18,Derrota,5,Si
5187,IA_medio,17,Derrota,5,Si
5187,IA_dificil,19,Victoria,5,Si
5188,IA_facil,19,Victoria,5,Si
5188,IA_medio,17,Derrota,6,Si
5188,IA_dificil,22,Derrota,6,Si
5189,IA_facil,17,Derrota,4,Si
5189,IA_medio,22,Derrota,5,Si
5189,IA_dificil,18,Victoria,4,Si
5190,IA_facil,21,Victoria,5,Si
5190,IA_medio,25,Derrota,5,Si
5190,IA_dificil,19,Derrota,7,Si
5191,IA_facil,18,Derrota,5,Si
5191,IA_medio,21,Victoria,6,Si
5191,IA_dificil,20,Derrota,6,Si
5192,IA_facil,19,Empate,6,Si
5192,IA_medio,18,Derrota,7,Si
5192,IA_dificil,19,Empate,5,Si
5193,IA_facil,17,Derrota,5,Si
5193,IA_medio,18,Victoria,6,Si
5193,IA_dificil,17,Derrota,4,Si
5194,IA_facil,18,Derrota,8,Si
5194,IA_medio,20,Derrota,6,Si
5194,IA_dificil,21,Victoria,5,Si
5195,IA_facil,19,Derrota,5,Si
5195,IA_medio,21,Victoria,10,Si
5195,IA_dificil,18,Derrota,5,Si
5196,IA_facil,17,Derrota,5,Si
5196,IA_medio,20,Victoria,7,Si
5196,IA_dificil,18,Derrota,5,Si
5197,IA_facil,20,Derrota,5,Si
5197,IA_medio,21,Victoria,7,Si
5197,IA_dificil,18,Derrota,4,Si
5198,IA_facil,17,Derrota,6,Si
5198,IA_medio,19,Victoria,6,Si
5198,IA_dificil,18,Derrota,6,Si
5199,IA_facil,19,Derrota,6,Si
5199,IA_medio,20,Victoria,5,Si
5199,IA_dificil,18,Derrota,6,Si
5200,IA_facil,19,Empate,4,Si
5200,IA_medio,19,Empate,6,Si
5200,IA_dificil,23,Derrota,6,Si
5201,IA_facil,18,Derrota,6,Si
5201,IA_medio,19,Victoria,4,Si
5201,IA_dificil,22,Derrota,6,Si
5202,IA_facil,19,Empate,4,Si
5202,IA_medio,19,Empate,5,Si
5202,IA_dificil,18,Derrota,6,Si
5203,IA_facil,18,Derrota,5,Si
5203,IA_medio,17,Derrota,5,Si
5203,IA_dificil,19,Victoria,5,Si
5204,IA_facil,17,Derrota,6,Si
5204,IA_medio,22,Derrota,5,Si
5204,IA_dificil,18,Victoria,5,Si
5205,IA_facil,21,Victoria,4,Si
5205,IA_medio,20,Derrota,7,Si
5205,IA_dificil,22,Derrota,4,Si
5206,IA_facil,18,Derrota,6,Si
5206,IA_medio,20,Derrota,6,Si
5206,IA_dificil,21,Victoria,4,Si
5207,IA_facil,17,Derrota,5,Si
5207,IA_medio,19,Victoria,6,Si
5207,IA_dificil,17,Derrota,5,Si
5208,IA_facil,18,Derrota,7,Si
5208,IA_medio,20,Derrota,7,Si
5208,IA_dificil,21,Victoria,5,Si
5209,IA_facil,22,Derrota,6,Si
5209,IA_medio,24,Derrota,5,Si
5209,IA_dificil,24,Derrota,6,Si
5210,IA_facil,20,Victoria,5,Si
5210,IA_medio,19,Derrota,6,Si
5210,IA_dificil,19,Derrota,5,Si
5211,IA_facil,20,Empate,5,Si
5211,IA_medio,19,Derrota,5,Si
5211,IA_dificil,20,Empate,4,Si
5212,IA_facil,19,Derrota,7,Si
5212,IA_medio,20,Empate,7,Si
5212,IA_dificil,20,Empate,7,Si
5213,IA_facil,19,Victoria,5,Si
5213,IA_medio,17,Derrota,4,Si
5213,IA_dificil,17,Derrota,6,Si
5214,IA_facil,21,Empate,7,Si
5214,IA_medio,20,Derrota,6,Si
5214,IA_dificil,21,Empate,5,Si
5215,IA_facil,17,Derrota,5,Si
5215,IA_medio,21,Victoria,5,Si
5215,IA_dificil,18,Derrota,4,Si
5216,IA_facil,19,Derrota,6,Si
5216,IA_medio,21,Victoria,7,Si
5216,IA_dificil,18,Derrota,6,Si
5217,IA_facil,17,Derrota,5,Si
5217,IA_medio,20,Empate,5,Si
5217,IA_dificil,20,Empate,9,Si
5218,IA_facil,19,Derrota,5,Si
5218,IA_medio,21,Victoria,6,Si
5218,IA_dificil,19,Derrota,6,Si
5219,IA_facil,17,Derrota,5,Si
5219,IA_medio,17,Derrota,3,Si
5219,IA_dificil,21,Victoria,6,Si
5220,IA_facil,18,Derrota,4,Si
5220,IA_medio,24,Derrota,7,Si
5220,IA_dificil,21,Victoria,6,Si
5221,IA_facil,20,Victoria,6,Si
5221,IA_medio,18,Derrota,6,Si
5221,IA_dificil,18,Derrota,7,Si
5222,IA_facil,19,Victoria,4,Si
5222,IA_medio,23,Derrota,6,Si
5222,IA_dificil,25,Derrota,5,Si
5223,IA_facil,19,Derrota,4,Si
5223,IA_medio,18,Derrota,5,Si
5223,IA_dificil,20,Victoria,5,Si
5224,IA_facil,19,Victoria,5,Si
5224,IA_medio,17,Derrota,6,Si
5224,IA_dificil,17,Derrota,6,Si
5225,IA_facil,18,Derrota,6,Si
5225,IA_medio,20,Derrota,6,Si
5225,IA_dificil,21,Victoria,6,Si
5226,IA_facil,18,Victoria,6,Si
5226,IA_medio,24,Derrota,7,Si
5226,IA_dificil,22,Derrota,5,Si
5227,IA_facil,20,Derrota,5,Si
5227,IA_medio,18,Derrota,10,Si
5227,IA_dificil,21,Victoria,7,Si
5228,IA_facil,18,Victoria,5,Si
5228,IA_medio,22,Derrota,9,Si
5228,IA_dificil,24,Derrota,6,Si
5229,IA_facil,19,Derrota,7,Si
5229,IA_medio,21,Victoria,5,Si
5229,IA_dificil,18,Derrota,5,Si
5230,IA_facil,17,Empate,4,Si
5230,IA_medio,22,Derrota,5,Si
5230,IA_dificil,17,Empate,4,Si
5231,IA_facil,17,Derrota,4,Si
5231,IA_medio,20,Victoria,6,Si
5231,IA_dificil,18,Derrota,6,Si
5232,IA_facil,20,Empate,7,Si
5232,IA_medio,18,Derrota,4,Si
5232,IA_dificil,20,Empate,5,Si
5233,IA_facil,18,Derrota,6,Si
5233,IA_medio,20,Victoria,5,Si
5233,IA_dificil,19,Derrota,7,Si
5234,IA_facil,22,Derrota,6,Si
5234,IA_medio,17,Derrota,6,Si
5234,IA_dificil,21,Victoria,4,Si
5235,IA_facil,17,Derrota,5,Si
5235,IA_medio,20,Victoria,8,Si
5235,IA_dificil,25,Derrota,6,Si
5236,IA_facil,18,Derrota,4,Si
5236,IA_medio,19,Empate,5,Si
5236,IA_dificil,19,Empate,7,Si
5237,IA_facil,18,Derrota,7,Si
5237,IA_medio,17,Derrota,4,Si
5237,IA_dificil,21,Victoria,5,Si
5238,IA_facil,20,Derrota,5,Si
5238,IA_medio,21,Victoria,6,Si
5238,IA_dificil,20,Derrota,6,Si
5239,IA_facil,17,Derrota,5,Si
5239,IA_medio,20,Empate,5,Si
5239,IA_dificil,20,Empate,7,Si
5240,IA_facil,19,Empate,5,Si
5240,IA_medio,19,Empate,8,Si
5240,IA_dificil,19,Empate,5,Si
5241,IA_facil,17,Derrota,6,Si
5241,IA_medio,18,Victoria,6,Si
5241,IA_dificil,23,Derrota,7,Si
5242,IA_facil,21,Victoria,6,Si
5242,IA_medio,20,Derrota,5,Si
5242,IA_dificil,19,Derrota,4,Si
5243,IA_facil,17,Derrota,4,Si
5243,IA_medio,18,Derrota,5,Si
5243,IA_dificil,20,Victoria,5,Si
5244,IA_facil,17,Derrota,4,Si
5244,IA_medio,22,Derrota,6,Si
5244,IA_dificil,19,Victoria,6,Si
5245,IA_facil,21,Victoria,7,Si
5245,IA_medio,20,Derrota,6,Si
5245,IA_dificil,17,Derrota,6,Si
5246,IA_facil,18,Derrota,5,Si
5246,IA_medio,20,Victoria,6,Si
5246,IA_dificil,17,Derrota,5,Si
5247,IA_facil,17,Derrota,5,Si
5247,IA_medio,17,Derrota,4,Si
5247,IA_dificil,21,Victoria,5,Si
5248,IA_facil,21,Empate,8,Si
5248,IA_medio,21,Empate,7,Si
5248,IA_dificil,21,Empate,7,Si
5249,IA_facil,18,Derrota,5,Si
5249,IA_medio,25,Derrota,7,Si
5249,IA_dificil,19,Victoria,6,Si
5250,IA_facil,18,Victoria,4,Si
5250,IA_medio,17,Derrota,4,Si
5250,IA_dificil,23,Derrota,7,Si
5251,IA_facil,18,Derrota,5,Si
5251,IA_medio,18,Derrota,6,Si
5251,IA_dificil,19,Victoria,6,Si
5252,IA_facil,19,Derrota,6,Si
5252,IA_medio,20,Derrota,7,Si
5252,IA_dificil,21,Victoria,5,Si
5253,IA_facil,19,Victoria,6,Si
5253,IA_medio,22,Derrota,5,Si
5253,IA_dificil,22,Derrota,5,Si
5254,IA_facil,17,Derrota,4,Si
5254,IA_medio,18,Victoria,4,Si
5254,IA_dificil,17,Derrota,5,Si
5255,IA_facil,18,Derrota,5,Si
5255,IA_medio,21,Empate,5,Si
5255,IA_dificil,21,Empate,6,Si
5256,IA_facil,19,Derrota,5,Si
5256,IA_medio,23,Derrota,8,Si
5256,IA_dificil,20,Victoria,4,Si
5257,IA_facil,17,Empate,4,Si
5257,IA_medio,17,Empate,7,Si
5257,IA_dificil,24,Derrota,6,Si
5258,IA_facil,19,Victoria,6,Si
5258,IA_medio,23,Derrota,5,Si
5258,IA_dificil,17,Derrota,4,Si
5259,IA_facil,18,Victoria,4,Si
5259,IA_medio,22,Derrota,7,Si
5259,IA_dificil,22,Derrota,5,Si
5260,IA_facil,18,Derrota,6,Si
5260,IA_medio,20,Victoria,5,Si
5260,IA_dificil,22,Derrota,6,Si
5261,IA_facil,18,Derrota,6,Si
5261,IA_medio,23,Derrota,8,Si
5261,IA_dificil,19,Victoria,6,Si
5262,IA_facil,17,Derrota,8,Si
5262,IA_medio,25,Derrota,8,Si
5262,IA_dificil,19,Victoria,6,Si
5263,IA_facil,20,Derrota,4,Si
5263,IA_medio,21,Victoria,5,Si
5263,IA_dificil,18,Derrota,5,Si
5264,IA_facil,20,Derrota,8,Si
5264,IA_medio,18,Derrota,4,Si
5264,IA_dificil,21,Victoria,5,Si
5265,IA_facil,19,Derrota,5,Si
5265,IA_medio,20,Derrota,7,Si
5265,IA_dificil,21,Victoria,7,Si
5266,IA_facil,18,Derrota,6,Si
5266,IA_medio,19,Victoria,4,Si
5266,IA_dificil,17,Derrota,6,Si
5267,IA_facil,18,Derrota,5,Si
5267,IA_medio,17,Derrota,8,Si
5267,IA_dificil,20,Victoria,8,Si
5268,IA_facil,21,Empate,5,Si
5268,IA_medio,23,Derrota,6,Si
5268,IA_dificil,21,Empate,5,Si
5269,IA_facil,17,Derrota,3,Si
5269,IA_medio,19,Derrota,7,Si
5269,IA_dificil,21,Victoria,6,Si
5270,IA_facil,17,Derrota,6,Si
5270,IA_medio,24,Derrota,6,Si
5270,IA_dificil,19,Victoria,7,Si
5271,IA_facil,18,Derrota,5,Si
5271,IA_medio,20,Empate,4,Si
5271,IA_dificil,20,Empate,4,Si
5272,IA_facil,18,Derrota,5,Si
5272,IA_medio,20,Victoria,5,Si
5272,IA_dificil,22,Derrota,6,Si
5273,IA_facil,17,Empate,6,Si
5273,IA_medio,25,Derrota,5,Si
5273,IA_dificil,17,Empate,4,Si
5274,IA_facil,19,Derrota,6,Si
5274,IA_medio,21,Victoria,7,Si
5274,IA_dificil,20,Derrota,6,Si
5275,IA_facil,20,Empate,5,Si
5275,IA_medio,20,Empate,5,Si
5275,IA_dificil,17,Derrota,4,Si
5276,IA_facil,20,Derrota,5,Si
5276,IA_medio,21,Victoria,6,Si
5276,IA_dificil,17,Derrota,6,Si
5277,IA_facil,22,Derrota,6,Si
5277,IA_medio,17,Derrota,4,Si
5277,IA_dificil,20,Victoria,6,Si
5278,IA_facil,22,Derrota,4,Si
5278,IA_medio,20,Victoria,4,Si
5278,IA_dificil,17,Derrota,6,Si
5279,IA_facil,20,Victoria,6,Si
5279,IA_medio,18,Derrota,5,Si
5279,IA_dificil,18,Derrota,5,Si
5280,IA_facil,18,Derrota,8,Si
5280,IA_medio,20,Empate,4,Si
5280,IA_dificil,20,Empate,6,Si
5281,IA_facil,17,Empate,5,Si
5281,IA_medio,17,Empate,7,Si
5281,IA_dificil,22,Derrota,5,Si
5282,IA_facil,18,Derrota,6,Si
5282,IA_medio,23,Derrota,8,Si
5282,IA_dificil,21,Victoria,6,Si
5283,IA_facil,18,Derrota,5,Si
5283,IA_medio,19,Derrota,4,Si
5283,IA_dificil,20,Victoria,6,Si
5284,IA_facil,20,Victoria,6,Si
5284,IA_medio,18,Derrota,5,Si
5284,IA_dificil,19,Derrota,7,Si
5285,IA_facil,19,Derrota,4,Si
5285,IA_medio,20,Victoria,5,Si
5285,IA_dificil,22,Derrota,6,Si
5286,IA_facil,19,Victoria,5,Si
5286,IA_medio,22,Derrota,6,Si
5286,IA_dificil,18,Derrota,4,Si
5287,IA_facil,19,Derrota,7,Si
5287,IA_medio,19,Derrota,6,Si
5287,IA_dificil,21,Victoria,8,Si
5288,IA_facil,18,Derrota,4,Si
5288,IA_medio,21,Victoria,4,Si
5288,IA_dificil,20,Derrota,5,Si
5289,IA_facil,19,Derrota,4,Si
5289,IA_medio,20,Victoria,4,Si
5289,IA_dificil,22,Derrota,5,Si
5290,IA_facil,18,Derrota,5,Si
5290,IA_medio,22,Derrota,5,Si
5290,IA_dificil,21,Victoria,4,Si
5291,IA_facil,17,Derrota,7,Si
5291,IA_medio,22,Derrota,9,Si
5291,IA_dificil,18,Victoria,6,Si
5292,IA_facil,18,Derrota,6,Si
5292,IA_medio,20,Victoria,4,Si
5292,IA_dificil,18,Derrota,5,Si
5293,IA_facil,22,Derrota,6,Si
5293,IA_medio,24,Derrota,8,Si
5293,IA_dificil,17,Victoria,4,Si
5294,IA_facil,20,Victoria,5,Si
5294,IA_medio,18,Derrota,6,Si
5294,IA_dificil,22,Derrota,5,Si
5295,IA_facil,18,Victoria,7,Si
5295,IA_medio,17,Derrota,5,Si
5295,IA_dificil,22,Derrota,7,Si
5296,IA_facil,22,Derrota,9,Si
5296,IA_medio,19,Derrota,6,Si
5296,IA_dificil,20,Victoria,8,Si
5297,IA_facil,17,Derrota,5,Si
5297,IA_medio,20,Empate,5,Si
5297,IA_dificil,20,Empate,5,Si
5298,IA_facil,17,Empate,4,Si
5298,IA_medio,22,Derrota,5,Si
5298,IA_dificil,17,Empate,5,Si
5299,IA_facil,18,Victoria,4,Si
5299,IA_medio,17,Derrota,6,Si
5299,IA_dificil,17,Derrota,4,Si
5300,IA_facil,20,Empate,6,Si
5300,IA_medio,18,Derrota,8,Si
5300,IA_dificil,20,Empate,5,Si
5301,IA_facil,19,Derrota,4,Si
5301,IA_medio,22,Derrota,9,Si
5301,IA_dificil,21,Victoria,5,Si
5302,IA_facil,19,Derrota,4,Si
5302,IA_medio,20,Victoria,6,Si
5302,IA_dificil,17,Derrota,6,Si
5303,IA_facil,21,Victoria,5,Si
5303,IA_medio,18,Derrota,5,Si
5303,IA_dificil,19,Derrota,7,Si
5304,IA_facil,20,Victoria,4,Si
5304,IA_medio,18,Derrota,5,Si
5304,IA_dificil,17,Derrota,5,Si
5305,IA_facil,18,Derrota,5,Si
5305,IA_medio,19,Victoria,4,Si
5305,IA_dificil,18,Derrota,4,Si
5306,IA_facil,17,Empate,7,Si
5306,IA_medio,17,Empate,4,Si
5306,IA_dificil,22,Derrota,5,Si
5307,IA_facil,20,Derrota,5,Si
5307,IA_medio,21,Victoria,4,Si
5307,IA_dificil,20,Derrota,6,Si
5308,IA_facil,17,Derrota,5,Si
5308,IA_medio,20,Victoria,4,Si
5308,IA_dificil,18,Derrota,5,Si
5309,IA_facil,20,Derrota,5,Si
5309,IA_medio,21,Victoria,5,Si
5309,IA_dificil,20,Derrota,6,Si
5310,IA_facil,17,Derrota,3,Si
5310,IA_medio,20,Victoria,6,Si
5310,IA_dificil,25,Derrota,7,Si
5311,IA_facil,17,Derrota,4,Si
5311,IA_medio,22,Derrota,5,Si
5311,IA_dificil,21,Victoria,5,Si
5312,IA_facil,19,Derrota,6,Si
5312,IA_medio,20,Empate,4,Si
5312,IA_dificil,20,Empate,4,Si
5313,IA_facil,21,Empate,4,Si
5313,IA_medio,21,Empate,6,Si
5313,IA_dificil,17,Derrota,7,Si
5314,IA_facil,22,Derrota,6,Si
5314,IA_medio,23,Derrota,6,Si
5314,IA_dificil,19,Victoria,6,Si
5315,IA_facil,18,Derrota,5,Si
5315,IA_medio,21,Victoria,7,Si
5315,IA_dificil,18,Derrota,6,Si
5316,IA_facil,17,Empate,4,Si
5316,IA_medio,23,Derrota,5,Si
5316,IA_dificil,17,Empate,5,Si
5317,IA_facil,18,Empate,5,Si
5317,IA_medio,18,Empate,5,Si
5317,IA_dificil,17,Derrota,5,Si
5318,IA_facil,17,Empate,7,Si
5318,IA_medio,17,Empate,3,Si
5318,IA_dificil,25,Derrota,7,Si
5319,IA_facil,20,Victoria,5,Si
5319,IA_medio,18,Derrota,5,Si
5319,IA_dificil,19,Derrota,5,Si
5320,IA_facil,21,Victoria,5,Si
5320,IA_medio,19,Derrota,5,Si
5320,IA_dificil,22,Derrota,5,Si
5321,IA_facil,17,Derrota,6,Si
5321,IA_medio,22,Derrota,6,Si
5321,IA_dificil,18,Victoria,3,Si
5322,IA_facil,19,Victoria,4,Si
5322,IA_medio,17,Derrota,5,Si
5322,IA_dificil,18,Derrota,6,Si
5323,IA_facil,17,Derrota,5,Si
5323,IA_medio,18,Victoria,7,Si
5323,IA_dificil,17,Derrota,4,Si
5324,IA_facil,19,Derrota,5,Si
5324,IA_medio,22,Derrota,7,Si
5324,IA_dificil,21,Victoria,7,Si
5325,IA_facil,18,Derrota,4,Si
5325,IA_medio,21,Victoria,6,Si
5325,IA_dificil,25,Derrota,10,Si
5326,IA_facil,17,Derrota,5,Si
5326,IA_medio,18,Victoria,4,Si
5326,IA_dificil,23,Derrota,5,Si
5327,IA_facil,21,Victoria,5,Si
5327,IA_medio,19,Derrota,6,Si
5327,IA_dificil,18,Derrota,7,Si
5328,IA_facil,22,Derrota,8,Si
5328,IA_medio,22,Derrota,5,Si
5328,IA_dificil,18,Victoria,5,Si
5329,IA_facil,18,Derrota,4,Si
5329,IA_medio,19,Victoria,5,Si
5329,IA_dificil,22,Derrota,6,Si
5330,IA_facil,19,Victoria,5,Si
5330,IA_medio,22,Derrota,5,Si
5330,IA_dificil,18,Derrota,6,Si
5331,IA_facil,17,Victoria,4,Si
5331,IA_medio,22,Derrota,7,Si
5331,IA_dificil,22,Derrota,8,Si
5332,IA_facil,17,Derrota,5,Si
5332,IA_medio,20,Victoria,7,Si
5332,IA_dificil,17,Derrota,7,Si
5333,IA_facil,19,Derrota,8,Si
5333,IA_medio,21,Victoria,6,Si
5333,IA_dificil,20,Derrota,5,Si
5334,IA_facil,21,Victoria,7,Si
5334,IA_medio,17,Derrota,5,Si
5334,IA_dificil,20,Derrota,5,Si
5335,IA_facil,17,Derrota,6,Si
5335,IA_medio,23,Derrota,6,Si
5335,IA_dificil,18,Victoria,5,Si
5336,IA_facil,17,Derrota,6,Si
5336,IA_medio,19,Victoria,4,Si
5336,IA_dificil,17,Derrota,5,Si
5337,IA_facil,19,Victoria,4,Si
5337,IA_medio,17,Derrota,4,Si
5337,IA_dificil,17,Derrota,6,Si
5338,IA_facil,18,Empate,5,Si
5338,IA_medio,23,Derrota,6,Si
5338,IA_dificil,18,Empate,6,Si
5339,IA_facil,18,Derrota,6,Si
5339,IA_medio,24,Derrota,6,Si
5339,IA_dificil,21,Victoria,5,Si
5340,IA_facil,20,Victoria,6,Si
5340,IA_medio,17,Derrota,5,Si
5340,IA_dificil,18,Derrota,9,Si
5341,IA_facil,18,Victoria,6,Si
5341,IA_medio,17,Derrota,5,Si
5341,IA_dificil,22,Derrota,5,Si
5342,IA_facil,18,Empate,6,Si
5342,IA_medio,17,Derrota,7,Si
5342,IA_dificil,18,Empate,5,Si
5343,IA_facil,17,Empate,5,Si
5343,IA_medio,17,Empate,4,Si
5343,IA_dificil,22,Derrota,8,Si
5344,IA_facil,20,Derrota,7,Si
5344,IA_medio,18,Derrota,5,Si
5344,IA_dificil,21,Victoria,6,Si
5345,IA_facil,18,Derrota,6,Si
5345,IA_medio,21,Victoria,8,Si
5345,IA_dificil,17,Derrota,4,Si
5346,IA_facil,19,Derrota,5,Si
5346,IA_medio,20,Empate,6,Si
5346,IA_dificil,20,Empate,5,Si
5347,IA_facil,17,Derrota,4,Si
5347,IA_medio,18,Derrota,4,Si
5347,IA_dificil,21,Victoria,5,Si
5348,IA_facil,21,Victoria,4,Si
5348,IA_medio,22,Derrota,5,Si
5348,IA_dificil,17,Derrota,5,Si
5349,IA_facil,18,Derrota,4,Si
5349,IA_medio,22,Derrota,5,Si
5349,IA_dificil,20,Victoria,5,Si
5350,IA_facil,21,Empate,5,Si
5350,IA_medio,22,Derrota,6,Si
5350,IA_dificil,21,Empate,6,Si
5351,IA_facil,19,Derrota,4,Si
5351,IA_medio,20,Victoria,6,Si
5351,IA_dificil,18,Derrota,5,Si
5352,IA_facil,18,Empate,4,Si
5352,IA_medio,22,Derrota,5,Si
5352,IA_dificil,18,Empate,5,Si
5353,IA_facil,22,Derrota,7,Si
5353,IA_medio,20,Victoria,6,Si
5353,IA_dificil,22,Derrota,7,Si
5354,IA_facil,17,Derrota,4,Si
5354,IA_medio,19,Victoria,7,Si
5354,IA_dificil,17,Derrota,4,Si
5355,IA_facil,18,Derrota,5,Si
5355,IA_medio,21,Victoria,7,Si
5355,IA_dificil,18,Derrota,7,Si
5356,IA_facil,22,Derrota,6,Si
5356,IA_medio,17,Derrota,7,Si
5356,IA_dificil,19,Victoria,6,Si
5357,IA_facil,17,Derrota,6,Si
5357,IA_medio,20,Victoria,6,Si
5357,IA_dificil,18,Derrota,5,Si
5358,IA_facil,18,Derrota,4,Si
5358,IA_medio,20,Empate,7,Si
5358,IA_dificil,20,Empate,5,Si
5359,IA_facil,21,Victoria,7,Si
5359,IA_medio,22,Derrota,8,Si
5359,IA_dificil,19,Derrota,4,Si
5360,IA_facil,21,Empate,6,Si
5360,IA_medio,17,Derrota,5,Si
5360,IA_dificil,21,Empate,7,Si
5361,IA_facil,20,Empate,7,Si
5361,IA_medio,20,Empate,6,Si
5361,IA_dificil,22,Derrota,7,Si
5362,IA_facil,18,Derrota,4,Si
5362,IA_medio,23,Derrota,5,Si
5362,IA_dificil,19,Victoria,7,Si
5363,IA_facil,19,Derrota,4,Si
5363,IA_medio,20,Victoria,7,Si
5363,IA_dificil,19,Derrota,7,Si
5364,IA_facil,17,Derrota,4,Si
5364,IA_medio,19,Victoria,5,Si
5364,IA_dificil,22,Derrota,7,Si
5365,IA_facil,17,Derrota,4,Si
5365,IA_medio,21,Empate,5,Si
5365,IA_dificil,21,Empate,4,Si
5366,IA_facil,18,Derrota,4,Si
5366,IA_medio,19,Victoria,6,Si
5366,IA_dificil,23,Derrota,7,Si
5367,IA_facil,18,Derrota,6,Si
5367,IA_medio,22,Derrota,6,Si
5367,IA_dificil,21,Victoria,7,Si
5368,IA_facil,18,Victoria,6,Si
5368,IA_medio,17,Derrota,4,Si
5368,IA_dificil,23,Derrota,7,Si
5369,IA_facil,18,Derrota,6,Si
5369,IA_medio,20,Victoria,5,Si
5369,IA_dificil,22,Derrota,7,Si
5370,IA_facil,19,Derrota,6,Si
5370,IA_medio,18,Derrota,7,Si
5370,IA_dificil,21,Victoria,5,Si
5371,IA_facil,17,Derrota,6,Si
5371,IA_medio,21,Victoria,4,Si
5371,IA_dificil,18,Derrota,6,Si
5372,IA_facil,20,Derrota,5,Si
5372,IA_medio,20,Derrota,8,Si
5372,IA_dificil,21,Victoria,7,Si
5373,IA_facil,19,Victoria,6,Si
5373,IA_medio,22,Derrota,5,Si
5373,IA_dificil,18,Derrota,5,Si
5374,IA_facil,18,Derrota,6,Si
5374,IA_medio,19,Victoria,6,Si
5374,IA_dificil,23,Derrota,8,Si
5375,IA_facil,22,Derrota,7,Si
5375,IA_medio,17,Derrota,6,Si
5375,IA_dificil,19,Victoria,6,Si
5376,IA_facil,19,Victoria,5,Si
5376,IA_medio,17,Derrota,4,Si
5376,IA_dificil,24,Derrota,6,Si
5377,IA_facil,18,Derrota,6,Si
5377,IA_medio,20,Victoria,6,Si
5377,IA_dificil,19,Derrota,5,Si
5378,IA_facil,17,Derrota,4,Si
5378,IA_medio,20,Victoria,5,Si
5378,IA_dificil,22,Derrota,4,Si
5379,IA_facil,19,Derrota,6,Si
5379,IA_medio,21,Victoria,4,Si
5379,IA_dificil,19,Derrota,6,Si
5380,IA_facil,21,Empate,5,Si
5380,IA_medio,22,Derrota,8,Si
5380,IA_dificil,21,Empate,6,Si
5381,IA_facil,17,Derrota,4,Si
5381,IA_medio,17,Derrota,6,Si
5381,IA_dificil,19,Victoria,5,Si
5382,IA_facil,17,Derrota,5,Si
5382,IA_medio,19,Empate,6,Si
5382,IA_dificil,19,Empate,4,Si
5383,IA_facil,17,Derrota,7,Si
5383,IA_medio,19,Derrota,6,Si
5383,IA_dificil,20,Victoria,6,Si
5384,IA_facil,18,Derrota,6,Si
5384,IA_medio,22,Derrota,6,Si
5384,IA_dificil,19,Victoria,4,Si
5385,IA_facil,20,Victoria,5,Si
5385,IA_medio,19,Derrota,4,Si
5385,IA_dificil,23,Derrota,6,Si
5386,IA_facil,21,Victoria,5,Si
5386,IA_medio,22,Derrota,5,Si
5386,IA_dificil,23,Derrota,7,Si
5387,IA_facil,17,Derrota,5,Si
5387,IA_medio,20,Victoria,6,Si
5387,IA_dificil,23,Derrota,6,Si
5388,IA_facil,18,Victoria,4,Si
5388,IA_medio,22,Derrota,6,Si
5388,IA_dificil,17,Derrota,5,Si
5389,IA_facil,18,Victoria,5,Si
5389,IA_medio,17,Derrota,7,Si
5389,IA_dificil,23,Derrota,8,Si
5390,IA_facil,18,Derrota,5,Si
5390,IA_medio,18,Derrota,4,Si
5390,IA_dificil,20,Victoria,5,Si
5391,IA_facil,21,Victoria,5,Si
5391,IA_medio,20,Derrota,5,Si
5391,IA_dificil,20,Derrota,5,Si
5392,IA_facil,22,Derrota,5,Si
5392,IA_medio,18,Derrota,6,Si
5392,IA_dificil,20,Victoria,5,Si
5393,IA_facil,17,Derrota,5,Si
5393,IA_medio,22,Derrota,6,Si
5393,IA_dificil,20,Victoria,5,Si
5394,IA_facil,17,Victoria,5,Si
5394,IA_medio,22,Derrota,8,Si
5394,IA_dificil,23,Derrota,6,Si
5395,IA_facil,20,Victoria,6,Si
5395,IA_medio,22,Derrota,6,Si
5395,IA_dificil,23,Derrota,5,Si
5396,IA_facil,20,Empate,5,Si
5396,IA_medio,20,Empate,5,Si
5396,IA_dificil,18,Derrota,4,Si
5397,IA_facil,20,Victoria,5,Si
5397,IA_medio,23,Derrota,5,Si
5397,IA_dificil,17,Derrota,4,Si
5398,IA_facil,18,Empate,4,Si
5398,IA_medio,17,Derrota,5,Si
5398,IA_dificil,18,Empate,5,Si
5399,IA_facil,18,Victoria,4,Si
5399,IA_medio,24,Derrota,7,Si
5399,IA_dificil,17,Derrota,7,Si
5400,IA_facil,18,Derrota,5,Si
5400,IA_medio,17,Derrota,6,Si
5400,IA_dificil,21,Victoria,6,Si
5401,IA_facil,20,Victoria,6,Si
5401,IA_medio,17,Derrota,4,Si
5401,IA_dificil,19,Derrota,5,Si
5402,IA_facil,20,Derrota,4,Si
5402,IA_medio,21,Victoria,5,Si
5402,IA_dificil,17,Derrota,7,Si
5403,IA_facil,17,Derrota,4,Si
5403,IA_medio,18,Victoria,5,Si
5403,IA_dificil,17,Derrota,7,Si
5404,IA_facil,20,Empate,6,Si
5404,IA_medio,20,Empate,4,Si
5404,IA_dificil,22,Derrota,6,Si
5405,IA_facil,20,Empate,5,Si
5405,IA_medio,20,Empate,5,Si
5405,IA_dificil,20,Empate,6,Si
5406,IA_facil,18,Derrota,6,Si
5406,IA_medio,21,Victoria,6,Si
5406,IA_dificil,20,Derrota,6,Si
5407,IA_facil,20,Victoria,5,Si
5407,IA_medio,17,Derrota,6,Si
5407,IA_dificil,18,Derrota,5,Si
5408,IA_facil,17,Derrota,6,Si
5408,IA_medio,25,Derrota,5,Si
5408,IA_dificil,20,Victoria,5,Si
5409,IA_facil,21,Empate,7,Si
5409,IA_medio,17,Derrota,7,Si
5409,IA_dificil,21,Empate,5,Si
5410,IA_facil,17,Empate,7,Si
5410,IA_medio,17,Empate,6,Si
5410,IA_dificil,22,Derrota,6,Si
5411,IA_facil,17,Derrota,6,Si
5411,IA_medio,20,Victoria,6,Si
5411,IA_dificil,18,Derrota,5,Si
5412,IA_facil,17,Derrota,5,Si
5412,IA_medio,19,Victoria,8,Si
5412,IA_dificil,18,Derrota,4,Si
5413,IA_facil,20,Victoria,5,Si
5413,IA_medio,19,Derrota,5,Si
5413,IA_dificil,17,Derrota,6,Si
5414,IA_facil,19,Derrota,5,Si
5414,IA_medio,21,Empate,6,Si
5414,IA_dificil,21,Empate,6,Si
5415,IA_facil,21,Victoria,4,Si
5415,IA_medio,17,Derrota,6,Si
5415,IA_dificil,19,Derrota,7,Si
5416,IA_facil,19,Victoria,4,Si
5416,IA_medio,17,Derrota,6,Si
5416,IA_dificil,25,Derrota,8,Si
5417,IA_facil,19,Derrota,4,Si
5417,IA_medio,21,Victoria,4,Si
5417,IA_dificil,20,Derrota,5,Si
5418,IA_facil,19,Derrota,5,Si
5418,IA_medio,22,Derrota,7,Si
5418,IA_dificil,21,Victoria,6,Si
5419,IA_facil,17,Derrota,4,Si
5419,IA_medio,19,Derrota,5,Si
5419,IA_dificil,21,Victoria,6,Si
5420,IA_facil,18,Derrota,4,Si
5420,IA_medio,21,Victoria,6,Si
5420,IA_dificil,19,Derrota,5,Si
5421,IA_facil,21,Victoria,7,Si
5421,IA_medio,20,Derrota,6,Si
5421,IA_dificil,19,Derrota,5,Si
5422,IA_facil,17,Derrota,5,Si
5422,IA_medio,23,Derrota,6,Si
5422,IA_dificil,20,Victoria,6,Si
5423,IA_facil,17,Derrota,5,Si
5423,IA_medio,22,Derrota,6,Si
5423,IA_dificil,21,Victoria,6,Si
5424,IA_facil,19,Derrota,6,Si
5424,IA_medio,21,Victoria,7,Si
5424,IA_dificil,20,Derrota,6,Si
5425,IA_facil,17,Derrota,5,Si
5425,IA_medio,21,Victoria,6,Si
5425,IA_dificil,17,Derrota,6,Si
5426,IA_facil,18,Victoria,6,Si
5426,IA_medio,25,Derrota,6,Si
5426,IA_dificil,17,Derrota,7,Si
5427,IA_facil,21,Victoria,7,Si
5427,IA_medio,18,Derrota,6,Si
5427,IA_dificil,20,Derrota,9,Si
5428,IA_facil,20,Victoria,6,Si
5428,IA_medio,24,Derrota,8,Si
5428,IA_dificil,18,Derrota,5,Si
5429,IA_facil,22,Derrota,4,Si
5429,IA_medio,21,Victoria,5,Si
5429,IA_dificil,19,Derrota,8,Si
5430,IA_facil,20,Victoria,6,Si
5430,IA_medio,24,Derrota,7,Si
5430,IA_dificil,19,Derrota,6,Si
5431,IA_facil,17,Derrota,5,Si
5431,IA_medio,21,Victoria,6,Si
5431,IA_dificil,20,Derrota,4,Si
5432,IA_facil,17,Empate,5,Si
5432,IA_medio,17,Empate,5,Si
5432,IA_dificil,17,Empate,7,Si
5433,IA_facil,17,Derrota,6,Si
5433,IA_medio,21,Victoria,6,Si
5433,IA_dificil,19,Derrota,5,Si
5434,IA_facil,21,Victoria,6,Si
5434,IA_medio,23,Derrota,6,Si
5434,IA_dificil,18,Derrota,7,Si
5435,IA_facil,17,Derrota,4,Si
5435,IA_medio,20,Empate,7,Si
5435,IA_dificil,20,Empate,6,Si
5436,IA_facil,20,Empate,5,Si
5436,IA_medio,19,Derrota,6,Si
5436,IA_dificil,20,Empate,7,Si
5437,IA_facil,17,Derrota,6,Si
5437,IA_medio,21,Victoria,5,Si
5437,IA_dificil,20,Derrota,7,Si
5438,IA_facil,18,Derrota,4,Si
5438,IA_medio,20,Derrota,5,Si
5438,IA_dificil,21,Victoria,6,Si
5439,IA_facil,19,Victoria,7,Si
5439,IA_medio,22,Derrota,5,Si
5439,IA_dificil,17,Derrota,4,Si
5440,IA_facil,18,Empate,5,Si
5440,IA_medio,18,Empate,4,Si
5440,IA_dificil,18,Empate,4,Si
5441,IA_facil,17,Empate,6,Si
5441,IA_medio,23,Derrota,6,Si
5441,IA_dificil,17,Empate,6,Si
5442,IA_facil,18,Derrota,5,Si
5442,IA_medio,20,Victoria,6,Si
5442,IA_dificil,19,Derrota,7,Si
5443,IA_facil,18,Derrota,5,Si
5443,IA_medio,17,Derrota,6,Si
5443,IA_dificil,19,Victoria,5,Si
5444,IA_facil,19,Derrota,5,Si
5444,IA_medio,21,Victoria,4,Si
5444,IA_dificil,20,Derrota,8,Si
5445,IA_facil,17,Empate,5,Si
5445,IA_medio,23,Derrota,7,Si
5445,IA_dificil,17,Empate,4,Si
5446,IA_facil,20,Empate,4,Si
5446,IA_medio,20,Empate,6,Si
5446,IA_dificil,17,Derrota,6,Si
5447,IA_facil,18,Derrota,7,Si
5447,IA_medio,19,Derrota,7,Si
5447,IA_dificil,21,Victoria,7,Si
5448,IA_facil,17,Derrota,5,Si
5448,IA_medio,17,Derrota,5,Si
5448,IA_dificil,21,Victoria,4,Si
5449,IA_facil,20,Derrota,5,Si
5449,IA_medio,17,Derrota,5,Si
5449,IA_dificil,21,Victoria,6,Si
5450,IA_facil,19,Derrota,5,Si
5450,IA_medio,21,Empate,5,Si
5450,IA_dificil,21,Empate,4,Si
5451,IA_facil,21,Empate,5,Si
5451,IA_medio,17,Derrota,5,Si
5451,IA_dificil,21,Empate,5,Si
5452,IA_facil,17,Derrota,5,Si
5452,IA_medio,24,Derrota,5,Si
5452,IA_dificil,18,Victoria,4,Si
5453,IA_facil,20,Victoria,4,Si
5453,IA_medio,23,Derrota,8,Si
5453,IA_dificil,22,Derrota,5,Si
5454,IA_facil,17,Derrota,5,Si
5454,IA_medio,17,Derrota,5,Si
5454,IA_dificil,20,Victoria,5,Si
5455,IA_facil,17,Derrota,4,Si
5455,IA_medio,20,Victoria,4,Si
5455,IA_dificil,22,Derrota,6,Si
5456,IA_facil,17,Derrota,4,Si
5456,IA_medio,17,Derrota,5,Si
5456,IA_dificil,18,Victoria,7,Si
5457,IA_facil,21,Victoria,6,Si
5457,IA_medio,20,Derrota,5,Si
5457,IA_dificil,17,Derrota,3,Si
5458,IA_facil,18,Derrota,4,Si
5458,IA_medio,21,Victoria,5,Si
5458,IA_dificil,17,Derrota,5,Si
5459,IA_facil,22,Derrota,6,Si
5459,IA_medio,17,Empate,6,Si
5459,IA_dificil,17,Empate,4,Si
5460,IA_facil,19,Derrota,6,Si
5460,IA_medio,20,Empate,5,Si
5460,IA_dificil,20,Empate,6,Si
5461,IA_facil,21,Empate,7,Si
5461,IA_medio,21,Empate,6,Si
5461,IA_dificil,19,Derrota,4,Si
5462,IA_facil,17,Derrota,7,Si
5462,IA_medio,18,Derrota,5,Si
5462,IA_dificil,20,Victoria,6,Si
5463,IA_facil,17,Derrota,4,Si
5463,IA_medio,21,Victoria,5,Si
5463,IA_dificil,17,Derrota,6,Si
5464,IA_facil,20,Victoria,6,Si
5464,IA_medio,23,Derrota,7,Si
5464,IA_dificil,17,Derrota,6,Si
5465,IA_facil,17,Derrota,4,Si
5465,IA_medio,17,Derrota,5,Si
5465,IA_dificil,19,Victoria,5,Si
5466,IA_facil,18,Derrota,6,Si
5466,IA_medio,17,Derrota,6,Si
5466,IA_dificil,20,Victoria,6,Si
5467,IA_facil,17,Derrota,4,Si
5467,IA_medio,18,Victoria,6,Si
5467,IA_dificil,22,Derrota,5,Si
5468,IA_facil,19,Derrota,5,Si
5468,IA_medio,20,Victoria,5,Si
5468,IA_dificil,22,Derrota,6,Si
5469,IA_facil,21,Victoria,4,Si
5469,IA_medio,17,Derrota,4,Si
5469,IA_dificil,24,Derrota,5,Si
5470,IA_facil,19,Derrota,6,Si
5470,IA_medio,23,Derrota,7,Si
5470,IA_dificil,20,Victoria,5,Si
5471,IA_facil,17,Derrota,5,Si
5471,IA_medio,20,Victoria,6,Si
5471,IA_dificil,24,Derrota,8,Si
5472,IA_facil,17,Derrota,5,Si
5472,IA_medio,19,Derrota,6,Si
5472,IA_dificil,20,Victoria,4,Si
5473,IA_facil,20,Empate,5,Si
5473,IA_medio,22,Derrota,5,Si
5473,IA_dificil,20,Empate,4,Si
5474,IA_facil,18,Derrota,4,Si
5474,IA_medio,22,Derrota,5,Si
5474,IA_dificil,21,Victoria,5,Si
5475,IA_facil,22,Derrota,6,Si
5475,IA_medio,19,Empate,7,Si
5475,IA_dificil,19,Empate,6,Si
5476,IA_facil,17,Derrota,6,Si
5476,IA_medio,17,Derrota,5,Si
5476,IA_dificil,18,Victoria,4,Si
5477,IA_facil,17,Derrota,5,Si
5477,IA_medio,20,Victoria,4,Si
5477,IA_dificil,18,Derrota,4,Si
5478,IA_facil,18,Derrota,4,Si
5478,IA_medio,17,Derrota,4,Si
5478,IA_dificil,20,Victoria,5,Si
5479,IA_facil,19,Derrota,6,Si
5479,IA_medio,20,Empate,5,Si
5479,IA_dificil,20,Empate,7,Si
5480,IA_facil,18,Derrota,5,Si
5480,IA_medio,19,Victoria,4,Si
5480,IA_dificil,18,Derrota,6,Si
5481,IA_facil,19,Derrota,4,Si
5481,IA_medio,18,Derrota,9,Si
5481,IA_dificil,20,Victoria,7,Si
5482,IA_facil,18,Derrota,7,Si
5482,IA_medio,18,Derrota,4,Si
5482,IA_dificil,19,Victoria,4,Si
5483,IA_facil,17,Derrota,5,Si
5483,IA_medio,19,Empate,8,Si
5483,IA_dificil,19,Empate,7,Si
5484,IA_facil,18,Derrota,6,Si
5484,IA_medio,19,Victoria,7,Si
5484,IA_dificil,17,Derrota,6,Si
5485,IA_facil,17,Derrota,5,Si
5485,IA_medio,19,Derrota,6,Si
5485,IA_dificil,20,Victoria,7,Si
5486,IA_facil,22,Derrota,4,Si
5486,IA_medio,19,Derrota,6,Si
5486,IA_dificil,21,Victoria,5,Si
5487,IA_facil,19,Derrota,5,Si
5487,IA_medio,23,Derrota,7,Si
5487,IA_dificil,21,Victoria,7,Si
5488,IA_facil,17,Derrota,7,Si
5488,IA_medio,20,Empate,5,Si
5488,IA_dificil,20,Empate,6,Si
5489,IA_facil,18,Empate,4,Si
5489,IA_medio,18,Empate,5,Si
5489,IA_dificil,18,Empate,4,Si
5490,IA_facil,17,Victoria,5,Si
5490,IA_medio,22,Derrota,5,Si
5490,IA_dificil,22,Derrota,6,Si
5491,IA_facil,18,Derrota,7,Si
5491,IA_medio,20,Victoria,5,Si
5491,IA_dificil,17,Derrota,5,Si
5492,IA_facil,17,Derrota,6,Si
5492,IA_medio,21,Victoria,5,Si
5492,IA_dificil,22,Derrota,9,Si
5493,IA_facil,17,Derrota,6,Si
5493,IA_medio,17,Derrota,4,Si
5493,IA_dificil,18,Victoria,4,Si
5494,IA_facil,17,Derrota,5,Si
5494,IA_medio,23,Derrota,6,Si
5494,IA_dificil,20,Victoria,6,Si
5495,IA_facil,17,Derrota,5,Si
5495,IA_medio,19,Empate,6,Si
5495,IA_dificil,19,Empate,8,Si
5496,IA_facil,17,Derrota,7,Si
5496,IA_medio,22,Derrota,6,Si
5496,IA_dificil,19,Victoria,6,Si
5497,IA_facil,18,Derrota,4,Si
5497,IA_medio,17,Derrota,6,Si
5497,IA_dificil,19,Victoria,5,Si
5498,IA_facil,20,Derrota,6,Si
5498,IA_medio,21,Victoria,9,Si
5498,IA_dificil,17,Derrota,5,Si
5499,IA_facil,18,Empate,4,Si
5499,IA_medio,24,Derrota,7,Si
5499,IA_dificil,18,Empate,5,Si
5500,IA_facil,19,Derrota,7,Si
5500,IA_medio,23,Derrota,7,Si
5500,IA_dificil,21,Victoria,5,Si
5501,IA_facil,19,Derrota,6,Si
5501,IA_medio,20,Victoria,7,Si
5501,IA_dificil,17,Derrota,4,Si
5502,IA_facil,18,Empate,5,Si
5502,IA_medio,22,Derrota,5,Si
5502,IA_dificil,18,Empate,6,Si
5503,IA_facil,22,Derrota,7,Si
5503,IA_medio,25,Derrota,8,Si
5503,IA_dificil,19,Victoria,6,Si
5504,IA_facil,21,Empate,5,Si
5504,IA_medio,18,Derrota,5,Si
5504,IA_dificil,21,Empate,6,Si
5505,IA_facil,18,Derrota,7,Si
5505,IA_medio,20,Victoria,5,Si
5505,IA_dificil,19,Derrota,7,Si
5506,IA_facil,20,Empate,7,Si
5506,IA_medio,20,Empate,4,Si
5506,IA_dificil,20,Empate,5,Si
5507,IA_facil,17,Derrota,6,Si
5507,IA_medio,18,Victoria,4,Si
5507,IA_dificil,22,Derrota,6,Si
5508,IA_facil,17,Derrota,4,Si
5508,IA_medio,18,Victoria,4,Si
5508,IA_dificil,23,Derrota,6,Si
5509,IA_facil,17,Derrota,5,Si
5509,IA_medio,22,Derrota,5,Si
5509,IA_dificil,21,Victoria,5,Si
5510,IA_facil,17,Derrota,6,Si
5510,IA_medio,23,Derrota,6,Si
5510,IA_dificil,19,Victoria,7,Si
5511,IA_facil,20,Victoria,4,Si
5511,IA_medio,17,Derrota,5,Si
5511,IA_dificil,17,Derrota,4,Si
5512,IA_facil,20,Victoria,4,Si
5512,IA_medio,18,Derrota,6,Si
5512,IA_dificil,17,Derrota,4,Si
5513,IA_facil,20,Empate,4,Si
5513,IA_medio,20,Empate,5,Si
5513,IA_dificil,17,Derrota,6,Si
5514,IA_facil,21,Victoria,5,Si
5514,IA_medio,20,Derrota,8,Si
5514,IA_dificil,20,Derrota,5,Si
5515,IA_facil,18,Empate,6,Si
5515,IA_medio,22,Derrota,5,Si
5515,IA_dificil,18,Empate,6,Si
5516,IA_facil,19,Derrota,5,Si
5516,IA_medio,20,Victoria,4,Si
5516,IA_dificil,22,Derrota,8,Si
5517,IA_facil,19,Victoria,6,Si
5517,IA_medio,24,Derrota,6,Si
5517,IA_dificil,23,Derrota,6,Si
5518,IA_facil,21,Victoria,5,Si
5518,IA_medio,22,Derrota,6,Si
5518,IA_dificil,18,Derrota,7,Si
5519,IA_facil,17,Derrota,4,Si
5519,IA_medio,17,Derrota,5,Si
5519,IA_dificil,18,Victoria,5,Si
5520,IA_facil,17,Derrota,6,Si
5520,IA_medio,17,Derrota,5,Si
5520,IA_dificil,18,Victoria,6,Si
5521,IA_facil,19,Derrota,5,Si
5521,IA_medio,21,Victoria,6,Si
5521,IA_dificil,20,Derrota,5,Si
5522,IA_facil,18,Derrota,6,Si
5522,IA_medio,18,Derrota,5,Si
5522,IA_dificil,21,Victoria,6,Si
5523,IA_facil,19,Derrota,4,Si
5523,IA_medio,20,Empate,5,Si
5523,IA_dificil,20,Empate,4,Si
5524,IA_facil,17,Derrota,6,Si
5524,IA_medio,19,Victoria,5,Si
5524,IA_dificil,18,Derrota,5,Si
5525,IA_facil,20,Empate,6,Si
5525,IA_medio,20,Empate,7,Si
5525,IA_dificil,17,Derrota,6,Si
5526,IA_facil,20,Empate,6,Si
5526,IA_medio,20,Empate,6,Si
5526,IA_dificil,19,Derrota,6,Si
5527,IA_facil,20,Empate,5,Si
5527,IA_medio,19,Derrota,5,Si
5527,IA_dificil,20,Empate,5,Si
5528,IA_facil,17,Derrota,4,Si
5528,IA_medio,20,Victoria,5,Si
5528,IA_dificil,22,Derrota,5,Si
5529,IA_facil,20,Victoria,7,Si
5529,IA_medio,18,Derrota,6,Si
5529,IA_dificil,22,Derrota,6,Si
5530,IA_facil,21,Empate,5,Si
5530,IA_medio,21,Empate,7,Si
5530,IA_dificil,23,Derrota,6,Si
5531,IA_facil,18,Derrota,5,Si
5531,IA_medio,22,Derrota,7,Si
5531,IA_dificil,19,Victoria,6,Si
5532,IA_facil,17,Derrota,5,Si
5532,IA_medio,17,Derrota,6,Si
5532,IA_dificil,18,Victoria,4,Si
5533,IA_facil,19,Derrota,7,Si
5533,IA_medio,21,Victoria,7,Si
5533,IA_dificil,17,Derrota,6,Si
5534,IA_facil,18,Derrota,4,Si
5534,IA_medio,20,Victoria,9,Si
5534,IA_dificil,17,Derrota,4,Si
5535,IA_facil,18,Victoria,4,Si
5535,IA_medio,22,Derrota,8,Si
5535,IA_dificil,22,Derrota,5,Si
5536,IA_facil,17,Empate,4,Si
5536,IA_medio,17,Empate,6,Si
5536,IA_dificil,22,Derrota,6,Si
5537,IA_facil,17,Derrota,6,Si
5537,IA_medio,18,Victoria,6,Si
5537,IA_dificil,17,Derrota,5,Si
5538,IA_facil,19,Derrota,7,Si
5538,IA_medio,17,Derrota,4,Si
5538,IA_dificil,21,Victoria,7,Si
5539,IA_facil,19,Empate,5,Si
5539,IA_medio,19,Empate,6,Si
5539,IA_dificil,19,Empate,4,Si
5540,IA_facil,19,Derrota,4,Si
5540,IA_medio,20,Victoria,9,Si
5540,IA_dificil,17,Derrota,6,Si
5541,IA_facil,17,Derrota,4,Si
5541,IA_medio,19,Derrota,6,Si
5541,IA_dificil,20,Victoria,5,Si
5542,IA_facil,18,Empate,5,Si
5542,IA_medio,18,Empate,5,Si
5542,IA_dificil,17,Derrota,4,Si
5543,IA_facil,19,Victoria,5,Si
5543,IA_medio,23,Derrota,7,Si
5543,IA_dificil,17,Derrota,5,Si
5544,IA_facil,17,Derrota,5,Si
5544,IA_medio,21,Victoria,8,Si
5544,IA_dificil,20,Derrota,6,Si
5545,IA_facil,20,Victoria,4,Si
5545,IA_medio,19,Derrota,5,Si
5545,IA_dificil,19,Derrota,5,Si
5546,IA_facil,19,Victoria,7,Si
5546,IA_medio,23,Derrota,7,Si
5546,IA_dificil,17,Derrota,7,Si
5547,IA_facil,18,Empate,4,Si
5547,IA_medio,18,Empate,5,Si
5547,IA_dificil,17,Derrota,6,Si
5548,IA_facil,21,Victoria,6,Si
5548,IA_medio,19,Derrota,5,Si
5548,IA_dificil,17,Derrota,4,Si
5549,IA_facil,17,Derrota,4,Si
5549,IA_medio,24,Derrota,5,Si
5549,IA_dificil,18,Victoria,4,Si
5550,IA_facil,19,Derrota,5,Si
5550,IA_medio,18,Derrota,6,Si
5550,IA_dificil,20,Victoria,6,Si
5551,IA_facil,17,Derrota,7,Si
5551,IA_medio,25,Derrota,8,Si
5551,IA_dificil,21,Victoria,7,Si
5552,IA_facil,21,Victoria,8,Si
5552,IA_medio,17,Derrota,7,Si
5552,IA_dificil,17,Derrota,4,Si
5553,IA_facil,18,Derrota,5,Si
5553,IA_medio,20,Victoria,5,Si
5553,IA_dificil,23,Derrota,6,Si
5554,IA_facil,20,Victoria,5,Si
5554,IA_medio,17,Derrota,5,Si
5554,IA_dificil,18,Derrota,5,Si
5555,IA_facil,22,Derrota,4,Si
5555,IA_medio,21,Victoria,6,Si
5555,IA_dificil,17,Derrota,6,Si
5556,IA_facil,20,Derrota,7,Si
5556,IA_medio,21,Victoria,5,Si
5556,IA_dificil,22,Derrota,4,Si
5557,IA_facil,19,Empate,6,Si
5557,IA_medio,18,Derrota,4,Si
5557,IA_dificil,19,Empate,6,Si
5558,IA_facil,18,Derrota,6,Si
5558,IA_medio,19,Victoria,6,Si
5558,IA_dificil,17,Derrota,4,Si
5559,IA_facil,20,Empate,7,Si
5559,IA_medio,18,Derrota,4,Si
5559,IA_dificil,20,Empate,9,Si
5560,IA_facil,20,Derrota,5,Si
5560,IA_medio,19,Derrota,4,Si
5560,IA_dificil,21,Victoria,9,Si
5561,IA_facil,18,Derrota,6,Si
5561,IA_medio,21,Victoria,6,Si
5561,IA_dificil,24,Derrota,5,Si
5562,IA_facil,19,Derrota,6,Si
5562,IA_medio,17,Derrota,4,Si
5562,IA_dificil,21,Victoria,6,Si
5563,IA_facil,21,Victoria,5,Si
5563,IA_medio,22,Derrota,7,Si
5563,IA_dificil,20,Derrota,7,Si
5564,IA_facil,20,Derrota,5,Si
5564,IA_medio,21,Victoria,4,Si
5564,IA_dificil,22,Derrota,8,Si
5565,IA_facil,20,Victoria,6,Si
5565,IA_medio,19,Derrota,5,Si
5565,IA_dificil,22,Derrota,5,Si
5566,IA_facil,19,Derrota,7,Si
5566,IA_medio,21,Victoria,4,Si
5566,IA_dificil,24,Derrota,6,Si
5567,IA_facil,17,Derrota,5,Si
5567,IA_medio,22,Derrota,4,Si
5567,IA_dificil,20,Victoria,4,Si
5568,IA_facil,18,Victoria,4,Si
5568,IA_medio,22,Derrota,8,Si
5568,IA_dificil,17,Derrota,4,Si
5569,IA_facil,18,Empate,4,Si
5569,IA_medio,22,Derrota,7,Si
5569,IA_dificil,18,Empate,5,Si
5570,IA_facil,18,Derrota,6,Si
5570,IA_medio,20,Victoria,6,Si
5570,IA_dificil,17,Derrota,5,Si
5571,IA_facil,17,Empate,4,Si
5571,IA_medio,22,Derrota,5,Si
5571,IA_dificil,17,Empate,3,Si
5572,IA_facil,18,Victoria,5,Si
5572,IA_medio,22,Derrota,7,Si
5572,IA_dificil,17,Derrota,5,Si
5573,IA_facil,19,Victoria,5,Si
5573,IA_medio,17,Derrota,6,Si
5573,IA_dificil,17,Derrota,6,Si
5574,IA_facil,22,Derrota,7,Si
5574,IA_medio,20,Victoria,6,Si
5574,IA_dificil,19,Derrota,6,Si
5575,IA_facil,17,Derrota,6,Si
5575,IA_medio,17,Derrota,3,Si
5575,IA_dificil,19,Victoria,8,Si
5576,IA_facil,17,Derrota,4,Si
5576,IA_medio,17,Derrota,5,Si
5576,IA_dificil,20,Victoria,4,Si
5577,IA_facil,17,Derrota,5,Si
5577,IA_medio,20,Victoria,7,Si
5577,IA_dificil,17,Derrota,6,Si
5578,IA_facil,21,Victoria,5,Si
5578,IA_medio,17,Derrota,7,Si
5578,IA_dificil,17,Derrota,4,Si
5579,IA_facil,18,Derrota,6,Si
5579,IA_medio,21,Victoria,6,Si
5579,IA_dificil,19,Derrota,6,Si
5580,IA_facil,19,Derrota,6,Si
5580,IA_medio,20,Victoria,9,Si
5580,IA_dificil,19,Derrota,4,Si
5581,IA_facil,19,Empate,6,Si
5581,IA_medio,17,Derrota,5,Si
5581,IA_dificil,19,Empate,4,Si
5582,IA_facil,17,Derrota,3,Si
5582,IA_medio,21,Victoria,7,Si
5582,IA_dificil,19,Derrota,4,Si
5583,IA_facil,18,Derrota,4,Si
5583,IA_medio,20,Victoria,6,Si
5583,IA_dificil,17,Derrota,5,Si
5584,IA_facil,18,Derrota,7,Si
5584,IA_medio,20,Victoria,6,Si
5584,IA_dificil,17,Derrota,4,Si
5585,IA_facil,19,Empate,4,Si
5585,IA_medio,17,Derrota,4,Si
5585,IA_dificil,19,Empate,6,Si
5586,IA_facil,17,Derrota,4,Si
5586,IA_medio,20,Victoria,6,Si
5586,IA_dificil,19,Derrota,7,Si
5587,IA_facil,20,Victoria,6,Si
5587,IA_medio,19,Derrota,7,Si
5587,IA_dificil,19,Derrota,5,Si
5588,IA_facil,18,Victoria,6,Si
5588,IA_medio,24,Derrota,6,Si
5588,IA_dificil,17,Derrota,4,Si
5589,IA_facil,19,Victoria,6,Si
5589,IA_medio,18,Derrota,5,Si
5589,IA_dificil,17,Derrota,8,Si
5590,IA_facil,21,Victoria,5,Si
5590,IA_medio,17,Derrota,4,Si
5590,IA_dificil,19,Derrota,6,Si
5591,IA_facil,22,Derrota,6,Si
5591,IA_medio,21,Victoria,6,Si
5591,IA_dificil,20,Derrota,6,Si
5592,IA_facil,20,Empate,9,Si
5592,IA_medio,20,Empate,8,Si
5592,IA_dificil,24,Derrota,7,Si
5593,IA_facil,17,Derrota,4,Si
5593,IA_medio,20,Victoria,5,Si
5593,IA_dificil,19,Derrota,6,Si
5594,IA_facil,17,Derrota,5,Si
5594,IA_medio,20,Victoria,5,Si
5594,IA_dificil,17,Derrota,4,Si
5595,IA_facil,21,Victoria,5,Si
5595,IA_medio,19,Derrota,5,Si
5595,IA_dificil,20,Derrota,5,Si
5596,IA_facil,18,Derrota,5,Si
5596,IA_medio,17,Derrota,3,Si
5596,IA_dificil,19,Victoria,5,Si
5597,IA_facil,21,Victoria,5,Si
5597,IA_medio,20,Derrota,4,Si
5597,IA_dificil,18,Derrota,4,Si
5598,IA_facil,20,Victoria,5,Si
5598,IA_medio,18,Derrota,5,Si
5598,IA_dificil,22,Derrota,5,Si
5599,IA_facil,20,Derrota,4,Si
5599,IA_medio,21,Victoria,6,Si
5599,IA_dificil,20,Derrota,7,Si
5600,IA_facil,18,Empate,7,Si
5600,IA_medio,17,Derrota,4,Si
5600,IA_dificil,18,Empate,6,Si
5601,IA_facil,22,Derrota,8,Si
5601,IA_medio,21,Victoria,6,Si
5601,IA_dificil,17,Derrota,5,Si
5602,IA_facil,19,Derrota,5,Si
5602,IA_medio,22,Derrota,7,Si
5602,IA_dificil,21,Victoria,6,Si
5603,IA_facil,18,Empate,4,Si
5603,IA_medio,24,Derrota,8,Si
5603,IA_dificil,18,Empate,4,Si
5604,IA_facil,18,Derrota,4,Si
5604,IA_medio,24,Derrota,5,Si
5604,IA_dificil,21,Victoria,6,Si
5605,IA_facil,17,Derrota,6,Si
5605,IA_medio,17,Derrota,5,Si
5605,IA_dificil,18,Victoria,5,Si
5606,IA_facil,17,Victoria,6,Si
5606,IA_medio,25,Derrota,7,Si
5606,IA_dificil,22,Derrota,11,Si
5607,IA_facil,19,Victoria,5,Si
5607,IA_medio,17,Derrota,4,Si
5607,IA_dificil,18,Derrota,5,Si
5608,IA_facil,21,Victoria,5,Si
5608,IA_medio,18,Derrota,6,Si
5608,IA_dificil,19,Derrota,6,Si
5609,IA_facil,17,Empate,5,Si
5609,IA_medio,17,Empate,4,Si
5609,IA_dificil,17,Empate,4,Si
5610,IA_facil,18,Empate,6,Si
5610,IA_medio,22,Derrota,7,Si
5610,IA_dificil,18,Empate,5,Si
5611,IA_facil,21,Victoria,6,Si
5611,IA_medio,20,Derrota,5,Si
5611,IA_dificil,17,Derrota,4,Si
5612,IA_facil,19,Empate,5,Si
5612,IA_medio,22,Derrota,6,Si
5612,IA_dificil,19,Empate,9,Si
5613,IA_facil,19,Victoria,4,Si
5613,IA_medio,22,Derrota,5,Si
5613,IA_dificil,22,Derrota,6,Si
5614,IA_facil,17,Victoria,4,Si
5614,IA_medio,22,Derrota,6,Si
5614,IA_dificil,23,Derrota,7,Si
5615,IA_facil,17,Derrota,5,Si
5615,IA_medio,21,Victoria,6,Si
5615,IA_dificil,18,Derrota,6,Si
5616,IA_facil,17,Derrota,7,Si
5616,IA_medio,20,Derrota,5,Si
5616,IA_dificil,21,Victoria,7,Si
5617,IA_facil,17,Derrota,5,Si
5617,IA_medio,23,Derrota,7,Si
5617,IA_dificil,18,Victoria,5,Si
5618,IA_facil,17,Derrota,5,Si
5618,IA_medio,21,Victoria,7,Si
5618,IA_dificil,24,Derrota,7,Si
5619,IA_facil,18,Derrota,4,Si
5619,IA_medio,21,Victoria,5,Si
5619,IA_dificil,20,Derrota,6,Si
5620,IA_facil,18,Derrota,5,Si
5620,IA_medio,21,Empate,6,Si
5620,IA_dificil,21,Empate,5,Si
5621,IA_facil,17,Derrota,6,Si
5621,IA_medio,19,Victoria,6,Si
5621,IA_dificil,18,Derrota,6,Si
5622,IA_facil,20,Empate,5,Si
5622,IA_medio,20,Empate,8,Si
5622,IA_dificil,19,Derrota,6,Si
5623,IA_facil,20,Derrota,6,Si
5623,IA_medio,18,Derrota,3,Si
5623,IA_dificil,21,Victoria,4,Si
5624,IA_facil,19,Victoria,4,Si
5624,IA_medio,24,Derrota,6,Si
5624,IA_dificil,23,Derrota,5,Si
5625,IA_facil,21,Victoria,7,Si
5625,IA_medio,19,Derrota,5,Si
5625,IA_dificil,18,Derrota,5,Si
5626,IA_facil,21,Empate,7,Si
5626,IA_medio,21,Empate,6,Si
5626,IA_dificil,17,Derrota,6,Si
5627,IA_facil,21,Empate,5,Si
5627,IA_medio,17,Derrota,5,Si
5627,IA_dificil,21,Empate,5,Si
5628,IA_facil,19,Victoria,4,Si
5628,IA_medio,23,Derrota,5,Si
5628,IA_dificil,18,Derrota,5,Si
5629,IA_facil,20,Derrota,5,Si
5629,IA_medio,21,Victoria,5,Si
5629,IA_dificil,19,Derrota,5,Si
5630,IA_facil,17,Derrota,5,Si
5630,IA_medio,18,Victoria,5,Si
5630,IA_dificil,17,Derrota,4,Si
5631,IA_facil,17,Derrota,5,Si
5631,IA_medio,21,Victoria,5,Si
5631,IA_dificil,17,Derrota,3,Si
5632,IA_facil,17,Derrota,6,Si
5632,IA_medio,19,Victoria,5,Si
5632,IA_dificil,17,Derrota,5,Si
5633,IA_facil,17,Derrota,3,Si
5633,IA_medio,21,Victoria,7,Si
5633,IA_dificil,22,Derrota,5,Si
5634,IA_facil,17,Empate,4,Si
5634,IA_medio,17,Empate,7,Si
5634,IA_dificil,23,Derrota,5,Si
5635,IA_facil,17,Derrota,4,Si
5635,IA_medio,21,Victoria,4,Si
5635,IA_dificil,18,Derrota,5,Si
5636,IA_facil,17,Derrota,4,Si
5636,IA_medio,20,Empate,7,Si
5636,IA_dificil,20,Empate,6,Si
5637,IA_facil,18,Victoria,6,Si
5637,IA_medio,24,Derrota,7,Si
5637,IA_dificil,22,Derrota,7,Si
5638,IA_facil,17,Derrota,4,Si
5638,IA_medio,21,Victoria,6,Si
5638,IA_dificil,19,Derrota,5,Si
5639,IA_facil,17,Derrota,5,Si
5639,IA_medio,20,Victoria,6,Si
5639,IA_dificil,19,Derrota,5,Si
5640,IA_facil,22,Derrota,5,Si
5640,IA_medio,21,Empate,6,Si
5640,IA_dificil,21,Empate,7,Si
5641,IA_facil,19,Derrota,7,Si
5641,IA_medio,17,Derrota,6,Si
5641,IA_dificil,20,Victoria,6,Si
5642,IA_facil,18,Derrota,5,Si
5642,IA_medio,19,Derrota,5,Si
5642,IA_dificil,20,Victoria,6,Si
5643,IA_facil,18,Derrota,6,Si
5643,IA_medio,22,Derrota,6,Si
5643,IA_dificil,19,Victoria,6,Si
5644,IA_facil,17,Derrota,4,Si
5644,IA_medio,24,Derrota,5,Si
5644,IA_dificil,21,Victoria,6,Si
5645,IA_facil,17,Empate,6,Si
5645,IA_medio,17,Empate,5,Si
5645,IA_dificil,23,Derrota,4,Si
5646,IA_facil,19,Victoria,4,Si
5646,IA_medio,22,Derrota,7,Si
5646,IA_dificil,17,Derrota,4,Si
5647,IA_facil,17,Victoria,5,Si
5647,IA_medio,24,Derrota,6,Si
5647,IA_dificil,24,Derrota,7,Si
5648,IA_facil,19,Derrota,5,Si
5648,IA_medio,20,Derrota,6,Si
5648,IA_dificil,21,Victoria,8,Si
5649,IA_facil,21,Empate,6,Si
5649,IA_medio,21,Empate,5,Si
5649,IA_dificil,17,Derrota,7,Si
5650,IA_facil,17,Derrota,5,Si
5650,IA_medio,20,Victoria,6,Si
5650,IA_dificil,19,Derrota,5,Si
5651,IA_facil,17,Derrota,4,Si
5651,IA_medio,18,Victoria,6,Si
5651,IA_dificil,17,Derrota,4,Si
5652,IA_facil,20,Victoria,7,Si
5652,IA_medio,22,Derrota,7,Si
5652,IA_dificil,19,Derrota,6,Si
5653,IA_facil,19,Victoria,5,Si
5653,IA_medio,22,Derrota,5,Si
5653,IA_dificil,18,Derrota,5,Si
5654,IA_facil,17,Derrota,7,Si
5654,IA_medio,22,Derrota,7,Si
5654,IA_dificil,20,Victoria,6,Si
5655,IA_facil,19,Derrota,7,Si
5655,IA_medio,20,Victoria,7,Si
5655,IA_dificil,18,Derrota,4,Si
5656,IA_facil,22,Derrota,4,Si
5656,IA_medio,20,Victoria,7,Si
5656,IA_dificil,22,Derrota,8,Si
5657,IA_facil,18,Victoria,7,Si
5657,IA_medio,17,Derrota,4,Si
5657,IA_dificil,24,Derrota,8,Si
5658,IA_facil,20,Victoria,7,Si
5658,IA_medio,18,Derrota,5,Si
5658,IA_dificil,18,Derrota,4,Si
5659,IA_facil,18,Derrota,5,Si
5659,IA_medio,21,Victoria,5,Si
5659,IA_dificil,19,Derrota,5,Si
5660,IA_facil,18,Derrota,6,Si
5660,IA_medio,20,Victoria,6,Si
5660,IA_dificil,18,Derrota,6,Si
5661,IA_facil,18,Derrota,4,Si
5661,IA_medio,19,Derrota,5,Si
5661,IA_dificil,20,Victoria,6,Si
5662,IA_facil,19,Derrota,7,Si
5662,IA_medio,23,Derrota,6,Si
5662,IA_dificil,20,Victoria,5,Si
5663,IA_facil,18,Derrota,4,Si
5663,IA_medio,22,Derrota,6,Si
5663,IA_dificil,20,Victoria,5,Si
5664,IA_facil,19,Victoria,6,Si
5664,IA_medio,23,Derrota,9,Si
5664,IA_dificil,22,Derrota,7,Si
5665,IA_facil,17,Derrota,7,Si
5665,IA_medio,25,Derrota,7,Si
5665,IA_dificil,18,Victoria,6,Si
5666,IA_facil,21,Victoria,7,Si
5666,IA_medio,22,Derrota,7,Si
5666,IA_dificil,20,Derrota,6,Si
5667,IA_facil,17,Derrota,5,Si
5667,IA_medio,17,Derrota,6,Si
5667,IA_dificil,20,Victoria,6,Si
5668,IA_facil,17,Empate,4,Si
5668,IA_medio,24,Derrota,5,Si
5668,IA_dificil,17,Empate,9,Si
5669,IA_facil,20,Victoria,7,Si
5669,IA_medio,18,Derrota,4,Si
5669,IA_dificil,17,Derrota,4,Si
5670,IA_facil,17,Derrota,5,Si
5670,IA_medio,17,Derrota,5,Si
5670,IA_dificil,21,Victoria,7,Si
5671,IA_facil,18,Derrota,6,Si
5671,IA_medio,20,Victoria,6,Si
5671,IA_dificil,18,Derrota,4,Si
5672,IA_facil,18,Derrota,5,Si
5672,IA_medio,19,Empate,7,Si
5672,IA_dificil,19,Empate,5,Si
5673,IA_facil,18,Empate,6,Si
5673,IA_medio,18,Empate,5,Si
5673,IA_dificil,18,Empate,5,Si
5674,IA_facil,20,Victoria,6,Si
5674,IA_medio,17,Derrota,5,Si
5674,IA_dificil,18,Derrota,5,Si
5675,IA_facil,18,Derrota,5,Si
5675,IA_medio,20,Victoria,5,Si
5675,IA_dificil,19,Derrota,6,Si
5676,IA_facil,20,Empate,5,Si
5676,IA_medio,20,Empate,6,Si
5676,IA_dificil,20,Empate,5,Si
5677,IA_facil,18,Derrota,5,Si
5677,IA_medio,23,Derrota,7,Si
5677,IA_dificil,20,Victoria,5,Si
5678,IA_facil,20,Victoria,5,Si
5678,IA_medio,17,Derrota,5,Si
5678,IA_dificil,17,Derrota,7,Si
5679,IA_facil,18,Derrota,9,Si
5679,IA_medio,17,Derrota,5,Si
5679,IA_dificil,20,Victoria,7,Si
5680,IA_facil,18,Derrota,5,Si
5680,IA_medio,20,Victoria,6,Si
5680,IA_dificil,17,Derrota,5,Si
5681,IA_facil,18,Empate,4,Si
5681,IA_medio,17,Derrota,5,Si
5681,IA_dificil,18,Empate,6,Si
5682,IA_facil,22,Derrota,10,Si
5682,IA_medio,20,Victoria,5,Si
5682,IA_dificil,19,Derrota,8,Si
5683,IA_facil,21,Victoria,6,Si
5683,IA_medio,22,Derrota,4,Si
5683,IA_dificil,17,Derrota,5,Si
5684,IA_facil,18,Empate,6,Si
5684,IA_medio,18,Empate,3,Si
5684,IA_dificil,17,Derrota,7,Si
5685,IA_facil,17,Derrota,7,Si
5685,IA_medio,21,Victoria,7,Si
5685,IA_dificil,25,Derrota,6,Si
5686,IA_facil,21,Victoria,4,Si
5686,IA_medio,17,Derrota,5,Si
5686,IA_dificil,18,Derrota,5,Si
5687,IA_facil,19,Victoria,5,Si
5687,IA_medio,24,Derrota,7,Si
5687,IA_dificil,18,Derrota,6,Si
5688,IA_facil,21,Empate,7,Si
5688,IA_medio,21,Empate,7,Si
5688,IA_dificil,18,Derrota,7,Si
5689,IA_facil,22,Derrota,6,Si
5689,IA_medio,20,Empate,5,Si
5689,IA_dificil,20,Empate,6,Si
5690,IA_facil,17,Derrota,5,Si
5690,IA_medio,23,Derrota,5,Si
5690,IA_dificil,19,Victoria,6,Si
5691,IA_facil,17,Derrota,6,Si
5691,IA_medio,20,Victoria,6,Si
5691,IA_dificil,19,Derrota,5,Si
5692,IA_facil,22,Derrota,7,Si
5692,IA_medio,18,Victoria,5,Si
5692,IA_dificil,22,Derrota,7,Si
5693,IA_facil,17,Empate,4,Si
5693,IA_medio,24,Derrota,6,Si
5693,IA_dificil,17,Empate,5,Si
5694,IA_facil,17,Derrota,5,Si
5694,IA_medio,21,Victoria,9,Si
5694,IA_dificil,20,Derrota,5,Si
5695,IA_facil,18,Derrota,5,Si
5695,IA_medio,21,Victoria,5,Si
5695,IA_dificil,18,Derrota,4,Si
5696,IA_facil,18,Derrota,5,Si
5696,IA_medio,18,Derrota,4,Si
5696,IA_dificil,21,Victoria,7,Si
5697,IA_facil,20,Empate,5,Si
5697,IA_medio,19,Derrota,6,Si
5697,IA_dificil,20,Empate,5,Si
5698,IA_facil,18,Derrota,8,Si
5698,IA_medio,20,Victoria,5,Si
5698,IA_dificil,19,Derrota,4,Si
5699,IA_facil,17,Derrota,6,Si
5699,IA_medio,18,Victoria,4,Si
5699,IA_dificil,23,Derrota,7,Si
5700,IA_facil,20,Victoria,6,Si
5700,IA_medio,17,Derrota,4,Si
5700,IA_dificil,22,Derrota,7,Si
5701,IA_facil,19,Empate,5,Si
5701,IA_medio,23,Derrota,7,Si
5701,IA_dificil,19,Empate,7,Si
5702,IA_facil,19,Derrota,5,Si
5702,IA_medio,21,Empate,6,Si
5702,IA_dificil,21,Empate,6,Si
5703,IA_facil,20,Victoria,6,Si
5703,IA_medio,17,Derrota,3,Si
5703,IA_dificil,18,Derrota,7,Si
5704,IA_facil,18,Derrota,6,Si
5704,IA_medio,21,Victoria,5,Si
5704,IA_dificil,17,Derrota,4,Si
5705,IA_facil,20,Victoria,4,Si
5705,IA_medio,19,Derrota,5,Si
5705,IA_dificil,17,Derrota,6,Si
5706,IA_facil,17,Derrota,4,Si
5706,IA_medio,22,Derrota,6,Si
5706,IA_dificil,18,Victoria,7,Si
5707,IA_facil,21,Victoria,5,Si
5707,IA_medio,22,Derrota,5,Si
5707,IA_dificil,25,Derrota,6,Si
5708,IA_facil,17,Derrota,5,Si
5708,IA_medio,19,Empate,5,Si
5708,IA_dificil,19,Empate,7,Si
5709,IA_facil,17,Derrota,4,Si
5709,IA_medio,21,Victoria,5,Si
5709,IA_dificil,22,Derrota,5,Si
5710,IA_facil,22,Derrota,6,Si
5710,IA_medio,21,Victoria,7,Si
5710,IA_dificil,18,Derrota,7,Si
5711,IA_facil,17,Victoria,6,Si
5711,IA_medio,22,Derrota,5,Si
5711,IA_dificil,22,Derrota,4,Si
5712,IA_facil,19,Empate,5,Si
5712,IA_medio,22,Derrota,6,Si
5712,IA_dificil,19,Empate,5,Si
5713,IA_facil,17,Empate,5,Si
5713,IA_medio,22,Derrota,6,Si
5713,IA_dificil,17,Empate,4,Si
5714,IA_facil,18,Empate,4,Si
5714,IA_medio,17,Derrota,6,Si
5714,IA_dificil,18,Empate,6,Si
5715,IA_facil,17,Derrota,6,Si
5715,IA_medio,18,Derrota,6,Si
5715,IA_dificil,19,Victoria,5,Si
5716,IA_facil,17,Derrota,4,Si
5716,IA_medio,20,Victoria,6,Si
5716,IA_dificil,25,Derrota,5,Si
5717,IA_facil,19,Victoria,8,Si
5717,IA_medio,22,Derrota,5,Si
5717,IA_dificil,17,Derrota,6,Si
5718,IA_facil,19,Victoria,8,Si
5718,IA_medio,23,Derrota,8,Si
5718,IA_dificil,17,Derrota,4,Si
5719,IA_facil,21,Victoria,7,Si
5719,IA_medio,18,Derrota,5,Si
5719,IA_dificil,18,Derrota,6,Si
5720,IA_facil,19,Derrota,7,Si
5720,IA_medio,21,Victoria,8,Si
5720,IA_dificil,20,Derrota,6,Si
5721,IA_facil,17,Derrota,7,Si
5721,IA_medio,20,Victoria,7,Si
5721,IA_dificil,18,Derrota,4,Si
5722,IA_facil,19,Victoria,5,Si
5722,IA_medio,25,Derrota,7,Si
5722,IA_dificil,18,Derrota,5,Si
5723,IA_facil,17,Derrota,5,Si
5723,IA_medio,19,Victoria,5,Si
5723,IA_dificil,17,Derrota,3,Si
5724,IA_facil,18,Derrota,6,Si
5724,IA_medio,19,Victoria,5,Si
5724,IA_dificil,17,Derrota,3,Si
5725,IA_facil,19,Empate,7,Si
5725,IA_medio,19,Empate,6,Si
5725,IA_dificil,22,Derrota,7,Si
5726,IA_facil,19,Derrota,5,Si
5726,IA_medio,21,Victoria,5,Si
5726,IA_dificil,17,Derrota,7,Si
5727,IA_facil,20,Derrota,6,Si
5727,IA_medio,22,Derrota,7,Si
5727,IA_dificil,21,Victoria,4,Si
5728,IA_facil,19,Derrota,5,Si
5728,IA_medio,18,Derrota,6,Si
5728,IA_dificil,20,Victoria,5,Si
5729,IA_facil,20,Empate,4,Si
5729,IA_medio,17,Derrota,4,Si
5729,IA_dificil,20,Empate,5,Si
5730,IA_facil,21,Empate,5,Si
5730,IA_medio,21,Empate,5,Si
5730,IA_dificil,19,Derrota,7,Si
5731,IA_facil,19,Victoria,7,Si
5731,IA_medio,18,Derrota,5,Si
5731,IA_dificil,17,Derrota,8,Si
5732,IA_facil,22,Derrota,5,Si
5732,IA_medio,21,Victoria,6,Si
5732,IA_dificil,20,Derrota,4,Si
5733,IA_facil,21,Victoria,5,Si
5733,IA_medio,22,Derrota,5,Si
5733,IA_dificil,24,Derrota,6,Si
5734,IA_facil,18,Derrota,9,Si
5734,IA_medio,21,Victoria,5,Si
5734,IA_dificil,17,Derrota,4,Si
5735,IA_facil,20,Victoria,6,Si
5735,IA_medio,18,Derrota,5,Si
5735,IA_dificil,18,Derrota,5,Si
5736,IA_facil,17,Derrota,4,Si
5736,IA_medio,17,Derrota,6,Si
5736,IA_dificil,18,Victoria,6,Si
5737,IA_facil,19,Derrota,4,Si
5737,IA_medio,20,Victoria,5,Si
5737,IA_dificil,17,Derrota,4,Si
5738,IA_facil,17,Derrota,6,Si
5738,IA_medio,21,Victoria,8,Si
5738,IA_dificil,17,Derrota,5,Si
5739,IA_facil,17,Derrota,4,Si
5739,IA_medio,19,Derrota,7,Si
5739,IA_dificil,21,Victoria,5,Si
5740,IA_facil,18,Derrota,4,Si
5740,IA_medio,19,Victoria,5,Si
5740,IA_dificil,17,Derrota,5,Si
5741,IA_facil,18,Derrota,5,Si
5741,IA_medio,20,Victoria,6,Si
5741,IA_dificil,17,Derrota,7,Si
5742,IA_facil,18,Derrota,5,Si
5742,IA_medio,21,Victoria,5,Si
5742,IA_dificil,20,Derrota,7,Si
5743,IA_facil,21,Victoria,4,Si
5743,IA_medio,17,Derrota,5,Si
5743,IA_dificil,17,Derrota,5,Si
5744,IA_facil,17,Derrota,5,Si
5744,IA_medio,17,Derrota,3,Si
5744,IA_dificil,21,Victoria,5,Si
5745,IA_facil,18,Derrota,5,Si
5745,IA_medio,17,Derrota,6,Si
5745,IA_dificil,21,Victoria,6,Si
5746,IA_facil,18,Derrota,4,Si
5746,IA_medio,18,Derrota,4,Si
5746,IA_dificil,21,Victoria,6,Si
5747,IA_facil,17,Derrota,5,Si
5747,IA_medio,20,Victoria,5,Si
5747,IA_dificil,18,Derrota,7,Si
5748,IA_facil,17,Derrota,5,Si
5748,IA_medio,17,Derrota,7,Si
5748,IA_dificil,18,Victoria,4,Si
5749,IA_facil,17,Derrota,5,Si
5749,IA_medio,20,Empate,5,Si
5749,IA_dificil,20,Empate,6,Si
5750,IA_facil,21,Victoria,6,Si
5750,IA_medio,18,Derrota,6,Si
5750,IA_dificil,25,Derrota,8,Si
5751,IA_facil,17,Derrota,5,Si
5751,IA_medio,21,Victoria,5,Si
5751,IA_dificil,20,Derrota,7,Si
5752,IA_facil,19,Victoria,8,Si
5752,IA_medio,18,Derrota,5,Si
5752,IA_dificil,22,Derrota,5,Si
5753,IA_facil,19,Derrota,7,Si
5753,IA_medio,20,Empate,5,Si
5753,IA_dificil,20,Empate,6,Si
5754,IA_facil,17,Derrota,5,Si
5754,IA_medio,20,Victoria,5,Si
5754,IA_dificil,18,Derrota,6,Si
5755,IA_facil,18,Empate,6,Si
5755,IA_medio,18,Empate,4,Si
5755,IA_dificil,18,Empate,7,Si
5756,IA_facil,18,Derrota,5,Si
5756,IA_medio,21,Victoria,9,Si
5756,IA_dificil,22,Derrota,5,Si
5757,IA_facil,17,Empate,5,Si
5757,IA_medio,17,Empate,5,Si
5757,IA_dificil,24,Derrota,5,Si
5758,IA_facil,18,Derrota,6,Si
5758,IA_medio,17,Derrota,6,Si
5758,IA_dificil,19,Victoria,5,Si
5759,IA_facil,17,Derrota,5,Si
5759,IA_medio,19,Victoria,6,Si
5759,IA_dificil,18,Derrota,6,Si
5760,IA_facil,21,Victoria,6,Si
5760,IA_medio,20,Derrota,4,Si
5760,IA_dificil,18,Derrota,5,Si
5761,IA_facil,17,Derrota,9,Si
5761,IA_medio,20,Victoria,5,Si
5761,IA_dificil,17,Derrota,6,Si
5762,IA_facil,20,Victoria,5,Si
5762,IA_medio,22,Derrota,6,Si
5762,IA_dificil,23,Derrota,6,Si
5763,IA_facil,17,Empate,4,Si
5763,IA_medio,24,Derrota,7,Si
5763,IA_dificil,17,Empate,5,Si
5764,IA_facil,17,Derrota,4,Si
5764,IA_medio,20,Victoria,6,Si
5764,IA_dificil,25,Derrota,7,Si
5765,IA_facil,18,Empate,6,Si
5765,IA_medio,18,Empate,5,Si
5765,IA_dificil,22,Derrota,5,Si
5766,IA_facil,19,Derrota,4,Si
5766,IA_medio,21,Victoria,4,Si
5766,IA_dificil,22,Derrota,6,Si
5767,IA_facil,18,Derrota,5,Si
5767,IA_medio,20,Victoria,6,Si
5767,IA_dificil,17,Derrota,6,Si
5768,IA_facil,22,Derrota,5,Si
5768,IA_medio,22,Derrota,5,Si
5768,IA_dificil,22,Derrota,5,Si
5769,IA_facil,17,Derrota,5,Si
5769,IA_medio,20,Derrota,6,Si
5769,IA_dificil,21,Victoria,6,Si
5770,IA_facil,20,Victoria,6,Si
5770,IA_medio,24,Derrota,7,Si
5770,IA_dificil,17,Derrota,4,Si
5771,IA_facil,20,Derrota,4,Si
5771,IA_medio,21,Victoria,6,Si
5771,IA_dificil,19,Derrota,6,Si
5772,IA_facil,20,Derrota,7,Si
5772,IA_medio,19,Derrota,6,Si
5772,IA_dificil,21,Victoria,5,Si
5773,IA_facil,18,Derrota,7,Si
5773,IA_medio,20,Victoria,5,Si
5773,IA_dificil,18,Derrota,5,Si
5774,IA_facil,19,Victoria,6,Si
5774,IA_medio,22,Derrota,6,Si
5774,IA_dificil,24,Derrota,7,Si
5775,IA_facil,17,Derrota,4,Si
5775,IA_medio,19,Victoria,5,Si
5775,IA_dificil,22,Derrota,6,Si
5776,IA_facil,18,Derrota,7,Si
5776,IA_medio,20,Empate,6,Si
5776,IA_dificil,20,Empate,5,Si
5777,IA_facil,20,Victoria,5,Si
5777,IA_medio,19,Derrota,5,Si
5777,IA_dificil,17,Derrota,6,Si
5778,IA_facil,19,Derrota,5,Si
5778,IA_medio,20,Victoria,5,Si
5778,IA_dificil,18,Derrota,7,Si
5779,IA_facil,17,Derrota,4,Si
5779,IA_medio,20,Victoria,4,Si
5779,IA_dificil,17,Derrota,5,Si
5780,IA_facil,17,Empate,5,Si
5780,IA_medio,25,Derrota,6,Si
5780,IA_dificil,17,Empate,4,Si
5781,IA_facil,18,Derrota,6,Si
5781,IA_medio,21,Victoria,7,Si
5781,IA_dificil,23,Derrota,6,Si
5782,IA_facil,18,Derrota,6,Si
5782,IA_medio,19,Empate,8,Si
5782,IA_dificil,19,Empate,5,Si
5783,IA_facil,17,Derrota,7,Si
5783,IA_medio,19,Empate,5,Si
5783,IA_dificil,19,Empate,5,Si
5784,IA_facil,19,Victoria,5,Si
5784,IA_medio,22,Derrota,8,Si
5784,IA_dificil,22,Derrota,7,Si
5785,IA_facil,21,Empate,5,Si
5785,IA_medio,18,Derrota,4,Si
5785,IA_dificil,21,Empate,5,Si
5786,IA_facil,19,Victoria,5,Si
5786,IA_medio,24,Derrota,6,Si
5786,IA_dificil,18,Derrota,4,Si
5787,IA_facil,17,Derrota,6,Si
5787,IA_medio,20,Victoria,9,Si
5787,IA_dificil,22,Derrota,6,Si
5788,IA_facil,17,Derrota,5,Si
5788,IA_medio,18,Derrota,7,Si
5788,IA_dificil,20,Victoria,5,Si
5789,IA_facil,19,Empate,6,Si
5789,IA_medio,19,Empate,4,Si
5789,IA_dificil,22,Derrota,6,Si
5790,IA_facil,17,Derrota,4,Si
5790,IA_medio,20,Victoria,7,Si
5790,IA_dificil,17,Derrota,6,Si
5791,IA_facil,17,Derrota,5,Si
5791,IA_medio,21,Victoria,8,Si
5791,IA_dificil,22,Derrota,6,Si
5792,IA_facil,22,Derrota,8,Si
5792,IA_medio,20,Victoria,5,Si
5792,IA_dificil,17,Derrota,5,Si
5793,IA_facil,21,Victoria,5,Si
5793,IA_medio,18,Derrota,5,Si
5793,IA_dificil,20,Derrota,5,Si
5794,IA_facil,17,Derrota,6,Si
5794,IA_medio,19,Victoria,4,Si
5794,IA_dificil,22,Derrota,6,Si
5795,IA_facil,22,Derrota,7,Si
5795,IA_medio,20,Victoria,4,Si
5795,IA_dificil,22,Derrota,7,Si
5796,IA_facil,17,Derrota,4,Si
5796,IA_medio,19,Empate,5,Si
5796,IA_dificil,19,Empate,5,Si
5797,IA_facil,21,Empate,5,Si
5797,IA_medio,21,Empate,4,Si
5797,IA_dificil,20,Derrota,7,Si
5798,IA_facil,19,Derrota,6,Si
5798,IA_medio,20,Derrota,6,Si
5798,IA_dificil,21,Victoria,5,Si
5799,IA_facil,17,Derrota,4,Si
5799,IA_medio,21,Victoria,6,Si
5799,IA_dificil,18,Derrota,5,Si
5800,IA_facil,19,Empate,5,Si
5800,IA_medio,19,Empate,6,Si
5800,IA_dificil,17,Derrota,4,Si
5801,IA_facil,19,Derrota,5,Si
5801,IA_medio,20,Empate,4,Si
5801,IA_dificil,20,Empate,5,Si
5802,IA_facil,21,Empate,8,Si
5802,IA_medio,21,Empate,5,Si
5802,IA_dificil,17,Derrota,5,Si
5803,IA_facil,17,Derrota,6,Si
5803,IA_medio,21,Victoria,6,Si
5803,IA_dificil,17,Derrota,5,Si
5804,IA_facil,18,Derrota,4,Si
5804,IA_medio,24,Derrota,6,Si
5804,IA_dificil,21,Victoria,5,Si
5805,IA_facil,17,Derrota,5,Si
5805,IA_medio,21,Victoria,7,Si
5805,IA_dificil,18,Derrota,4,Si
5806,IA_facil,17,Derrota,5,Si
5806,IA_medio,20,Victoria,6,Si
5806,IA_dificil,17,Derrota,5,Si
5807,IA_facil,20,Victoria,6,Si
5807,IA_medio,25,Derrota,6,Si
5807,IA_dificil,18,Derrota,7,Si
5808,IA_facil,18,Victoria,7,Si
5808,IA_medio,22,Derrota,5,Si
5808,IA_dificil,24,Derrota,7,Si
5809,IA_facil,18,Derrota,6,Si
5809,IA_medio,19,Victoria,5,Si
5809,IA_dificil,17,Derrota,6,Si
5810,IA_facil,19,Derrota,4,Si
5810,IA_medio,18,Derrota,5,Si
5810,IA_dificil,20,Victoria,8,Si
5811,IA_facil,17,Derrota,6,Si
5811,IA_medio,23,Derrota,6,Si
5811,IA_dificil,21,Victoria,9,Si
5812,IA_facil,17,Derrota,5,Si
5812,IA_medio,20,Empate,5,Si
5812,IA_dificil,20,Empate,7,Si
5813,IA_facil,19,Victoria,5,Si
5813,IA_medio,23,Derrota,8,Si
5813,IA_dificil,25,Derrota,6,Si
5814,IA_facil,17,Derrota,5,Si
5814,IA_medio,21,Victoria,7,Si
5814,IA_dificil,17,Derrota,4,Si
5815,IA_facil,17,Derrota,6,Si
5815,IA_medio,21,Victoria,6,Si
5815,IA_dificil,18,Derrota,6,Si
5816,IA_facil,19,Victoria,5,Si
5816,IA_medio,24,Derrota,8,Si
5816,IA_dificil,18,Derrota,5,Si
5817,IA_facil,19,Derrota,6,Si
5817,IA_medio,20,Empate,6,Si
5817,IA_dificil,20,Empate,5,Si
5818,IA_facil,18,Victoria,5,Si
5818,IA_medio,22,Derrota,6,Si
5818,IA_dificil,23,Derrota,8,Si
5819,IA_facil,17,Derrota,5,Si
5819,IA_medio,19,Victoria,5,Si
5819,IA_dificil,22,Derrota,7,Si
5820,IA_facil,20,Victoria,5,Si
5820,IA_medio,17,Derrota,6,Si
5820,IA_dificil,24,Derrota,5,Si
5821,IA_facil,19,Victoria,5,Si
5821,IA_medio,17,Derrota,7,Si
5821,IA_dificil,17,Derrota,6,Si
5822,IA_facil,20,Derrota,5,Si
5822,IA_medio,18,Derrota,6,Si
5822,IA_dificil,21,Victoria,4,Si
5823,IA_facil,17,Derrota,5,Si
5823,IA_medio,21,Victoria,6,Si
5823,IA_dificil,18,Derrota,4,Si
5824,IA_facil,19,Derrota,6,Si
5824,IA_medio,20,Victoria,8,Si
5824,IA_dificil,18,Derrota,5,Si
5825,IA_facil,17,Derrota,6,Si
5825,IA_medio,20,Derrota,5,Si
5825,IA_dificil,21,Victoria,4,Si
5826,IA_facil,17,Derrota,6,Si
5826,IA_medio,21,Empate,6,Si
5826,IA_dificil,21,Empate,9,Si
5827,IA_facil,17,Derrota,3,Si
5827,IA_medio,19,Derrota,6,Si
5827,IA_dificil,21,Victoria,7,Si
5828,IA_facil,19,Victoria,5,Si
5828,IA_medio,18,Derrota,5,Si
5828,IA_dificil,22,Derrota,8,Si
5829,IA_facil,17,Derrota,5,Si
5829,IA_medio,20,Victoria,8,Si
5829,IA_dificil,22,Derrota,6,Si
5830,IA_facil,19,Derrota,5,Si
5830,IA_medio,18,Derrota,5,Si
5830,IA_dificil,20,Victoria,7,Si
5831,IA_facil,17,Derrota,4,Si
5831,IA_medio,19,Victoria,6,Si
5831,IA_dificil,18,Derrota,5,Si
5832,IA_facil,19,Empate,6,Si
5832,IA_medio,19,Empate,6,Si
5832,IA_dificil,19,Empate,5,Si
5833,IA_facil,19,Victoria,5,Si
5833,IA_medio,18,Derrota,5,Si
5833,IA_dificil,17,Derrota,5,Si
5834,IA_facil,19,Derrota,5,Si
5834,IA_medio,23,Derrota,6,Si
5834,IA_dificil,21,Victoria,5,Si
5835,IA_facil,17,Derrota,5,Si
5835,IA_medio,21,Victoria,6,Si
5835,IA_dificil,19,Derrota,6,Si
5836,IA_facil,22,Derrota,5,Si
5836,IA_medio,18,Derrota,4,Si
5836,IA_dificil,20,Victoria,6,Si
5837,IA_facil,17,Empate,5,Si
5837,IA_medio,25,Derrota,5,Si
5837,IA_dificil,17,Empate,6,Si
5838,IA_facil,19,Victoria,5,Si
5838,IA_medio,22,Derrota,5,Si
5838,IA_dificil,18,Derrota,6,Si
5839,IA_facil,20,Derrota,4,Si
5839,IA_medio,21,Victoria,5,Si
5839,IA_dificil,19,Derrota,6,Si
5840,IA_facil,19,Derrota,4,Si
5840,IA_medio,21,Empate,6,Si
5840,IA_dificil,21,Empate,6,Si
5841,IA_facil,19,Derrota,6,Si
5841,IA_medio,17,Derrota,4,Si
5841,IA_dificil,21,Victoria,6,Si
5842,IA_facil,18,Victoria,5,Si
5842,IA_medio,17,Derrota,6,Si
5842,IA_dificil,17,Derrota,4,Si
5843,IA_facil,17,Derrota,5,Si
5843,IA_medio,20,Derrota,5,Si
5843,IA_dificil,21,Victoria,5,Si
5844,IA_facil,20,Victoria,6,Si
5844,IA_medio,19,Derrota,4,Si
5844,IA_dificil,17,Derrota,8,Si
5845,IA_facil,17,Derrota,5,Si
5845,IA_medio,17,Derrota,4,Si
5845,IA_dificil,20,Victoria,4,Si
5846,IA_facil,19,Derrota,5,Si
5846,IA_medio,21,Victoria,5,Si
5846,IA_dificil,20,Derrota,6,Si
5847,IA_facil,18,Derrota,7,Si
5847,IA_medio,19,Derrota,4,Si
5847,IA_dificil,21,Victoria,5,Si
5848,IA_facil,21,Victoria,5,Si
5848,IA_medio,20,Derrota,5,Si
5848,IA_dificil,20,Derrota,4,Si
5849,IA_facil,18,Derrota,5,Si
5849,IA_medio,17,Derrota,5,Si
5849,IA_dificil,20,Victoria,7,Si
5850,IA_facil,17,Derrota,4,Si
5850,IA_medio,19,Victoria,7,Si
5850,IA_dificil,23,Derrota,8,Si
5851,IA_facil,18,Derrota,6,Si
5851,IA_medio,22,Derrota,5,Si
5851,IA_dificil,19,Victoria,7,Si
5852,IA_facil,18,Victoria,5,Si
5852,IA_medio,25,Derrota,8,Si
5852,IA_dificil,17,Derrota,5,Si
5853,IA_facil,17,Derrota,7,Si
5853,IA_medio,21,Empate,9,Si
5853,IA_dificil,21,Empate,8,Si
5854,IA_facil,19,Empate,4,Si
5854,IA_medio,19,Empate,6,Si
5854,IA_dificil,18,Derrota,6,Si
5855,IA_facil,18,Derrota,4,Si
5855,IA_medio,22,Derrota,7,Si
5855,IA_dificil,20,Victoria,8,Si
5856,IA_facil,21,Victoria,4,Si
5856,IA_medio,17,Derrota,4,Si
5856,IA_dificil,20,Derrota,6,Si
5857,IA_facil,17,Derrota,7,Si
5857,IA_medio,20,Victoria,5,Si
5857,IA_dificil,19,Derrota,7,Si
5858,IA_facil,18,Empate,7,Si
5858,IA_medio,18,Empate,7,Si
5858,IA_dificil,17,Derrota,5,Si
5859,IA_facil,17,Derrota,5,Si
5859,IA_medio,20,Empate,5,Si
5859,IA_dificil,20,Empate,6,Si
5860,IA_facil,18,Derrota,9,Si
5860,IA_medio,21,Victoria,5,Si
5860,IA_dificil,20,Derrota,5,Si
5861,IA_facil,17,Derrota,6,Si
5861,IA_medio,22,Derrota,6,Si
5861,IA_dificil,20,Victoria,5,Si
5862,IA_facil,20,Empate,5,Si
5862,IA_medio,20,Empate,6,Si
5862,IA_dificil,18,Derrota,5,Si
5863,IA_facil,19,Derrota,5,Si
5863,IA_medio,20,Empate,4,Si
5863,IA_dificil,20,Empate,6,Si
5864,IA_facil,18,Derrota,5,Si
5864,IA_medio,24,Derrota,5,Si
5864,IA_dificil,21,Victoria,5,Si
5865,IA_facil,21,Victoria,5,Si
5865,IA_medio,20,Derrota,5,Si
5865,IA_dificil,23,Derrota,9,Si
5866,IA_facil,22,Derrota,6,Si
5866,IA_medio,20,Empate,7,Si
5866,IA_dificil,20,Empate,4,Si
5867,IA_facil,17,Derrota,4,Si
5867,IA_medio,19,Victoria,8,Si
5867,IA_dificil,18,Derrota,6,Si
5868,IA_facil,22,Derrota,5,Si
5868,IA_medio,21,Victoria,6,Si
5868,IA_dificil,19,Derrota,4,Si
5869,IA_facil,18,Empate,5,Si
5869,IA_medio,18,Empate,5,Si
5869,IA_dificil,17,Derrota,5,Si
5870,IA_facil,17,Derrota,7,Si
5870,IA_medio,24,Derrota,8,Si
5870,IA_dificil,20,Victoria,6,Si
5871,IA_facil,20,Victoria,6,Si
5871,IA_medio,24,Derrota,6,Si
5871,IA_dificil,22,Derrota,5,Si
5872,IA_facil,17,Derrota,7,Si
5872,IA_medio,21,Victoria,4,Si
5872,IA_dificil,17,Derrota,4,Si
5873,IA_facil,19,Derrota,4,Si
5873,IA_medio,19,Derrota,5,Si
5873,IA_dificil,21,Victoria,5,Si
5874,IA_facil,21,Victoria,6,Si
5874,IA_medio,20,Derrota,4,Si
5874,IA_dificil,19,Derrota,7,Si
5875,IA_facil,19,Derrota,6,Si
5875,IA_medio,21,Victoria,5,Si
5875,IA_dificil,23,Derrota,5,Si
5876,IA_facil,18,Derrota,6,Si
5876,IA_medio,20,Victoria,7,Si
5876,IA_dificil,19,Derrota,5,Si
5877,IA_facil,18,Derrota,4,Si
5877,IA_medio,20,Empate,9,Si
5877,IA_dificil,20,Empate,5,Si
5878,IA_facil,18,Derrota,7,Si
5878,IA_medio,22,Derrota,6,Si
5878,IA_dificil,21,Victoria,4,Si
5879,IA_facil,19,Derrota,4,Si
5879,IA_medio,22,Derrota,8,Si
5879,IA_dificil,21,Victoria,4,Si
5880,IA_facil,21,Empate,6,Si
5880,IA_medio,24,Derrota,5,Si
5880,IA_dificil,21,Empate,8,Si
5881,IA_facil,18,Derrota,7,Si
5881,IA_medio,21,Victoria,6,Si
5881,IA_dificil,20,Derrota,7,Si
5882,IA_facil,20,Victoria,5,Si
5882,IA_medio,19,Derrota,5,Si
5882,IA_dificil,17,Derrota,5,Si
5883,IA_facil,17,Derrota,5,Si
5883,IA_medio,21,Victoria,5,Si
5883,IA_dificil,19,Derrota,5,Si
5884,IA_facil,21,Empate,5,Si
5884,IA_medio,17,Derrota,5,Si
5884,IA_dificil,21,Empate,6,Si
5885,IA_facil,17,Derrota,6,Si
5885,IA_medio,19,Victoria,5,Si
5885,IA_dificil,18,Derrota,6,Si
5886,IA_facil,19,Derrota,5,Si
5886,IA_medio,21,Victoria,5,Si
5886,IA_dificil,20,Derrota,7,Si
5887,IA_facil,18,Derrota,7,Si
5887,IA_medio,21,Victoria,4,Si
5887,IA_dificil,22,Derrota,6,Si
5888,IA_facil,20,Victoria,5,Si
5888,IA_medio,17,Derrota,5,Si
5888,IA_dificil,22,Derrota,5,Si
5889,IA_facil,18,Derrota,4,Si
5889,IA_medio,24,Derrota,6,Si
5889,IA_dificil,20,Victoria,4,Si
5890,IA_facil,17,Derrota,6,Si
5890,IA_medio,24,Derrota,5,Si
5890,IA_dificil,20,Victoria,6,Si
5891,IA_facil,17,Derrota,5,Si
5891,IA_medio,22,Derrota,8,Si
5891,IA_dificil,18,Victoria,6,Si
5892,IA_facil,20,Derrota,7,Si
5892,IA_medio,20,Derrota,6,Si
5892,IA_dificil,21,Victoria,4,Si
5893,IA_facil,17,Derrota,5,Si
5893,IA_medio,20,Empate,4,Si
5893,IA_dificil,20,Empate,5,Si
5894,IA_facil,17,Derrota,7,Si
5894,IA_medio,21,Empate,6,Si
5894,IA_dificil,21,Empate,6,Si
5895,IA_facil,17,Derrota,5,Si
5895,IA_medio,17,Derrota,5,Si
5895,IA_dificil,19,Victoria,6,Si
5896,IA_facil,18,Victoria,4,Si
5896,IA_medio,22,Derrota,6,Si
5896,IA_dificil,22,Derrota,7,Si
5897,IA_facil,18,Victoria,5,Si
5897,IA_medio,23,Derrota,6,Si
5897,IA_dificil,17,Derrota,5,Si
5898,IA_facil,21,Empate,4,Si
5898,IA_medio,21,Empate,6,Si
5898,IA_dificil,17,Derrota,6,Si
5899,IA_facil,17,Derrota,4,Si
5899,IA_medio,22,Derrota,5,Si
5899,IA_dificil,19,Victoria,8,Si
5900,IA_facil,19,Derrota,5,Si
5900,IA_medio,21,Victoria,8,Si
5900,IA_dificil,20,Derrota,5,Si
5901,IA_facil,20,Empate,7,Si
5901,IA_medio,20,Empate,5,Si
5901,IA_dificil,18,Derrota,6,Si
5902,IA_facil,17,Derrota,5,Si
5902,IA_medio,18,Derrota,5,Si
5902,IA_dificil,19,Victoria,4,Si
5903,IA_facil,18,Derrota,4,Si
5903,IA_medio,19,Victoria,5,Si
5903,IA_dificil,22,Derrota,6,Si
5904,IA_facil,17,Empate,4,Si
5904,IA_medio,23,Derrota,7,Si
5904,IA_dificil,17,Empate,6,Si
5905,IA_facil,18,Victoria,5,Si
5905,IA_medio,17,Derrota,7,Si
5905,IA_dificil,24,Derrota,10,Si
5906,IA_facil,18,Derrota,3,Si
5906,IA_medio,21,Victoria,5,Si
5906,IA_dificil,19,Derrota,8,Si
5907,IA_facil,20,Empate,7,Si
5907,IA_medio,20,Empate,5,Si
5907,IA_dificil,20,Empate,7,Si
5908,IA_facil,22,Derrota,5,Si
5908,IA_medio,20,Empate,5,Si
5908,IA_dificil,20,Empate,6,Si
5909,IA_facil,18,Derrota,5,Si
5909,IA_medio,20,Empate,5,Si
5909,IA_dificil,20,Empate,7,Si
5910,IA_facil,18,Derrota,5,Si
5910,IA_medio,23,Derrota,6,Si
5910,IA_dificil,21,Victoria,4,Si
5911,IA_facil,18,Victoria,5,Si
5911,IA_medio,23,Derrota,8,Si
5911,IA_dificil,24,Derrota,6,Si
5912,IA_facil,19,Derrota,5,Si
5912,IA_medio,21,Victoria,5,Si
5912,IA_dificil,18,Derrota,6,Si
5913,IA_facil,18,Victoria,7,Si
5913,IA_medio,22,Derrota,6,Si
5913,IA_dificil,23,Derrota,7,Si
5914,IA_facil,18,Derrota,6,Si
5914,IA_medio,20,Victoria,7,Si
5914,IA_dificil,22,Derrota,7,Si
5915,IA_facil,18,Derrota,7,Si
5915,IA_medio,20,Empate,7,Si
5915,IA_dificil,20,Empate,4,Si
5916,IA_facil,19,Derrota,6,Si
5916,IA_medio,20,Victoria,5,Si
5916,IA_dificil,22,Derrota,6,Si
5917,IA_facil,19,Empate,6,Si
5917,IA_medio,19,Empate,6,Si
5917,IA_dificil,17,Derrota,6,Si
5918,IA_facil,17,Derrota,4,Si
5918,IA_medio,20,Victoria,6,Si
5918,IA_dificil,23,Derrota,5,Si
5919,IA_facil,18,Derrota,5,Si
5919,IA_medio,20,Victoria,8,Si
5919,IA_dificil,18,Derrota,5,Si
5920,IA_facil,19,Empate,4,Si
5920,IA_medio,19,Empate,5,Si
5920,IA_dificil,19,Empate,4,Si
5921,IA_facil,19,Derrota,6,Si
5921,IA_medio,20,Victoria,5,Si
5921,IA_dificil,18,Derrota,5,Si
5922,IA_facil,17,Empate,5,Si
5922,IA_medio,22,Derrota,7,Si
5922,IA_dificil,17,Empate,5,Si
5923,IA_facil,18,Derrota,4,Si
5923,IA_medio,21,Victoria,6,Si
5923,IA_dificil,19,Derrota,6,Si
5924,IA_facil,18,Victoria,4,Si
5924,IA_medio,22,Derrota,10,Si
5924,IA_dificil,17,Derrota,4,Si
5925,IA_facil,21,Victoria,6,Si
5925,IA_medio,18,Derrota,5,Si
5925,IA_dificil,19,Derrota,6,Si
5926,IA_facil,19,Derrota,5,Si
5926,IA_medio,20,Victoria,9,Si
5926,IA_dificil,25,Derrota,6,Si
5927,IA_facil,18,Derrota,5,Si
5927,IA_medio,21,Victoria,5,Si
5927,IA_dificil,18,Derrota,5,Si
5928,IA_facil,21,Empate,6,Si
5928,IA_medio,21,Empate,5,Si
5928,IA_dificil,24,Derrota,5,Si
5929,IA_facil,17,Empate,5,Si
5929,IA_medio,17,Empate,5,Si
5929,IA_dificil,17,Empate,8,Si
5930,IA_facil,21,Victoria,5,Si
5930,IA_medio,25,Derrota,6,Si
5930,IA_dificil,17,Derrota,4,Si
5931,IA_facil,17,Derrota,5,Si
5931,IA_medio,18,Empate,7,Si
5931,IA_dificil,18,Empate,4,Si
5932,IA_facil,18,Derrota,4,Si
5932,IA_medio,22,Derrota,6,Si
5932,IA_dificil,19,Victoria,6,Si
5933,IA_facil,20,Victoria,5,Si
5933,IA_medio,17,Derrota,4,Si
5933,IA_dificil,17,Derrota,4,Si
5934,IA_facil,17,Derrota,3,Si
5934,IA_medio,19,Empate,5,Si
5934,IA_dificil,19,Empate,4,Si
5935,IA_facil,19,Derrota,6,Si
5935,IA_medio,19,Derrota,6,Si
5935,IA_dificil,21,Victoria,4,Si
5936,IA_facil,20,Derrota,6,Si
5936,IA_medio,23,Derrota,6,Si
5936,IA_dificil,21,Victoria,6,Si
5937,IA_facil,21,Victoria,5,Si
5937,IA_medio,19,Derrota,5,Si
5937,IA_dificil,17,Derrota,5,Si
5938,IA_facil,17,Derrota,5,Si
5938,IA_medio,19,Victoria,5,Si
5938,IA_dificil,17,Derrota,4,Si
5939,IA_facil,20,Derrota,5,Si
5939,IA_medio,19,Derrota,5,Si
5939,IA_dificil,21,Victoria,7,Si
5940,IA_facil,18,Derrota,5,Si
5940,IA_medio,18,Derrota,4,Si
5940,IA_dificil,20,Victoria,5,Si
5941,IA_facil,18,Derrota,5,Si
5941,IA_medio,20,Victoria,5,Si
5941,IA_dificil,17,Derrota,5,Si
5942,IA_facil,20,Empate,6,Si
5942,IA_medio,20,Empate,6,Si
5942,IA_dificil,18,Derrota,5,Si
5943,IA_facil,18,Derrota,6,Si
5943,IA_medio,18,Derrota,5,Si
5943,IA_dificil,20,Victoria,7,Si
5944,IA_facil,17,Derrota,8,Si
5944,IA_medio,20,Victoria,5,Si
5944,IA_dificil,17,Derrota,4,Si
5945,IA_facil,18,Derrota,4,Si
5945,IA_medio,19,Victoria,4,Si
5945,IA_dificil,25,Derrota,7,Si
5946,IA_facil,17,Derrota,5,Si
5946,IA_medio,20,Victoria,7,Si
5946,IA_dificil,23,Derrota,8,Si
5947,IA_facil,19,Derrota,6,Si
5947,IA_medio,21,Victoria,7,Si
5947,IA_dificil,18,Derrota,4,Si
5948,IA_facil,17,Derrota,6,Si
5948,IA_medio,18,Derrota,5,Si
5948,IA_dificil,21,Victoria,5,Si
5949,IA_facil,19,Derrota,6,Si
5949,IA_medio,21,Victoria,8,Si
5949,IA_dificil,20,Derrota,7,Si
5950,IA_facil,18,Derrota,9,Si
5950,IA_medio,19,Victoria,4,Si
5950,IA_dificil,17,Derrota,5,Si
5951,IA_facil,20,Derrota,6,Si
5951,IA_medio,21,Victoria,6,Si
5951,IA_dificil,17,Derrota,6,Si
5952,IA_facil,17,Derrota,4,Si
5952,IA_medio,19,Victoria,8,Si
5952,IA_dificil,23,Derrota,5,Si
5953,IA_facil,19,Victoria,5,Si
5953,IA_medio,17,Derrota,8,Si
5953,IA_dificil,24,Derrota,9,Si
5954,IA_facil,17,Derrota,4,Si
5954,IA_medio,18,Empate,7,Si
5954,IA_dificil,18,Empate,7,Si
5955,IA_facil,21,Victoria,5,Si
5955,IA_medio,18,Derrota,5,Si
5955,IA_dificil,17,Derrota,6,Si
5956,IA_facil,19,Derrota,6,Si
5956,IA_medio,18,Derrota,6,Si
5956,IA_dificil,20,Victoria,4,Si
5957,IA_facil,19,Victoria,5,Si
5957,IA_medio,22,Derrota,5,Si
5957,IA_dificil,18,Derrota,7,Si
5958,IA_facil,19,Empate,5,Si
5958,IA_medio,24,Derrota,7,Si
5958,IA_dificil,19,Empate,6,Si
5959,IA_facil,19,Derrota,6,Si
5959,IA_medio,17,Derrota,5,Si
5959,IA_dificil,20,Victoria,6,Si
5960,IA_facil,17,Derrota,4,Si
5960,IA_medio,18,Victoria,5,Si
5960,IA_dificil,23,Derrota,7,Si
5961,IA_facil,17,Derrota,6,Si
5961,IA_medio,19,Derrota,5,Si
5961,IA_dificil,21,Victoria,5,Si
5962,IA_facil,19,Derrota,5,Si
5962,IA_medio,20,Victoria,7,Si
5962,IA_dificil,17,Derrota,5,Si
5963,IA_facil,19,Victoria,6,Si
5963,IA_medio,18,Derrota,7,Si
5963,IA_dificil,18,Derrota,5,Si
5964,IA_facil,17,Derrota,5,Si
5964,IA_medio,21,Victoria,7,Si
5964,IA_dificil,17,Derrota,5,Si
5965,IA_facil,17,Derrota,9,Si
5965,IA_medio,20,Victoria,5,Si
5965,IA_dificil,23,Derrota,6,Si
5966,IA_facil,18,Derrota,6,Si
5966,IA_medio,21,Victoria,6,Si
5966,IA_dificil,18,Derrota,4,Si
5967,IA_facil,21,Victoria,8,Si
5967,IA_medio,23,Derrota,7,Si
5967,IA_dificil,19,Derrota,6,Si
5968,IA_facil,18,Derrota,5,Si
5968,IA_medio,21,Victoria,6,Si
5968,IA_dificil,17,Derrota,4,Si
5969,IA_facil,17,Derrota,5,Si
5969,IA_medio,19,Empate,4,Si
5969,IA_dificil,19,Empate,6,Si
5970,IA_facil,18,Derrota,6,Si
5970,IA_medio,19,Victoria,4,Si
5970,IA_dificil,18,Derrota,6,Si
5971,IA_facil,17,Derrota,7,Si
5971,IA_medio,21,Victoria,4,Si
5971,IA_dificil,20,Derrota,6,Si
5972,IA_facil,21,Empate,9,Si
5972,IA_medio,21,Empate,5,Si
5972,IA_dificil,18,Derrota,4,Si
5973,IA_facil,19,Victoria,6,Si
5973,IA_medio,18,Derrota,5,Si
5973,IA_dificil,17,Derrota,4,Si
5974,IA_facil,19,Derrota,4,Si
5974,IA_medio,22,Derrota,7,Si
5974,IA_dificil,20,Victoria,4,Si
5975,IA_facil,17,Derrota,5,Si
5975,IA_medio,18,Empate,6,Si
5975,IA_dificil,18,Empate,7,Si
5976,IA_facil,18,Derrota,5,Si
5976,IA_medio,22,Derrota,6,Si
5976,IA_dificil,19,Victoria,4,Si
5977,IA_facil,19,Derrota,6,Si
5977,IA_medio,19,Derrota,8,Si
5977,IA_dificil,20,Victoria,6,Si
5978,IA_facil,21,Victoria,9,Si
5978,IA_medio,24,Derrota,5,Si
5978,IA_dificil,17,Derrota,5,Si
5979,IA_facil,18,Derrota,6,Si
5979,IA_medio,18,Derrota,4,Si
5979,IA_dificil,21,Victoria,6,Si
5980,IA_facil,18,Victoria,5,Si
5980,IA_medio,22,Derrota,7,Si
5980,IA_dificil,17,Derrota,5,Si
5981,IA_facil,21,Victoria,6,Si
5981,IA_medio,20,Derrota,4,Si
5981,IA_dificil,18,Derrota,4,Si
5982,IA_facil,22,Derrota,5,Si
5982,IA_medio,20,Victoria,6,Si
5982,IA_dificil,18,Derrota,4,Si
5983,IA_facil,17,Derrota,5,Si
5983,IA_medio,20,Empate,10,Si
5983,IA_dificil,20,Empate,7,Si
5984,IA_facil,19,Empate,5,Si
5984,IA_medio,19,Empate,7,Si
5984,IA_dificil,17,Derrota,6,Si
5985,IA_facil,19,Empate,6,Si
5985,IA_medio,19,Empate,4,Si
5985,IA_dificil,24,Derrota,8,Si
5986,IA_facil,18,Derrota,5,Si
5986,IA_medio,20,Derrota,4,Si
5986,IA_dificil,21,Victoria,6,Si
5987,IA_facil,18,Victoria,6,Si
5987,IA_medio,22,Derrota,7,Si
5987,IA_dificil,22,Derrota,4,Si
5988,IA_facil,17,Derrota,4,Si
5988,IA_medio,19,Derrota,6,Si
5988,IA_dificil,20,Victoria,9,Si
5989,IA_facil,20,Empate,4,Si
5989,IA_medio,23,Derrota,8,Si
5989,IA_dificil,20,Empate,7,Si
5990,IA_facil,19,Derrota,9,Si
5990,IA_medio,20,Victoria,5,Si
5990,IA_dificil,19,Derrota,5,Si
5991,IA_facil,18,Derrota,5,Si
5991,IA_medio,20,Victoria,6,Si
5991,IA_dificil,19,Derrota,4,Si
5992,IA_facil,20,Victoria,5,Si
5992,IA_medio,18,Derrota,4,Si
5992,IA_dificil,17,Derrota,10,Si
5993,IA_facil,17,Derrota,6,Si
5993,IA_medio,21,Victoria,8,Si
5993,IA_dificil,20,Derrota,4,Si
5994,IA_facil,21,Victoria,5,Si
5994,IA_medio,20,Derrota,6,Si
5994,IA_dificil,20,Derrota,5,Si
5995,IA_facil,17,Empate,5,Si
5995,IA_medio,17,Empate,9,Si
5995,IA_dificil,24,Derrota,6,Si
5996,IA_facil,17,Empate,6,Si
5996,IA_medio,23,Derrota,7,Si
5996,IA_dificil,17,Empate,8,Si
5997,IA_facil,20,Derrota,5,Si
5997,IA_medio,20,Derrota,5,Si
5997,IA_dificil,21,Victoria,7,Si
5998,IA_facil,17,Derrota,5,Si
5998,IA_medio,17,Derrota,3,Si
5998,IA_dificil,21,Victoria,5,Si
5999,IA_facil,17,Derrota,4,Si
5999,IA_medio,18,Derrota,7,Si
5999,IA_dificil,19,Victoria,5,Si
6000,IA_facil,19,Victoria,6,Si
6000,IA_medio,18,Derrota,4,Si
6000,IA_dificil,23,Derrota,5,Si
6001,IA_facil,17,Derrota,5,Si
6001,IA_medio,23,Derrota,9,Si
6001,IA_dificil,18,Victoria,5,Si
6002,IA_facil,18,Derrota,3,Si
6002,IA_medio,20,Victoria,6,Si
6002,IA_dificil,19,Derrota,7,Si
6003,IA_facil,19,Derrota,5,Si
6003,IA_medio,24,Derrota,6,Si
6003,IA_dificil,20,Victoria,8,Si
6004,IA_facil,18,Derrota,4,Si
6004,IA_medio,21,Victoria,6,Si
6004,IA_dificil,20,Derrota,6,Si
6005,IA_facil,20,Victoria,6,Si
6005,IA_medio,18,Derrota,6,Si
6005,IA_dificil,23,Derrota,7,Si
6006,IA_facil,17,Derrota,5,Si
6006,IA_medio,18,Derrota,4,Si
6006,IA_dificil,21,Victoria,7,Si
6007,IA_facil,17,Victoria,5,Si
6007,IA_medio,22,Derrota,5,Si
6007,IA_dificil,25,Derrota,7,Si
6008,IA_facil,20,Victoria,7,Si
6008,IA_medio,18,Derrota,8,Si
6008,IA_dificil,22,Derrota,7,Si
6009,IA_facil,21,Victoria,5,Si
6009,IA_medio,23,Derrota,6,Si
6009,IA_dificil,20,Derrota,5,Si
6010,IA_facil,19,Victoria,5,Si
6010,IA_medio,18,Derrota,4,Si
6010,IA_dificil,18,Derrota,4,Si
6011,IA_facil,21,Victoria,6,Si
6011,IA_medio,18,Derrota,5,Si
6011,IA_dificil,17,Derrota,4,Si
6012,IA_facil,17,Derrota,5,Si
6012,IA_medio,18,Victoria,5,Si
6012,IA_dificil,22,Derrota,7,Si
6013,IA_facil,20,Derrota,5,Si
6013,IA_medio,24,Derrota,7,Si
6013,IA_dificil,21,Victoria,8,Si
6014,IA_facil,19,Empate,4,Si
6014,IA_medio,23,Derrota,8,Si
6014,IA_dificil,19,Empate,4,Si
6015,IA_facil,17,Derrota,5,Si
6015,IA_medio,20,Victoria,5,Si
6015,IA_dificil,17,Derrota,6,Si
6016,IA_facil,18,Victoria,5,Si
6016,IA_medio,17,Derrota,6,Si
6016,IA_dificil,22,Derrota,8,Si
6017,IA_facil,17,Derrota,4,Si
6017,IA_medio,22,Derrota,7,Si
6017,IA_dificil,21,Victoria,5,Si
6018,IA_facil,19,Victoria,5,Si
6018,IA_medio,23,Derrota,6,Si
6018,IA_dificil,23,Derrota,6,Si
6019,IA_facil,20,Derrota,8,Si
6019,IA_medio,21,Victoria,8,Si
6019,IA_dificil,19,Derrota,6,Si
6020,IA_facil,17,Derrota,6,Si
6020,IA_medio,24,Derrota,7,Si
6020,IA_dificil,20,Victoria,6,Si
6021,IA_facil,20,Victoria,6,Si
6021,IA_medio,25,Derrota,7,Si
6021,IA_dificil,23,Derrota,5,Si
6022,IA_facil,19,Victoria,5,Si
6022,IA_medio,18,Derrota,5,Si
6022,IA_dificil,17,Derrota,3,Si
6023,IA_facil,17,Derrota,5,Si
6023,IA_medio,20,Derrota,7,Si
6023,IA_dificil,21,Victoria,5,Si
6024,IA_facil,20,Empate,6,Si
6024,IA_medio,22,Derrota,6,Si
6024,IA_dificil,20,Empate,6,Si
6025,IA_facil,21,Victoria,6,Si
6025,IA_medio,22,Derrota,5,Si
6025,IA_dificil,20,Derrota,7,Si
6026,IA_facil,20,Victoria,5,Si
6026,IA_medio,24,Derrota,7,Si
6026,IA_dificil,19,Derrota,5,Si
6027,IA_facil,18,Derrota,4,Si
6027,IA_medio,21,Victoria,6,Si
6027,IA_dificil,20,Derrota,6,Si
6028,IA_facil,17,Derrota,4,Si
6028,IA_medio,20,Victoria,8,Si
6028,IA_dificil,22,Derrota,5,Si
6029,IA_facil,17,Derrota,5,Si
6029,IA_medio,22,Derrota,6,Si
6029,IA_dificil,19,Victoria,6,Si
6030,IA_facil,19,Empate,5,Si
6030,IA_medio,24,Derrota,7,Si
6030,IA_dificil,19,Empate,7,Si
6031,IA_facil,17,Derrota,4,Si
6031,IA_medio,17,Derrota,4,Si
6031,IA_dificil,21,Victoria,5,Si
6032,IA_facil,19,Derrota,6,Si
6032,IA_medio,21,Empate,5,Si
6032,IA_dificil,21,Empate,6,Si
6033,IA_facil,20,Empate,5,Si
6033,IA_medio,19,Derrota,6,Si
6033,IA_dificil,20,Empate,5,Si
6034,IA_facil,17,Empate,5,Si
6034,IA_medio,17,Empate,5,Si
6034,IA_dificil,17,Empate,6,Si
6035,IA_facil,19,Derrota,6,Si
6035,IA_medio,17,Derrota,6,Si
6035,IA_dificil,21,Victoria,6,Si
6036,IA_facil,18,Derrota,6,Si
6036,IA_medio,20,Victoria,5,Si
6036,IA_dificil,17,Derrota,4,Si
6037,IA_facil,21,Victoria,5,Si
6037,IA_medio,19,Derrota,6,Si
6037,IA_dificil,20,Derrota,9,Si
6038,IA_facil,20,Victoria,7,Si
6038,IA_medio,22,Derrota,7,Si
6038,IA_dificil,17,Derrota,6,Si
6039,IA_facil,17,Empate,8,Si
6039,IA_medio,17,Empate,4,Si
6039,IA_dificil,22,Derrota,5,Si
6040,IA_facil,17,Derrota,4,Si
6040,IA_medio,22,Derrota,5,Si
6040,IA_dificil,21,Victoria,9,Si
6041,IA_facil,20,Victoria,6,Si
6041,IA_medio,19,Derrota,6,Si
6041,IA_dificil,19,Derrota,8,Si
6042,IA_facil,19,Victoria,4,Si
6042,IA_medio,18,Derrota,5,Si
6042,IA_dificil,17,Derrota,6,Si
6043,IA_facil,17,Derrota,5,Si
6043,IA_medio,22,Derrota,8,Si
6043,IA_dificil,20,Victoria,7,Si
6044,IA_facil,20,Derrota,4,Si
6044,IA_medio,21,Empate,7,Si
6044,IA_dificil,21,Empate,7,Si
6045,IA_facil,17,Derrota,4,Si
6045,IA_medio,19,Victoria,7,Si
6045,IA_dificil,18,Derrota,4,Si
6046,IA_facil,19,Derrota,4,Si
6046,IA_medio,20,Victoria,5,Si
6046,IA_dificil,17,Derrota,7,Si
6047,IA_facil,17,Empate,6,Si
6047,IA_medio,23,Derrota,6,Si
6047,IA_dificil,17,Empate,6,Si
6048,IA_facil,22,Derrota,7,Si
6048,IA_medio,21,Victoria,4,Si
6048,IA_dificil,17,Derrota,4,Si
6049,IA_facil,22,Derrota,4,Si
6049,IA_medio,22,Derrota,4,Si
6049,IA_dificil,17,Victoria,6,Si
6050,IA_facil,18,Derrota,7,Si
6050,IA_medio,19,Victoria,6,Si
6050,IA_dificil,17,Derrota,3,Si
6051,IA_facil,18,Empate,5,Si
6051,IA_medio,22,Derrota,5,Si
6051,IA_dificil,18,Empate,6,Si
6052,IA_facil,20,Empate,6,Si
6052,IA_medio,24,Derrota,7,Si
6052,IA_dificil,20,Empate,6,Si
6053,IA_facil,19,Derrota,5,Si
6053,IA_medio,17,Derrota,5,Si
6053,IA_dificil,21,Victoria,4,Si
6054,IA_facil,19,Derrota,4,Si
6054,IA_medio,20,Victoria,7,Si
6054,IA_dificil,17,Derrota,5,Si
6055,IA_facil,17,Derrota,5,Si
6055,IA_medio,20,Empate,7,Si
6055,IA_dificil,20,Empate,5,Si
6056,IA_facil,17,Empate,3,Si
6056,IA_medio,22,Derrota,5,Si
6056,IA_dificil,17,Empate,6,Si
6057,IA_facil,20,Victoria,5,Si
6057,IA_medio,23,Derrota,5,Si
6057,IA_dificil,17,Derrota,6,Si
6058,IA_facil,20,Victoria,5,Si
6058,IA_medio,19,Derrota,7,Si
6058,IA_dificil,18,Derrota,4,Si
6059,IA_facil,18,Derrota,5,Si
6059,IA_medio,24,Derrota,5,Si
6059,IA_dificil,20,Victoria,5,Si
6060,IA_facil,18,Victoria,4,Si
6060,IA_medio,22,Derrota,5,Si
6060,IA_dificil,23,Derrota,5,Si
6061,IA_facil,18,Derrota,5,Si
6061,IA_medio,22,Derrota,5,Si
6061,IA_dificil,21,Victoria,7,Si
6062,IA_facil,17,Empate,4,Si
6062,IA_medio,17,Empate,4,Si
6062,IA_dificil,17,Empate,4,Si
6063,IA_facil,17,Derrota,4,Si
6063,IA_medio,19,Derrota,4,Si
6063,IA_dificil,21,Victoria,7,Si
6064,IA_facil,18,Derrota,5,Si
6064,IA_medio,18,Derrota,9,Si
6064,IA_dificil,19,Victoria,6,Si
6065,IA_facil,19,Empate,4,Si
6065,IA_medio,19,Empate,5,Si
6065,IA_dificil,22,Derrota,5,Si
6066,IA_facil,17,Derrota,4,Si
6066,IA_medio,20,Empate,5,Si
6066,IA_dificil,20,Empate,7,Si
6067,IA_facil,18,Derrota,6,Si
6067,IA_medio,20,Victoria,4,Si
6067,IA_dificil,18,Derrota,4,Si
6068,IA_facil,21,Victoria,6,Si
6068,IA_medio,23,Derrota,6,Si
6068,IA_dificil,20,Derrota,6,Si
6069,IA_facil,21,Victoria,5,Si
6069,IA_medio,17,Derrota,6,Si
6069,IA_dificil,23,Derrota,8,Si
6070,IA_facil,18,Empate,5,Si
6070,IA_medio,24,Derrota,7,Si
6070,IA_dificil,18,Empate,5,Si
6071,IA_facil,20,Victoria,5,Si
6071,IA_medio,23,Derrota,7,Si
6071,IA_dificil,22,Derrota,7,Si
6072,IA_facil,20,Victoria,6,Si
6072,IA_medio,19,Derrota,6,Si
6072,IA_dificil,18,Derrota,5,Si
6073,IA_facil,17,Derrota,5,Si
6073,IA_medio,21,Victoria,7,Si
6073,IA_dificil,18,Derrota,7,Si
6074,IA_facil,17,Empate,5,Si
6074,IA_medio,24,Derrota,6,Si
6074,IA_dificil,17,Empate,6,Si
6075,IA_facil,17,Derrota,6,Si
6075,IA_medio,20,Victoria,6,Si
6075,IA_dificil,18,Derrota,4,Si
6076,IA_facil,18,Derrota,4,Si
6076,IA_medio,21,Victoria,5,Si
6076,IA_dificil,17,Derrota,6,Si
6077,IA_facil,21,Empate,4,Si
6077,IA_medio,20,Derrota,6,Si
6077,IA_dificil,21,Empate,9,Si
6078,IA_facil,18,Derrota,5,Si
6078,IA_medio,19,Victoria,5,Si
6078,IA_dificil,23,Derrota,5,Si
6079,IA_facil,17,Derrota,4,Si
6079,IA_medio,21,Victoria,7,Si
6079,IA_dificil,23,Derrota,7,Si
6080,IA_facil,17,Empate,4,Si
6080,IA_medio,17,Empate,6,Si
6080,IA_dificil,17,Empate,5,Si
6081,IA_facil,17,Derrota,6,Si
6081,IA_medio,19,Empate,7,Si
6081,IA_dificil,19,Empate,7,Si
6082,IA_facil,19,Empate,6,Si
6082,IA_medio,24,Derrota,7,Si
6082,IA_dificil,19,Empate,5,Si
6083,IA_facil,21,Victoria,5,Si
6083,IA_medio,22,Derrota,6,Si
6083,IA_dificil,17,Derrota,5,Si
6084,IA_facil,21,Victoria,6,Si
6084,IA_medio,20,Derrota,6,Si
6084,IA_dificil,24,Derrota,6,Si
6085,IA_facil,21,Victoria,4,Si
6085,IA_medio,22,Derrota,7,Si
6085,IA_dificil,19,Derrota,4,Si
6086,IA_facil,18,Derrota,5,Si
6086,IA_medio,17,Derrota,5,Si
6086,IA_dificil,19,Victoria,5,Si
6087,IA_facil,19,Derrota,7,Si
6087,IA_medio,21,Empate,8,Si
6087,IA_dificil,21,Empate,5,Si
6088,IA_facil,21,Victoria,8,Si
6088,IA_medio,19,Derrota,4,Si
6088,IA_dificil,19,Derrota,6,Si
6089,IA_facil,20,Derrota,4,Si
6089,IA_medio,21,Victoria,7,Si
6089,IA_dificil,17,Derrota,3,Si
6090,IA_facil,17,Empate,4,Si
6090,IA_medio,23,Derrota,4,Si
6090,IA_dificil,17,Empate,4,Si
6091,IA_facil,18,Derrota,3,Si
6091,IA_medio,21,Victoria,5,Si
6091,IA_dificil,20,Derrota,5,Si
6092,IA_facil,19,Victoria,4,Si
6092,IA_medio,17,Derrota,4,Si
6092,IA_dificil,17,Derrota,5,Si
6093,IA_facil,17,Derrota,4,Si
6093,IA_medio,21,Victoria,7,Si
6093,IA_dificil,17,Derrota,6,Si
6094,IA_facil,21,Victoria,4,Si
6094,IA_medio,23,Derrota,9,Si
6094,IA_dificil,18,Derrota,4,Si
6095,IA_facil,18,Derrota,4,Si
6095,IA_medio,21,Victoria,7,Si
6095,IA_dificil,20,Derrota,7,Si
6096,IA_facil,20,Victoria,7,Si
6096,IA_medio,17,Derrota,5,Si
6096,IA_dificil,18,Derrota,6,Si
6097,IA_facil,17,Empate,4,Si
6097,IA_medio,17,Empate,4,Si
6097,IA_dificil,22,Derrota,7,Si
6098,IA_facil,19,Derrota,6,Si
6098,IA_medio,17,Derrota,5,Si
6098,IA_dificil,20,Victoria,7,Si
6099,IA_facil,20,Victoria,6,Si
6099,IA_medio,24,Derrota,7,Si
6099,IA_dificil,17,Derrota,3,Si
6100,IA_facil,19,Derrota,7,Si
6100,IA_medio,20,Victoria,7,Si
6100,IA_dificil,19,Derrota,6,Si
6101,IA_facil,19,Derrota,5,Si
6101,IA_medio,19,Derrota,4,Si
6101,IA_dificil,20,Victoria,5,Si
6102,IA_facil,17,Derrota,4,Si
6102,IA_medio,17,Derrota,5,Si
6102,IA_dificil,18,Victoria,7,Si
6103,IA_facil,17,Derrota,4,Si
6103,IA_medio,21,Victoria,7,Si
6103,IA_dificil,19,Derrota,4,Si
6104,IA_facil,17,Derrota,6,Si
6104,IA_medio,18,Derrota,6,Si
6104,IA_dificil,21,Victoria,4,Si
6105,IA_facil,19,Derrota,6,Si
6105,IA_medio,22,Derrota,5,Si
6105,IA_dificil,20,Victoria,4,Si
6106,IA_facil,20,Derrota,6,Si
6106,IA_medio,18,Derrota,4,Si
6106,IA_dificil,21,Victoria,7,Si
6107,IA_facil,20,Empate,6,Si
6107,IA_medio,19,Derrota,5,Si
6107,IA_dificil,20,Empate,4,Si
6108,IA_facil,18,Derrota,5,Si
6108,IA_medio,21,Victoria,6,Si
6108,IA_dificil,17,Derrota,4,Si
6109,IA_facil,20,Victoria,6,Si
6109,IA_medio,24,Derrota,7,Si
6109,IA_dificil,17,Derrota,5,Si
6110,IA_facil,18,Derrota,6,Si
6110,IA_medio,24,Derrota,8,Si
6110,IA_dificil,21,Victoria,5,Si
6111,IA_facil,21,Empate,5,Si
6111,IA_medio,21,Empate,6,Si
6111,IA_dificil,18,Derrota,6,Si
6112,IA_facil,17,Derrota,4,Si
6112,IA_medio,19,Derrota,6,Si
6112,IA_dificil,20,Victoria,5,Si
6113,IA_facil,18,Derrota,5,Si
6113,IA_medio,19,Derrota,5,Si
6113,IA_dificil,20,Victoria,4,Si
6114,IA_facil,17,Derrota,8,Si
6114,IA_medio,21,Victoria,6,Si
6114,IA_dificil,20,Derrota,6,Si
6115,IA_facil,20,Empate,6,Si
6115,IA_medio,17,Derrota,5,Si
6115,IA_dificil,20,Empate,7,Si
6116,IA_facil,19,Derrota,5,Si
6116,IA_medio,23,Derrota,6,Si
6116,IA_dificil,21,Victoria,7,Si
6117,IA_facil,20,Empate,4,Si
6117,IA_medio,18,Derrota,5,Si
6117,IA_dificil,20,Empate,7,Si
6118,IA_facil,17,Derrota,5,Si
6118,IA_medio,17,Derrota,5,Si
6118,IA_dificil,21,Victoria,4,Si
6119,IA_facil,17,Derrota,4,Si
6119,IA_medio,18,Derrota,4,Si
6119,IA_dificil,20,Victoria,4,Si
6120,IA_facil,21,Victoria,6,Si
6120,IA_medio,20,Derrota,6,Si
6120,IA_dificil,17,Derrota,6,Si
6121,IA_facil,17,Derrota,5,Si
6121,IA_medio,21,Victoria,5,Si
6121,IA_dificil,20,Derrota,5,Si
6122,IA_facil,19,Derrota,4,Si
6122,IA_medio,17,Derrota,5,Si
6122,IA_dificil,21,Victoria,7,Si
6123,IA_facil,20,Empate,5,Si
6123,IA_medio,17,Derrota,6,Si
6123,IA_dificil,20,Empate,6,Si
6124,IA_facil,18,Derrota,7,Si
6124,IA_medio,17,Derrota,4,Si
6124,IA_dificil,20,Victoria,7,Si
6125,IA_facil,20,Victoria,6,Si
6125,IA_medio,17,Derrota,4,Si
6125,IA_dificil,19,Derrota,5,Si
6126,IA_facil,19,Derrota,4,Si
6126,IA_medio,21,Empate,6,Si
6126,IA_dificil,21,Empate,5,Si
6127,IA_facil,18,Derrota,5,Si
6127,IA_medio,20,Empate,5,Si
6127,IA_dificil,20,Empate,8,Si
6128,IA_facil,17,Derrota,5,Si
6128,IA_medio,24,Derrota,7,Si
6128,IA_dificil,21,Victoria,4,Si
6129,IA_facil,17,Derrota,5,Si
6129,IA_medio,23,Derrota,5,Si
6129,IA_dificil,20,Victoria,6,Si
6130,IA_facil,19,Derrota,5,Si
6130,IA_medio,20,Victoria,5,Si
6130,IA_dificil,19,Derrota,7,Si
6131,IA_facil,18,Empate,7,Si
6131,IA_medio,18,Empate,5,Si
6131,IA_dificil,18,Empate,4,Si
6132,IA_facil,18,Derrota,6,Si
6132,IA_medio,22,Derrota,6,Si
6132,IA_dificil,19,Victoria,5,Si
6133,IA_facil,18,Derrota,7,Si
6133,IA_medio,21,Victoria,7,Si
6133,IA_dificil,20,Derrota,5,Si
6134,IA_facil,17,Derrota,5,Si
6134,IA_medio,18,Victoria,6,Si
6134,IA_dificil,17,Derrota,5,Si
6135,IA_facil,18,Derrota,6,Si
6135,IA_medio,20,Victoria,6,Si
6135,IA_dificil,19,Derrota,7,Si
6136,IA_facil,17,Derrota,6,Si
6136,IA_medio,18,Empate,7,Si
6136,IA_dificil,18,Empate,4,Si
6137,IA_facil,19,Victoria,6,Si
6137,IA_medio,22,Derrota,7,Si
6137,IA_dificil,17,Derrota,5,Si
6138,IA_facil,21,Victoria,5,Si
6138,IA_medio,22,Derrota,6,Si
6138,IA_dificil,17,Derrota,5,Si
6139,IA_facil,17,Derrota,4,Si
6139,IA_medio,17,Derrota,5,Si
6139,IA_dificil,18,Victoria,6,Si
6140,IA_facil,17,Derrota,3,Si
6140,IA_medio,21,Victoria,5,Si
6140,IA_dificil,17,Derrota,5,Si
6141,IA_facil,17,Derrota,5,Si
6141,IA_medio,24,Derrota,7,Si
6141,IA_dificil,19,Victoria,6,Si
6142,IA_facil,17,Derrota,6,Si
6142,IA_medio,17,Derrota,4,Si
6142,IA_dificil,19,Victoria,5,Si
6143,IA_facil,19,Empate,5,Si
6143,IA_medio,19,Empate,5,Si
6143,IA_dificil,19,Empate,5,Si
6144,IA_facil,19,Victoria,4,Si
6144,IA_medio,24,Derrota,8,Si
6144,IA_dificil,17,Derrota,5,Si
6145,IA_facil,17,Derrota,5,Si
6145,IA_medio,21,Victoria,6,Si
6145,IA_dificil,20,Derrota,6,Si
6146,IA_facil,20,Victoria,5,Si
6146,IA_medio,17,Derrota,4,Si
6146,IA_dificil,19,Derrota,6,Si
6147,IA_facil,18,Derrota,6,Si
6147,IA_medio,20,Derrota,5,Si
6147,IA_dificil,21,Victoria,5,Si
6148,IA_facil,20,Empate,7,Si
6148,IA_medio,19,Derrota,6,Si
6148,IA_dificil,20,Empate,5,Si
6149,IA_facil,17,Derrota,6,Si
6149,IA_medio,19,Victoria,7,Si
6149,IA_dificil,18,Derrota,4,Si
6150,IA_facil,17,Victoria,7,Si
6150,IA_medio,22,Derrota,6,Si
6150,IA_dificil,22,Derrota,5,Si
6151,IA_facil,18,Derrota,5,Si
6151,IA_medio,20,Victoria,4,Si
6151,IA_dificil,17,Derrota,4,Si
6152,IA_facil,18,Derrota,4,Si
6152,IA_medio,18,Derrota,4,Si
6152,IA_dificil,20,Victoria,8,Si
6153,IA_facil,17,Derrota,4,Si
6153,IA_medio,18,Victoria,6,Si
6153,IA_dificil,23,Derrota,6,Si
6154,IA_facil,20,Empate,4,Si
6154,IA_medio,22,Derrota,5,Si
6154,IA_dificil,20,Empate,7,Si
6155,IA_facil,22,Derrota,10,Si
6155,IA_medio,18,Empate,4,Si
6155,IA_dificil,18,Empate,6,Si
6156,IA_facil,19,Derrota,5,Si
6156,IA_medio,21,Victoria,5,Si
6156,IA_dificil,20,Derrota,7,Si
6157,IA_facil,21,Empate,7,Si
6157,IA_medio,17,Derrota,5,Si
6157,IA_dificil,21,Empate,5,Si
6158,IA_facil,18,Derrota,5,Si
6158,IA_medio,17,Derrota,4,Si
6158,IA_dificil,21,Victoria,4,Si
6159,IA_facil,17,Derrota,5,Si
6159,IA_medio,21,Victoria,5,Si
6159,IA_dificil,20,Derrota,7,Si
6160,IA_facil,17,Derrota,6,Si
6160,IA_medio,21,Victoria,6,Si
6160,IA_dificil,17,Derrota,6,Si
6161,IA_facil,17,Derrota,4,Si
6161,IA_medio,21,Victoria,7,Si
6161,IA_dificil,18,Derrota,4,Si
6162,IA_facil,18,Derrota,4,Si
6162,IA_medio,20,Victoria,5,Si
6162,IA_dificil,17,Derrota,4,Si
6163,IA_facil,18,Derrota,4,Si
6163,IA_medio,20,Empate,7,Si
6163,IA_dificil,20,Empate,6,Si
6164,IA_facil,20,Victoria,9,Si
6164,IA_medio,22,Derrota,7,Si
6164,IA_dificil,17,Derrota,4,Si
6165,IA_facil,17,Derrota,4,Si
6165,IA_medio,19,Derrota,4,Si
6165,IA_dificil,20,Victoria,7,Si
6166,IA_facil,17,Derrota,7,Si
6166,IA_medio,17,Derrota,5,Si
6166,IA_dificil,18,Victoria,4,Si
6167,IA_facil,18,Victoria,7,Si
6167,IA_medio,17,Derrota,3,Si
6167,IA_dificil,23,Derrota,8,Si
6168,IA_facil,21,Victoria,4,Si
6168,IA_medio,19,Derrota,4,Si
6168,IA_dificil,19,Derrota,5,Si
6169,IA_facil,17,Derrota,5,Si
6169,IA_medio,21,Victoria,4,Si
6169,IA_dificil,22,Derrota,6,Si
6170,IA_facil,19,Derrota,5,Si
6170,IA_medio,21,Empate,6,Si
6170,IA_dificil,21,Empate,6,Si
6171,IA_facil,18,Derrota,4,Si
6171,IA_medio,20,Victoria,5,Si
6171,IA_dificil,17,Derrota,5,Si
6172,IA_facil,17,Derrota,5,Si
6172,IA_medio,21,Victoria,7,Si
6172,IA_dificil,17,Derrota,7,Si
6173,IA_facil,18,Derrota,5,Si
6173,IA_medio,20,Victoria,6,Si
6173,IA_dificil,22,Derrota,8,Si
6174,IA_facil,19,Victoria,4,Si
6174,IA_medio,24,Derrota,5,Si
6174,IA_dificil,17,Derrota,6,Si
6175,IA_facil,20,Victoria,5,Si
6175,IA_medio,19,Derrota,6,Si
6175,IA_dificil,17,Derrota,5,Si
6176,IA_facil,17,Derrota,5,Si
6176,IA_medio,18,Derrota,7,Si
6176,IA_dificil,20,Victoria,6,Si
6177,IA_facil,18,Derrota,6,Si
6177,IA_medio,18,Derrota,7,Si
6177,IA_dificil,19,Victoria,5,Si
6178,IA_facil,19,Derrota,5,Si
6178,IA_medio,20,Empate,4,Si
6178,IA_dificil,20,Empate,6,Si
6179,IA_facil,17,Derrota,4,Si
6179,IA_medio,17,Derrota,5,Si
6179,IA_dificil,18,Victoria,6,Si
6180,IA_facil,20,Victoria,7,Si
6180,IA_medio,24,Derrota,7,Si
6180,IA_dificil,22,Derrota,6,Si
6181,IA_facil,17,Derrota,6,Si
6181,IA_medio,18,Victoria,4,Si
6181,IA_dificil,22,Derrota,6,Si
6182,IA_facil,17,Empate,6,Si
6182,IA_medio,23,Derrota,5,Si
6182,IA_dificil,17,Empate,5,Si
6183,IA_facil,19,Derrota,4,Si
6183,IA_medio,22,Derrota,5,Si
6183,IA_dificil,21,Victoria,5,Si
6184,IA_facil,22,Derrota,5,Si
6184,IA_medio,20,Empate,6,Si
6184,IA_dificil,20,Empate,4,Si
6185,IA_facil,18,Derrota,4,Si
6185,IA_medio,20,Victoria,5,Si
6185,IA_dificil,19,Derrota,5,Si
6186,IA_facil,20,Derrota,4,Si
6186,IA_medio,21,Victoria,5,Si
6186,IA_dificil,20,Derrota,6,Si
6187,IA_facil,17,Derrota,7,Si
6187,IA_medio,21,Victoria,6,Si
6187,IA_dificil,19,Derrota,6,Si
6188,IA_facil,20,Victoria,5,Si
6188,IA_medio,22,Derrota,5,Si
6188,IA_dificil,19,Derrota,6,Si
6189,IA_facil,17,Derrota,7,Si
6189,IA_medio,22,Derrota,6,Si
6189,IA_dificil,18,Victoria,5,Si
6190,IA_facil,18,Derrota,5,Si
6190,IA_medio,21,Victoria,7,Si
6190,IA_dificil,17,Derrota,5,Si
6191,IA_facil,20,Empate,5,Si
6191,IA_medio,17,Derrota,5,Si
6191,IA_dificil,20,Empate,5,Si
6192,IA_facil,18,Derrota,5,Si
6192,IA_medio,21,Empate,5,Si
6192,IA_dificil,21,Empate,7,Si
6193,IA_facil,19,Victoria,5,Si
6193,IA_medio,17,Derrota,3,Si
6193,IA_dificil,18,Derrota,6,Si
6194,IA_facil,19,Victoria,4,Si
6194,IA_medio,22,Derrota,6,Si
6194,IA_dificil,22,Derrota,7,Si
6195,IA_facil,19,Derrota,6,Si
6195,IA_medio,19,Derrota,5,Si
6195,IA_dificil,20,Victoria,7,Si
6196,IA_facil,18,Empate,7,Si
6196,IA_medio,18,Empate,4,Si
6196,IA_dificil,17,Derrota,5,Si
6197,IA_facil,17,Derrota,5,Si
6197,IA_medio,20,Empate,9,Si
6197,IA_dificil,20,Empate,8,Si
6198,IA_facil,19,Victoria,5,Si
6198,IA_medio,17,Derrota,5,Si
6198,IA_dificil,17,Derrota,8,Si
6199,IA_facil,17,Derrota,4,Si
6199,IA_medio,20,Empate,7,Si
6199,IA_dificil,20,Empate,6,Si
6200,IA_facil,20,Empate,8,Si
6200,IA_medio,24,Derrota,8,Si
6200,IA_dificil,20,Empate,4,Si
6201,IA_facil,19,Derrota,5,Si
6201,IA_medio,18,Derrota,5,Si
6201,IA_dificil,20,Victoria,7,Si
6202,IA_facil,18,Derrota,5,Si
6202,IA_medio,17,Derrota,5,Si
6202,IA_dificil,21,Victoria,5,Si
6203,IA_facil,19,Empate,5,Si
6203,IA_medio,19,Empate,4,Si
6203,IA_dificil,23,Derrota,7,Si
6204,IA_facil,17,Derrota,5,Si
6204,IA_medio,20,Victoria,6,Si
6204,IA_dificil,19,Derrota,5,Si
6205,IA_facil,18,Derrota,4,Si
6205,IA_medio,20,Victoria,7,Si
6205,IA_dificil,23,Derrota,7,Si
6206,IA_facil,17,Derrota,4,Si
6206,IA_medio,20,Victoria,8,Si
6206,IA_dificil,18,Derrota,5,Si
6207,IA_facil,17,Empate,5,Si
6207,IA_medio,17,Empate,3,Si
6207,IA_dificil,22,Derrota,7,Si
6208,IA_facil,18,Empate,4,Si
6208,IA_medio,22,Derrota,4,Si
6208,IA_dificil,18,Empate,4,Si
6209,IA_facil,20,Victoria,4,Si
6209,IA_medio,19,Derrota,5,Si
6209,IA_dificil,18,Derrota,4,Si
6210,IA_facil,17,Derrota,5,Si
6210,IA_medio,22,Derrota,6,Si
6210,IA_dificil,21,Victoria,7,Si
6211,IA_facil,17,Victoria,5,Si
6211,IA_medio,22,Derrota,9,Si
6211,IA_dificil,23,Derrota,6,Si
6212,IA_facil,22,Derrota,5,Si
6212,IA_medio,17,Derrota,4,Si
6212,IA_dificil,21,Victoria,5,Si
6213,IA_facil,18,Derrota,5,Si
6213,IA_medio,20,Victoria,7,Si
6213,IA_dificil,17,Derrota,6,Si
6214,IA_facil,18,Derrota,5,Si
6214,IA_medio,22,Derrota,4,Si
6214,IA_dificil,21,Victoria,6,Si
6215,IA_facil,22,Derrota,10,Si
6215,IA_medio,19,Derrota,4,Si
6215,IA_dificil,20,Victoria,6,Si
6216,IA_facil,22,Derrota,5,Si
6216,IA_medio,20,Victoria,6,Si
6216,IA_dificil,19,Derrota,5,Si
6217,IA_facil,20,Derrota,4,Si
6217,IA_medio,21,Empate,6,Si
6217,IA_dificil,21,Empate,6,Si
6218,IA_facil,17,Victoria,5,Si
6218,IA_medio,22,Derrota,7,Si
6218,IA_dificil,22,Derrota,5,Si
6219,IA_facil,22,Derrota,6,Si
6219,IA_medio,18,Derrota,6,Si
6219,IA_dificil,19,Victoria,5,Si
6220,IA_facil,19,Derrota,5,Si
6220,IA_medio,20,Derrota,4,Si
6220,IA_dificil,21,Victoria,4,Si
6221,IA_facil,21,Empate,4,Si
6221,IA_medio,21,Empate,6,Si
6221,IA_dificil,18,Derrota,7,Si
6222,IA_facil,17,Derrota,5,Si
6222,IA_medio,21,Victoria,6,Si
6222,IA_dificil,19,Derrota,5,Si
6223,IA_facil,18,Derrota,5,Si
6223,IA_medio,19,Victoria,5,Si
6223,IA_dificil,18,Derrota,6,Si
6224,IA_facil,20,Derrota,4,Si
6224,IA_medio,20,Derrota,6,Si
6224,IA_dificil,21,Victoria,7,Si
6225,IA_facil,20,Derrota,5,Si
6225,IA_medio,17,Derrota,6,Si
6225,IA_dificil,21,Victoria,5,Si
6226,IA_facil,21,Victoria,6,Si
6226,IA_medio,19,Derrota,5,Si
6226,IA_dificil,18,Derrota,6,Si
6227,IA_facil,17,Derrota,6,Si
6227,IA_medio,17,Derrota,6,Si
6227,IA_dificil,20,Victoria,6,Si
6228,IA_facil,18,Victoria,7,Si
6228,IA_medio,22,Derrota,5,Si
6228,IA_dificil,17,Derrota,5,Si
6229,IA_facil,19,Empate,7,Si
6229,IA_medio,19,Empate,6,Si
6229,IA_dificil,23,Derrota,7,Si
6230,IA_facil,18,Derrota,5,Si
6230,IA_medio,23,Derrota,6,Si
6230,IA_dificil,20,Victoria,6,Si
6231,IA_facil,19,Derrota,7,Si
6231,IA_medio,17,Derrota,7,Si
6231,IA_dificil,20,Victoria,6,Si
6232,IA_facil,17,Derrota,4,Si
6232,IA_medio,25,Derrota,7,Si
6232,IA_dificil,18,Victoria,6,Si
6233,IA_facil,18,Derrota,5,Si
6233,IA_medio,17,Derrota,4,Si
6233,IA_dificil,20,Victoria,5,Si
6234,IA_facil,19,Derrota,6,Si
6234,IA_medio,21,Victoria,6,Si
6234,IA_dificil,25,Derrota,7,Si
6235,IA_facil,19,Derrota,7,Si
6235,IA_medio,18,Derrota,5,Si
6235,IA_dificil,20,Victoria,5,Si
6236,IA_facil,18,Derrota,6,Si
6236,IA_medio,21,Empate,6,Si
6236,IA_dificil,21,Empate,6,Si
6237,IA_facil,19,Derrota,5,Si
6237,IA_medio,20,Victoria,6,Si
6237,IA_dificil,17,Derrota,5,Si
6238,IA_facil,18,Derrota,5,Si
6238,IA_medio,21,Victoria,6,Si
6238,IA_dificil,19,Derrota,5,Si
6239,IA_facil,19,Victoria,5,Si
6239,IA_medio,18,Derrota,5,Si
6239,IA_dificil,17,Derrota,7,Si
6240,IA_facil,21,Victoria,5,Si
6240,IA_medio,18,Derrota,4,Si
6240,IA_dificil,20,Derrota,6,Si
6241,IA_facil,22,Derrota,5,Si
6241,IA_medio,22,Derrota,7,Si
6241,IA_dificil,17,Victoria,4,Si
6242,IA_facil,21,Empate,5,Si
6242,IA_medio,21,Empate,4,Si
6242,IA_dificil,17,Derrota,6,Si
6243,IA_facil,19,Derrota,5,Si
6243,IA_medio,21,Victoria,6,Si
6243,IA_dificil,19,Derrota,6,Si
6244,IA_facil,17,Derrota,5,Si
6244,IA_medio,21,Victoria,7,Si
6244,IA_dificil,17,Derrota,4,Si
6245,IA_facil,21,Victoria,4,Si
6245,IA_medio,20,Derrota,6,Si
6245,IA_dificil,19,Derrota,5,Si
6246,IA_facil,21,Empate,4,Si
6246,IA_medio,19,Derrota,4,Si
6246,IA_dificil,21,Empate,5,Si
6247,IA_facil,21,Victoria,5,Si
6247,IA_medio,17,Derrota,6,Si
6247,IA_dificil,17,Derrota,4,Si
6248,IA_facil,19,Derrota,5,Si
6248,IA_medio,20,Victoria,6,Si
6248,IA_dificil,19,Derrota,5,Si
6249,IA_facil,20,Victoria,7,Si
6249,IA_medio,18,Derrota,5,Si
6249,IA_dificil,23,Derrota,6,Si
6250,IA_facil,17,Derrota,6,Si
6250,IA_medio,23,Derrota,4,Si
6250,IA_dificil,19,Victoria,5,Si
6251,IA_facil,18,Derrota,4,Si
6251,IA_medio,20,Victoria,4,Si
6251,IA_dificil,18,Derrota,8,Si
6252,IA_facil,17,Derrota,5,Si
6252,IA_medio,18,Empate,5,Si
6252,IA_dificil,18,Empate,6,Si
6253,IA_facil,18,Derrota,5,Si
6253,IA_medio,19,Derrota,7,Si
6253,IA_dificil,21,Victoria,7,Si
6254,IA_facil,21,Empate,5,Si
6254,IA_medio,17,Derrota,5,Si
6254,IA_dificil,21,Empate,7,Si
6255,IA_facil,18,Derrota,4,Si
6255,IA_medio,22,Derrota,7,Si
6255,IA_dificil,19,Victoria,7,Si
6256,IA_facil,19,Victoria,7,Si
6256,IA_medio,17,Derrota,7,Si
6256,IA_dificil,24,Derrota,5,Si
6257,IA_facil,17,Derrota,6,Si
6257,IA_medio,20,Victoria,6,Si
6257,IA_dificil,19,Derrota,5,Si
6258,IA_facil,19,Victoria,4,Si
6258,IA_medio,17,Derrota,6,Si
6258,IA_dificil,18,Derrota,4,Si
6259,IA_facil,17,Derrota,5,Si
6259,IA_medio,19,Empate,6,Si
6259,IA_dificil,19,Empate,4,Si
6260,IA_facil,17,Derrota,8,Si
6260,IA_medio,20,Victoria,5,Si
6260,IA_dificil,19,Derrota,4,Si
6261,IA_facil,18,Derrota,6,Si
6261,IA_medio,17,Derrota,5,Si
6261,IA_dificil,20,Victoria,5,Si
6262,IA_facil,17,Derrota,4,Si
6262,IA_medio,18,Victoria,6,Si
6262,IA_dificil,17,Derrota,4,Si
6263,IA_facil,19,Victoria,6,Si
6263,IA_medio,17,Derrota,4,Si
6263,IA_dificil,18,Derrota,6,Si
6264,IA_facil,17,Derrota,8,Si
6264,IA_medio,19,Victoria,6,Si
6264,IA_dificil,17,Derrota,5,Si
6265,IA_facil,22,Derrota,7,Si
6265,IA_medio,20,Victoria,6,Si
6265,IA_dificil,22,Derrota,7,Si
6266,IA_facil,18,Derrota,6,Si
6266,IA_medio,20,Empate,5,Si
6266,IA_dificil,20,Empate,4,Si
6267,IA_facil,19,Victoria,5,Si
6267,IA_medio,22,Derrota,10,Si
6267,IA_dificil,17,Derrota,5,Si
6268,IA_facil,21,Victoria,7,Si
6268,IA_medio,19,Derrota,5,Si
6268,IA_dificil,17,Derrota,7,Si
6269,IA_facil,19,Victoria,8,Si
6269,IA_medio,17,Derrota,5,Si
6269,IA_dificil,22,Derrota,6,Si
6270,IA_facil,17,Derrota,6,Si
6270,IA_medio,21,Victoria,6,Si
6270,IA_dificil,22,Derrota,6,Si
6271,IA_facil,20,Victoria,5,Si
6271,IA_medio,18,Derrota,5,Si
6271,IA_dificil,17,Derrota,4,Si
6272,IA_facil,18,Derrota,4,Si
6272,IA_medio,21,Victoria,6,Si
6272,IA_dificil,24,Derrota,6,Si
6273,IA_facil,17,Empate,7,Si
6273,IA_medio,22,Derrota,4,Si
6273,IA_dificil,17,Empate,6,Si
6274,IA_facil,17,Empate,6,Si
6274,IA_medio,17,Empate,4,Si
6274,IA_dificil,23,Derrota,7,Si
6275,IA_facil,19,Derrota,6,Si
6275,IA_medio,22,Derrota,5,Si
6275,IA_dificil,20,Victoria,4,Si
6276,IA_facil,19,Empate,6,Si
6276,IA_medio,19,Empate,6,Si
6276,IA_dificil,17,Derrota,4,Si
6277,IA_facil,18,Derrota,5,Si
6277,IA_medio,18,Derrota,5,Si
6277,IA_dificil,21,Victoria,6,Si
6278,IA_facil,22,Derrota,4,Si
6278,IA_medio,25,Derrota,6,Si
6278,IA_dificil,17,Victoria,5,Si
6279,IA_facil,17,Derrota,6,Si
6279,IA_medio,23,Derrota,8,Si
6279,IA_dificil,21,Victoria,5,Si
6280,IA_facil,20,Derrota,6,Si
6280,IA_medio,21,Victoria,6,Si
6280,IA_dificil,19,Derrota,6,Si
6281,IA_facil,17,Derrota,5,Si
6281,IA_medio,21,Empate,4,Si
6281,IA_dificil,21,Empate,5,Si
6282,IA_facil,17,Derrota,5,Si
6282,IA_medio,22,Derrota,4,Si
6282,IA_dificil,21,Victoria,6,Si
6283,IA_facil,19,Derrota,4,Si
6283,IA_medio,19,Derrota,6,Si
6283,IA_dificil,20,Victoria,5,Si
6284,IA_facil,18,Derrota,5,Si
6284,IA_medio,20,Victoria,7,Si
6284,IA_dificil,17,Derrota,5,Si
6285,IA_facil,17,Derrota,9,Si
6285,IA_medio,19,Derrota,6,Si
6285,IA_dificil,20,Victoria,5,Si
6286,IA_facil,17,Derrota,4,Si
6286,IA_medio,20,Victoria,5,Si
6286,IA_dificil,17,Derrota,4,Si
6287,IA_facil,17,Derrota,5,Si
6287,IA_medio,22,Derrota,5,Si
6287,IA_dificil,18,Victoria,4,Si
6288,IA_facil,21,Victoria,5,Si
6288,IA_medio,20,Derrota,7,Si
6288,IA_dificil,22,Derrota,4,Si
6289,IA_facil,20,Empate,6,Si
6289,IA_medio,20,Empate,6,Si
6289,IA_dificil,22,Derrota,6,Si
6290,IA_facil,20,Empate,4,Si
6290,IA_medio,18,Derrota,5,Si
6290,IA_dificil,20,Empate,8,Si
6291,IA_facil,20,Victoria,6,Si
6291,IA_medio,18,Derrota,6,Si
6291,IA_dificil,17,Derrota,5,Si
6292,IA_facil,19,Derrota,4,Si
6292,IA_medio,17,Derrota,4,Si
6292,IA_dificil,20,Victoria,6,Si
6293,IA_facil,22,Derrota,5,Si
6293,IA_medio,20,Victoria,7,Si
6293,IA_dificil,17,Derrota,5,Si
6294,IA_facil,22,Derrota,7,Si
6294,IA_medio,17,Derrota,4,Si
6294,IA_dificil,19,Victoria,7,Si
6295,IA_facil,18,Derrota,5,Si
6295,IA_medio,21,Victoria,6,Si
6295,IA_dificil,19,Derrota,6,Si
6296,IA_facil,17,Victoria,5,Si
6296,IA_medio,22,Derrota,8,Si
6296,IA_dificil,22,Derrota,6,Si
6297,IA_facil,18,Derrota,6,Si
6297,IA_medio,20,Victoria,5,Si
6297,IA_dificil,19,Derrota,5,Si
6298,IA_facil,17,Derrota,6,Si
6298,IA_medio,22,Derrota,7,Si
6298,IA_dificil,20,Victoria,6,Si
6299,IA_facil,19,Derrota,6,Si
6299,IA_medio,20,Victoria,6,Si
6299,IA_dificil,18,Derrota,4,Si
6300,IA_facil,21,Empate,6,Si
6300,IA_medio,21,Empate,5,Si
6300,IA_dificil,23,Derrota,6,Si
6301,IA_facil,20,Victoria,4,Si
6301,IA_medio,17,Derrota,5,Si
6301,IA_dificil,22,Derrota,5,Si
6302,IA_facil,20,Victoria,6,Si
6302,IA_medio,22,Derrota,6,Si
6302,IA_dificil,22,Derrota,5,Si
6303,IA_facil,18,Derrota,5,Si
6303,IA_medio,20,Empate,8,Si
6303,IA_dificil,20,Empate,6,Si
6304,IA_facil,17,Derrota,7,Si
6304,IA_medio,17,Derrota,6,Si
6304,IA_dificil,20,Victoria,6,Si
6305,IA_facil,19,Derrota,5,Si
6305,IA_medio,23,Derrota,6,Si
6305,IA_dificil,20,Victoria,6,Si
6306,IA_facil,18,Derrota,7,Si
6306,IA_medio,19,Victoria,6,Si
6306,IA_dificil,25,Derrota,7,Si
6307,IA_facil,18,Derrota,5,Si
6307,IA_medio,20,Victoria,5,Si
6307,IA_dificil,19,Derrota,6,Si
6308,IA_facil,17,Empate,4,Si
6308,IA_medio,17,Empate,5,Si
6308,IA_dificil,17,Empate,4,Si
6309,IA_facil,22,Derrota,7,Si
6309,IA_medio,20,Victoria,5,Si
6309,IA_dificil,18,Derrota,5,Si
6310,IA_facil,17,Empate,6,Si
6310,IA_medio,25,Derrota,6,Si
6310,IA_dificil,17,Empate,6,Si
6311,IA_facil,18,Derrota,3,Si
6311,IA_medio,21,Victoria,5,Si
6311,IA_dificil,17,Derrota,6,Si
6312,IA_facil,19,Derrota,5,Si
6312,IA_medio,20,Victoria,8,Si
6312,IA_dificil,18,Derrota,6,Si
6313,IA_facil,17,Derrota,5,Si
6313,IA_medio,21,Victoria,4,Si
6313,IA_dificil,18,Derrota,5,Si
6314,IA_facil,17,Derrota,4,Si
6314,IA_medio,22,Derrota,6,Si
6314,IA_dificil,19,Victoria,6,Si
6315,IA_facil,17,Derrota,6,Si
6315,IA_medio,21,Victoria,6,Si
6315,IA_dificil,24,Derrota,5,Si
6316,IA_facil,20,Derrota,5,Si
6316,IA_medio,21,Victoria,6,Si
6316,IA_dificil,20,Derrota,4,Si
6317,IA_facil,19,Derrota,5,Si
6317,IA_medio,20,Victoria,5,Si
6317,IA_dificil,19,Derrota,6,Si
6318,IA_facil,18,Derrota,5,Si
6318,IA_medio,19,Derrota,5,Si
6318,IA_dificil,20,Victoria,6,Si
6319,IA_facil,20,Victoria,6,Si
6319,IA_medio,17,Derrota,3,Si
6319,IA_dificil,22,Derrota,6,Si
6320,IA_facil,20,Victoria,5,Si
6320,IA_medio,18,Derrota,5,Si
6320,IA_dificil,17,Derrota,6,Si
6321,IA_facil,18,Derrota,5,Si
6321,IA_medio,20,Victoria,4,Si
6321,IA_dificil,17,Derrota,4,Si
6322,IA_facil,18,Derrota,6,Si
6322,IA_medio,20,Empate,8,Si
6322,IA_dificil,20,Empate,6,Si
6323,IA_facil,22,Derrota,5,Si
6323,IA_medio,24,Derrota,6,Si
6323,IA_dificil,17,Victoria,5,Si
6324,IA_facil,21,Victoria,5,Si
6324,IA_medio,20,Derrota,5,Si
6324,IA_dificil,22,Derrota,7,Si
6325,IA_facil,22,Derrota,6,Si
6325,IA_medio,20,Empate,5,Si
6325,IA_dificil,20,Empate,6,Si
6326,IA_facil,19,Victoria,7,Si
6326,IA_medio,23,Derrota,6,Si
6326,IA_dificil,18,Derrota,4,Si
6327,IA_facil,19,Victoria,6,Si
6327,IA_medio,23,Derrota,5,Si
6327,IA_dificil,22,Derrota,6,Si
6328,IA_facil,22,Derrota,9,Si
6328,IA_medio,17,Derrota,4,Si
6328,IA_dificil,21,Victoria,5,Si
6329,IA_facil,17,Derrota,6,Si
6329,IA_medio,21,Victoria,6,Si
6329,IA_dificil,24,Derrota,6,Si
6330,IA_facil,19,Empate,6,Si
6330,IA_medio,19,Empate,5,Si
6330,IA_dificil,22,Derrota,6,Si
6331,IA_facil,17,Derrota,7,Si
6331,IA_medio,19,Derrota,4,Si
6331,IA_dificil,20,Victoria,5,Si
6332,IA_facil,22,Derrota,6,Si
6332,IA_medio,23,Derrota,7,Si
6332,IA_dificil,18,Victoria,5,Si
6333,IA_facil,20,Victoria,5,Si
6333,IA_medio,23,Derrota,4,Si
6333,IA_dificil,17,Derrota,4,Si
6334,IA_facil,18,Derrota,4,Si
6334,IA_medio,19,Victoria,6,Si
6334,IA_dificil,17,Derrota,6,Si
6335,IA_facil,17,Derrota,4,Si
6335,IA_medio,21,Victoria,5,Si
6335,IA_dificil,20,Derrota,5,Si
6336,IA_facil,18,Derrota,5,Si
6336,IA_medio,20,Victoria,6,Si
6336,IA_dificil,17,Derrota,5,Si
6337,IA_facil,18,Derrota,5,Si
6337,IA_medio,18,Derrota,7,Si
6337,IA_dificil,20,Victoria,6,Si
6338,IA_facil,17,Derrota,5,Si
6338,IA_medio,21,Victoria,7,Si
6338,IA_dificil,17,Derrota,4,Si
6339,IA_facil,18,Derrota,4,Si
6339,IA_medio,21,Victoria,5,Si
6339,IA_dificil,22,Derrota,9,Si
6340,IA_facil,17,Derrota,5,Si
6340,IA_medio,17,Derrota,6,Si
6340,IA_dificil,20,Victoria,4,Si
6341,IA_facil,18,Derrota,5,Si
6341,IA_medio,20,Victoria,9,Si
6341,IA_dificil,17,Derrota,4,Si
6342,IA_facil,17,Derrota,4,Si
6342,IA_medio,21,Victoria,5,Si
6342,IA_dificil,20,Derrota,7,Si
6343,IA_facil,21,Victoria,4,Si
6343,IA_medio,20,Derrota,6,Si
6343,IA_dificil,22,Derrota,5,Si
6344,IA_facil,20,Victoria,8,Si
6344,IA_medio,19,Derrota,5,Si
6344,IA_dificil,18,Derrota,5,Si
6345,IA_facil,20,Victoria,5,Si
6345,IA_medio,22,Derrota,6,Si
6345,IA_dificil,17,Derrota,7,Si
6346,IA_facil,21,Victoria,7,Si
6346,IA_medio,20,Derrota,5,Si
6346,IA_dificil,20,Derrota,7,Si
6347,IA_facil,18,Derrota,5,Si
6347,IA_medio,20,Victoria,5,Si
6347,IA_dificil,23,Derrota,8,Si
6348,IA_facil,17,Derrota,5,Si
6348,IA_medio,17,Derrota,6,Si
6348,IA_dificil,19,Victoria,7,Si
6349,IA_facil,17,Derrota,4,Si
6349,IA_medio,20,Empate,6,Si
6349,IA_dificil,20,Empate,5,Si
6350,IA_facil,19,Victoria,9,Si
6350,IA_medio,17,Derrota,4,Si
6350,IA_dificil,17,Derrota,8,Si
6351,IA_facil,17,Derrota,6,Si
6351,IA_medio,22,Derrota,7,Si
6351,IA_dificil,21,Victoria,7,Si
6352,IA_facil,18,Derrota,7,Si
6352,IA_medio,18,Derrota,4,Si
6352,IA_dificil,20,Victoria,8,Si
6353,IA_facil,19,Derrota,4,Si
6353,IA_medio,24,Derrota,5,Si
6353,IA_dificil,21,Victoria,5,Si
6354,IA_facil,21,Victoria,7,Si
6354,IA_medio,19,Derrota,7,Si
6354,IA_dificil,19,Derrota,4,Si
6355,IA_facil,17,Derrota,5,Si
6355,IA_medio,19,Victoria,4,Si
6355,IA_dificil,22,Derrota,5,Si
6356,IA_facil,19,Victoria,5,Si
6356,IA_medio,23,Derrota,7,Si
6356,IA_dificil,18,Derrota,4,Si
6357,IA_facil,17,Derrota,4,Si
6357,IA_medio,24,Derrota,6,Si
6357,IA_dificil,21,Victoria,7,Si
6358,IA_facil,17,Derrota,5,Si
6358,IA_medio,20,Victoria,6,Si
6358,IA_dificil,19,Derrota,5,Si
6359,IA_facil,20,Victoria,5,Si
6359,IA_medio,19,Derrota,7,Si
6359,IA_dificil,17,Derrota,5,Si
6360,IA_facil,22,Derrota,7,Si
6360,IA_medio,21,Victoria,5,Si
6360,IA_dificil,19,Derrota,5,Si
6361,IA_facil,18,Derrota,5,Si
6361,IA_medio,19,Victoria,5,Si
6361,IA_dificil,17,Derrota,4,Si
6362,IA_facil,17,Empate,6,Si
6362,IA_medio,17,Empate,6,Si
6362,IA_dificil,23,Derrota,7,Si
6363,IA_facil,22,Derrota,5,Si
6363,IA_medio,20,Empate,6,Si
6363,IA_dificil,20,Empate,6,Si
6364,IA_facil,21,Victoria,7,Si
6364,IA_medio,23,Derrota,5,Si
6364,IA_dificil,17,Derrota,5,Si
6365,IA_facil,21,Victoria,5,Si
6365,IA_medio,23,Derrota,8,Si
6365,IA_dificil,23,Derrota,5,Si
6366,IA_facil,20,Derrota,7,Si
6366,IA_medio,21,Victoria,5,Si
6366,IA_dificil,17,Derrota,4,Si
6367,IA_facil,17,Derrota,5,Si
6367,IA_medio,21,Victoria,5,Si
6367,IA_dificil,23,Derrota,7,Si
6368,IA_facil,18,Derrota,4,Si
6368,IA_medio,17,Derrota,6,Si
6368,IA_dificil,20,Victoria,6,Si
6369,IA_facil,20,Derrota,4,Si
6369,IA_medio,21,Victoria,5,Si
6369,IA_dificil,19,Derrota,7,Si
6370,IA_facil,20,Victoria,6,Si
6370,IA_medio,22,Derrota,5,Si
6370,IA_dificil,19,Derrota,7,Si
6371,IA_facil,20,Victoria,5,Si
6371,IA_medio,17,Derrota,4,Si
6371,IA_dificil,19,Derrota,5,Si
6372,IA_facil,19,Derrota,4,Si
6372,IA_medio,20,Victoria,6,Si
6372,IA_dificil,18,Derrota,5,Si
6373,IA_facil,17,Derrota,6,Si
6373,IA_medio,22,Derrota,5,Si
6373,IA_dificil,18,Victoria,4,Si
6374,IA_facil,18,Victoria,5,Si
6374,IA_medio,23,Derrota,10,Si
6374,IA_dificil,22,Derrota,5,Si
6375,IA_facil,20,Derrota,6,Si
6375,IA_medio,21,Victoria,4,Si
6375,IA_dificil,20,Derrota,7,Si
6376,IA_facil,22,Derrota,5,Si
6376,IA_medio,19,Derrota,8,Si
6376,IA_dificil,20,Victoria,6,Si
6377,IA_facil,21,Victoria,5,Si
6377,IA_medio,22,Derrota,7,Si
6377,IA_dificil,17,Derrota,6,Si
6378,IA_facil,22,Derrota,5,Si
6378,IA_medio,17,Empate,6,Si
6378,IA_dificil,17,Empate,5,Si
6379,IA_facil,19,Empate,4,Si
6379,IA_medio,19,Empate,7,Si
6379,IA_dificil,17,Derrota,7,Si
6380,IA_facil,18,Derrota,5,Si
6380,IA_medio,20,Victoria,6,Si
6380,IA_dificil,18,Derrota,6,Si
6381,IA_facil,17,Derrota,5,Si
6381,IA_medio,21,Victoria,6,Si
6381,IA_dificil,20,Derrota,5,Si
6382,IA_facil,17,Derrota,4,Si
6382,IA_medio,21,Victoria,8,Si
6382,IA_dificil,17,Derrota,6,Si
6383,IA_facil,17,Derrota,5,Si
6383,IA_medio,19,Victoria,6,Si
6383,IA_dificil,17,Derrota,5,Si
6384,IA_facil,18,Derrota,6,Si
6384,IA_medio,22,Derrota,8,Si
6384,IA_dificil,20,Victoria,4,Si
6385,IA_facil,18,Victoria,4,Si
6385,IA_medio,17,Derrota,4,Si
6385,IA_dificil,22,Derrota,6,Si
6386,IA_facil,18,Derrota,4,Si
6386,IA_medio,18,Derrota,6,Si
6386,IA_dificil,20,Victoria,6,Si
6387,IA_facil,17,Derrota,5,Si
6387,IA_medio,18,Victoria,5,Si
6387,IA_dificil,22,Derrota,7,Si
6388,IA_facil,18,Empate,7,Si
6388,IA_medio,22,Derrota,8,Si
6388,IA_dificil,18,Empate,4,Si
6389,IA_facil,18,Derrota,4,Si
6389,IA_medio,20,Victoria,8,Si
6389,IA_dificil,17,Derrota,4,Si
6390,IA_facil,22,Derrota,7,Si
6390,IA_medio,18,Derrota,4,Si
6390,IA_dificil,20,Victoria,5,Si
6391,IA_facil,18,Empate,5,Si
6391,IA_medio,18,Empate,6,Si
6391,IA_dificil,22,Derrota,7,Si
6392,IA_facil,17,Derrota,4,Si
6392,IA_medio,20,Empate,8,Si
6392,IA_dificil,20,Empate,5,Si
6393,IA_facil,17,Derrota,6,Si
6393,IA_medio,18,Derrota,5,Si
6393,IA_dificil,20,Victoria,5,Si
6394,IA_facil,18,Derrota,7,Si
6394,IA_medio,20,Empate,6,Si
6394,IA_dificil,20,Empate,5,Si
6395,IA_facil,17,Derrota,5,Si
6395,IA_medio,19,Derrota,6,Si
6395,IA_dificil,20,Victoria,5,Si
6396,IA_facil,18,Derrota,4,Si
6396,IA_medio,20,Victoria,5,Si
6396,IA_dificil,17,Derrota,4,Si
6397,IA_facil,18,Derrota,4,Si
6397,IA_medio,20,Empate,6,Si
6397,IA_dificil,20,Empate,4,Si
6398,IA_facil,20,Empate,4,Si
6398,IA_medio,20,Empate,6,Si
6398,IA_dificil,17,Derrota,5,Si
6399,IA_facil,19,Derrota,4,Si
6399,IA_medio,20,Victoria,5,Si
6399,IA_dificil,19,Derrota,4,Si
6400,IA_facil,21,Victoria,6,Si
6400,IA_medio,17,Derrota,5,Si
6400,IA_dificil,19,Derrota,4,Si
6401,IA_facil,20,Empate,5,Si
6401,IA_medio,20,Empate,7,Si
6401,IA_dificil,25,Derrota,5,Si
6402,IA_facil,17,Derrota,5,Si
6402,IA_medio,21,Victoria,6,Si
6402,IA_dificil,18,Derrota,4,Si
6403,IA_facil,19,Victoria,5,Si
6403,IA_medio,22,Derrota,7,Si
6403,IA_dificil,22,Derrota,4,Si
6404,IA_facil,19,Derrota,5,Si
6404,IA_medio,22,Derrota,7,Si
6404,IA_dificil,21,Victoria,5,Si
6405,IA_facil,20,Victoria,6,Si
6405,IA_medio,17,Derrota,4,Si
6405,IA_dificil,19,Derrota,5,Si
6406,IA_facil,17,Derrota,4,Si
6406,IA_medio,21,Victoria,6,Si
6406,IA_dificil,18,Derrota,6,Si
6407,IA_facil,19,Derrota,7,Si
6407,IA_medio,21,Victoria,5,Si
6407,IA_dificil,19,Derrota,7,Si
6408,IA_facil,18,Derrota,4,Si
6408,IA_medio,21,Victoria,6,Si
6408,IA_dificil,17,Derrota,4,Si
6409,IA_facil,21,Empate,6,Si
6409,IA_medio,24,Derrota,6,Si
6409,IA_dificil,21,Empate,5,Si
6410,IA_facil,18,Derrota,6,Si
6410,IA_medio,21,Victoria,6,Si
6410,IA_dificil,18,Derrota,6,Si
6411,IA_facil,19,Derrota,7,Si
6411,IA_medio,22,Derrota,5,Si
6411,IA_dificil,20,Victoria,5,Si
6412,IA_facil,17,Derrota,5,Si
6412,IA_medio,20,Victoria,6,Si
6412,IA_dificil,17,Derrota,4,Si
6413,IA_facil,17,Empate,4,Si
6413,IA_medio,23,Derrota,5,Si
6413,IA_dificil,17,Empate,6,Si
6414,IA_facil,18,Derrota,6,Si
6414,IA_medio,20,Victoria,6,Si
6414,IA_dificil,17,Derrota,3,Si
6415,IA_facil,17,Derrota,5,Si
6415,IA_medio,17,Derrota,6,Si
6415,IA_dificil,19,Victoria,6,Si
6416,IA_facil,17,Derrota,5,Si
6416,IA_medio,21,Victoria,7,Si
6416,IA_dificil,19,Derrota,4,Si
6417,IA_facil,17,Derrota,5,Si
6417,IA_medio,19,Victoria,6,Si
6417,IA_dificil,17,Derrota,5,Si
6418,IA_facil,17,Empate,4,Si
6418,IA_medio,25,Derrota,7,Si
6418,IA_dificil,17,Empate,5,Si
6419,IA_facil,18,Derrota,5,Si
6419,IA_medio,19,Victoria,5,Si
6419,IA_dificil,17,Derrota,6,Si
6420,IA_facil,17,Derrota,6,Si
6420,IA_medio,18,Victoria,5,Si
6420,IA_dificil,17,Derrota,6,Si
6421,IA_facil,17,Empate,4,Si
6421,IA_medio,24,Derrota,8,Si
6421,IA_dificil,17,Empate,5,Si
6422,IA_facil,19,Victoria,5,Si
6422,IA_medio,22,Derrota,5,Si
6422,IA_dificil,22,Derrota,7,Si
6423,IA_facil,19,Derrota,6,Si
6423,IA_medio,21,Victoria,7,Si
6423,IA_dificil,19,Derrota,6,Si
6424,IA_facil,20,Victoria,4,Si
6424,IA_medio,18,Derrota,6,Si
6424,IA_dificil,18,Derrota,6,Si
6425,IA_facil,20,Derrota,6,Si
6425,IA_medio,20,Derrota,6,Si
6425,IA_dificil,21,Victoria,5,Si
6426,IA_facil,18,Derrota,4,Si
6426,IA_medio,21,Empate,5,Si
6426,IA_dificil,21,Empate,6,Si
6427,IA_facil,17,Derrota,4,Si
6427,IA_medio,17,Derrota,5,Si
6427,IA_dificil,20,Victoria,6,Si
6428,IA_facil,17,Derrota,7,Si
6428,IA_medio,17,Derrota,4,Si
6428,IA_dificil,21,Victoria,6,Si
6429,IA_facil,18,Victoria,5,Si
6429,IA_medio,22,Derrota,7,Si
6429,IA_dificil,17,Derrota,5,Si
6430,IA_facil,18,Derrota,7,Si
6430,IA_medio,17,Derrota,5,Si
6430,IA_dificil,19,Victoria,5,Si
6431,IA_facil,19,Derrota,6,Si
6431,IA_medio,21,Victoria,6,Si
6431,IA_dificil,23,Derrota,5,Si
6432,IA_facil,17,Derrota,5,Si
6432,IA_medio,25,Derrota,7,Si
6432,IA_dificil,18,Victoria,5,Si
6433,IA_facil,19,Derrota,5,Si
6433,IA_medio,18,Derrota,5,Si
6433,IA_dificil,20,Victoria,5,Si
6434,IA_facil,17,Derrota,4,Si
6434,IA_medio,25,Derrota,6,Si
6434,IA_dificil,20,Victoria,6,Si
6435,IA_facil,19,Derrota,6,Si
6435,IA_medio,20,Empate,6,Si
6435,IA_dificil,20,Empate,5,Si
6436,IA_facil,17,Derrota,6,Si
6436,IA_medio,17,Derrota,6,Si
6436,IA_dificil,20,Victoria,7,Si
6437,IA_facil,19,Victoria,5,Si
6437,IA_medio,22,Derrota,7,Si
6437,IA_dificil,18,Derrota,5,Si
6438,IA_facil,21,Empate,4,Si
6438,IA_medio,21,Empate,5,Si
6438,IA_dificil,22,Derrota,6,Si
6439,IA_facil,19,Victoria,4,Si
6439,IA_medio,18,Derrota,7,Si
6439,IA_dificil,18,Derrota,6,Si
6440,IA_facil,19,Derrota,4,Si
6440,IA_medio,22,Derrota,7,Si
6440,IA_dificil,20,Victoria,5,Si
6441,IA_facil,18,Derrota,4,Si
6441,IA_medio,21,Empate,7,Si
6441,IA_dificil,21,Empate,4,Si
6442,IA_facil,19,Derrota,5,Si
6442,IA_medio,21,Victoria,5,Si
6442,IA_dificil,19,Derrota,4,Si
6443,IA_facil,17,Derrota,4,Si
6443,IA_medio,19,Victoria,8,Si
6443,IA_dificil,18,Derrota,6,Si
6444,IA_facil,17,Derrota,6,Si
6444,IA_medio,18,Victoria,6,Si
6444,IA_dificil,22,Derrota,5,Si
6445,IA_facil,17,Empate,7,Si
6445,IA_medio,17,Empate,4,Si
6445,IA_dificil,22,Derrota,7,Si
6446,IA_facil,18,Empate,6,Si
6446,IA_medio,22,Derrota,6,Si
6446,IA_dificil,18,Empate,7,Si
6447,IA_facil,20,Derrota,5,Si
6447,IA_medio,21,Victoria,7,Si
6447,IA_dificil,18,Derrota,4,Si
6448,IA_facil,18,Derrota,4,Si
6448,IA_medio,18,Derrota,4,Si
6448,IA_dificil,20,Victoria,6,Si
6449,IA_facil,17,Derrota,6,Si
6449,IA_medio,17,Derrota,5,Si
6449,IA_dificil,18,Victoria,6,Si
6450,IA_facil,19,Derrota,4,Si
6450,IA_medio,19,Derrota,6,Si
6450,IA_dificil,20,Victoria,5,Si
6451,IA_facil,19,Empate,5,Si
6451,IA_medio,19,Empate,5,Si
6451,IA_dificil,18,Derrota,3,Si
6452,IA_facil,17,Derrota,8,Si
6452,IA_medio,21,Victoria,7,Si
6452,IA_dificil,19,Derrota,5,Si
6453,IA_facil,17,Victoria,5,Si
6453,IA_medio,24,Derrota,8,Si
6453,IA_dificil,22,Derrota,5,Si
6454,IA_facil,17,Derrota,3,Si
6454,IA_medio,20,Victoria,5,Si
6454,IA_dificil,18,Derrota,4,Si
6455,IA_facil,18,Derrota,4,Si
6455,IA_medio,20,Empate,5,Si
6455,IA_dificil,20,Empate,6,Si
6456,IA_facil,18,Derrota,4,Si
6456,IA_medio,20,Victoria,6,Si
6456,IA_dificil,22,Derrota,7,Si
6457,IA_facil,17,Derrota,5,Si
6457,IA_medio,19,Derrota,4,Si
6457,IA_dificil,20,Victoria,7,Si
6458,IA_facil,21,Victoria,5,Si
6458,IA_medio,18,Derrota,5,Si
6458,IA_dificil,18,Derrota,5,Si
6459,IA_facil,18,Derrota,4,Si
6459,IA_medio,17,Derrota,6,Si
6459,IA_dificil,20,Victoria,7,Si
6460,IA_facil,18,Derrota,4,Si
6460,IA_medio,17,Derrota,5,Si
6460,IA_dificil,20,Victoria,6,Si
6461,IA_facil,17,Derrota,5,Si
6461,IA_medio,19,Victoria,4,Si
6461,IA_dificil,17,Derrota,6,Si
6462,IA_facil,17,Derrota,7,Si
6462,IA_medio,24,Derrota,5,Si
6462,IA_dificil,18,Victoria,5,Si
6463,IA_facil,18,Derrota,6,Si
6463,IA_medio,20,Victoria,7,Si
6463,IA_dificil,18,Derrota,6,Si
6464,IA_facil,21,Victoria,5,Si
6464,IA_medio,17,Derrota,7,Si
6464,IA_dificil,22,Derrota,5,Si
6465,IA_facil,19,Derrota,5,Si
6465,IA_medio,20,Derrota,5,Si
6465,IA_dificil,21,Victoria,5,Si
6466,IA_facil,18,Empate,3,Si
6466,IA_medio,18,Empate,6,Si
6466,IA_dificil,18,Empate,5,Si
6467,IA_facil,21,Victoria,6,Si
6467,IA_medio,20,Derrota,7,Si
6467,IA_dificil,18,Derrota,4,Si
6468,IA_facil,17,Derrota,6,Si
6468,IA_medio,18,Victoria,5,Si
6468,IA_dificil,17,Derrota,6,Si
6469,IA_facil,19,Empate,6,Si
6469,IA_medio,19,Empate,4,Si
6469,IA_dificil,19,Empate,5,Si
6470,IA_facil,17,Derrota,6,Si
6470,IA_medio,19,Victoria,4,Si
6470,IA_dificil,18,Derrota,7,Si
6471,IA_facil,20,Victoria,5,Si
6471,IA_medio,22,Derrota,5,Si
6471,IA_dificil,17,Derrota,7,Si
6472,IA_facil,17,Derrota,5,Si
6472,IA_medio,20,Victoria,4,Si
6472,IA_dificil,17,Derrota,5,Si
6473,IA_facil,17,Derrota,5,Si
6473,IA_medio,18,Victoria,4,Si
6473,IA_dificil,23,Derrota,6,Si
6474,IA_facil,20,Derrota,4,Si
6474,IA_medio,21,Victoria,6,Si
6474,IA_dificil,17,Derrota,5,Si
6475,IA_facil,17,Derrota,4,Si
6475,IA_medio,20,Victoria,5,Si
6475,IA_dificil,19,Derrota,5,Si
6476,IA_facil,20,Empate,6,Si
6476,IA_medio,20,Empate,6,Si
6476,IA_dificil,19,Derrota,4,Si
6477,IA_facil,17,Derrota,4,Si
6477,IA_medio,21,Empate,7,Si
6477,IA_dificil,21,Empate,6,Si
6478,IA_facil,17,Derrota,6,Si
6478,IA_medio,17,Derrota,5,Si
6478,IA_dificil,21,Victoria,5,Si
6479,IA_facil,19,Derrota,6,Si
6479,IA_medio,17,Derrota,3,Si
6479,IA_dificil,20,Victoria,5,Si
6480,IA_facil,20,Victoria,5,Si
6480,IA_medio,22,Derrota,7,Si
6480,IA_dificil,18,Derrota,4,Si
6481,IA_facil,20,Victoria,5,Si
6481,IA_medio,18,Derrota,6,Si
6481,IA_dificil,17,Derrota,6,Si
6482,IA_facil,17,Derrota,6,Si
6482,IA_medio,18,Derrota,5,Si
6482,IA_dificil,20,Victoria,7,Si
6483,IA_facil,18,Derrota,5,Si
6483,IA_medio,20,Victoria,6,Si
6483,IA_dificil,18,Derrota,8,Si
6484,IA_facil,17,Derrota,3,Si
6484,IA_medio,21,Victoria,6,Si
6484,IA_dificil,20,Derrota,6,Si
6485,IA_facil,18,Derrota,7,Si
6485,IA_medio,20,Victoria,5,Si
6485,IA_dificil,18,Derrota,6,Si
6486,IA_facil,18,Derrota,5,Si
6486,IA_medio,17,Derrota,6,Si
6486,IA_dificil,20,Victoria,5,Si
6487,IA_facil,18,Empate,4,Si
6487,IA_medio,17,Derrota,5,Si
6487,IA_dificil,18,Empate,6,Si
6488,IA_facil,18,Derrota,5,Si
6488,IA_medio,22,Derrota,5,Si
6488,IA_dificil,20,Victoria,4,Si
6489,IA_facil,21,Victoria,4,Si
6489,IA_medio,20,Derrota,6,Si
6489,IA_dificil,18,Derrota,7,Si
6490,IA_facil,19,Victoria,7,Si
6490,IA_medio,17,Derrota,9,Si
6490,IA_dificil,24,Derrota,5,Si
6491,IA_facil,22,Derrota,7,Si
6491,IA_medio,18,Derrota,4,Si
6491,IA_dificil,21,Victoria,6,Si
6492,IA_facil,17,Derrota,4,Si
6492,IA_medio,24,Derrota,10,Si
6492,IA_dificil,20,Victoria,6,Si
6493,IA_facil,17,Victoria,3,Si
6493,IA_medio,22,Derrota,4,Si
6493,IA_dificil,22,Derrota,6,Si
6494,IA_facil,21,Victoria,6,Si
6494,IA_medio,20,Derrota,6,Si
6494,IA_dificil,19,Derrota,5,Si
6495,IA_facil,22,Derrota,8,Si
6495,IA_medio,20,Victoria,5,Si
6495,IA_dificil,19,Derrota,5,Si
6496,IA_facil,19,Victoria,6,Si
6496,IA_medio,18,Derrota,6,Si
6496,IA_dificil,17,Derrota,7,Si
6497,IA_facil,18,Empate,6,Si
6497,IA_medio,22,Derrota,9,Si
6497,IA_dificil,18,Empate,5,Si
6498,IA_facil,18,Derrota,7,Si
6498,IA_medio,20,Empate,6,Si
6498,IA_dificil,20,Empate,6,Si
6499,IA_facil,22,Derrota,7,Si
6499,IA_medio,18,Empate,6,Si
6499,IA_dificil,18,Empate,6,Si
6500,IA_facil,17,Derrota,3,Si
6500,IA_medio,19,Victoria,6,Si
6500,IA_dificil,25,Derrota,7,Si
6501,IA_facil,17,Derrota,5,Si
6501,IA_medio,20,Empate,6,Si
6501,IA_dificil,20,Empate,7,Si
6502,IA_facil,20,Derrota,6,Si
6502,IA_medio,21,Victoria,5,Si
6502,IA_dificil,19,Derrota,5,Si
6503,IA_facil,20,Derrota,5,Si
6503,IA_medio,23,Derrota,6,Si
6503,IA_dificil,21,Victoria,5,Si
6504,IA_facil,21,Victoria,6,Si
6504,IA_medio,20,Derrota,4,Si
6504,IA_dificil,19,Derrota,5,Si
6505,IA_facil,21,Victoria,7,Si
6505,IA_medio,23,Derrota,6,Si
6505,IA_dificil,17,Derrota,7,Si
6506,IA_facil,17,Derrota,6,Si
6506,IA_medio,21,Empate,6,Si
6506,IA_dificil,21,Empate,5,Si
6507,IA_facil,18,Empate,6,Si
6507,IA_medio,18,Empate,5,Si
6507,IA_dificil,22,Derrota,6,Si
6508,IA_facil,18,Derrota,5,Si
6508,IA_medio,20,Victoria,6,Si
6508,IA_dificil,18,Derrota,4,Si
6509,IA_facil,22,Derrota,5,Si
6509,IA_medio,17,Derrota,4,Si
6509,IA_dificil,19,Victoria,6,Si
6510,IA_facil,17,Derrota,8,Si
6510,IA_medio,22,Derrota,5,Si
6510,IA_dificil,18,Victoria,6,Si
6511,IA_facil,20,Victoria,9,Si
6511,IA_medio,23,Derrota,6,Si
6511,IA_dificil,19,Derrota,7,Si
6512,IA_facil,19,Victoria,6,Si
6512,IA_medio,22,Derrota,5,Si
6512,IA_dificil,17,Derrota,4,Si
6513,IA_facil,18,Derrota,5,Si
6513,IA_medio,21,Victoria,6,Si
6513,IA_dificil,18,Derrota,4,Si
6514,IA_facil,19,Victoria,6,Si
6514,IA_medio,22,Derrota,5,Si
6514,IA_dificil,17,Derrota,4,Si
6515,IA_facil,18,Empate,7,Si
6515,IA_medio,18,Empate,6,Si
6515,IA_dificil,22,Derrota,6,Si
6516,IA_facil,19,Derrota,5,Si
6516,IA_medio,20,Victoria,5,Si
6516,IA_dificil,18,Derrota,5,Si
6517,IA_facil,17,Derrota,5,Si
6517,IA_medio,21,Victoria,6,Si
6517,IA_dificil,17,Derrota,5,Si
6518,IA_facil,17,Derrota,6,Si
6518,IA_medio,21,Empate,6,Si
6518,IA_dificil,21,Empate,6,Si
6519,IA_facil,21,Empate,8,Si
6519,IA_medio,21,Empate,7,Si
6519,IA_dificil,20,Derrota,4,Si
6520,IA_facil,20,Victoria,8,Si
6520,IA_medio,19,Derrota,7,Si
6520,IA_dificil,19,Derrota,6,Si
6521,IA_facil,19,Derrota,6,Si
6521,IA_medio,20,Empate,4,Si
6521,IA_dificil,20,Empate,5,Si
6522,IA_facil,18,Derrota,5,Si
6522,IA_medio,20,Victoria,6,Si
6522,IA_dificil,22,Derrota,5,Si
6523,IA_facil,22,Derrota,5,Si
6523,IA_medio,20,Victoria,5,Si
6523,IA_dificil,18,Derrota,3,Si
6524,IA_facil,19,Derrota,6,Si
6524,IA_medio,19,Derrota,5,Si
6524,IA_dificil,21,Victoria,5,Si
6525,IA_facil,18,Derrota,5,Si
6525,IA_medio,21,Victoria,7,Si
6525,IA_dificil,22,Derrota,6,Si
6526,IA_facil,22,Derrota,5,Si
6526,IA_medio,20,Victoria,4,Si
6526,IA_dificil,23,Derrota,7,Si
6527,IA_facil,17,Derrota,5,Si
6527,IA_medio,19,Empate,6,Si
6527,IA_dificil,19,Empate,7,Si
6528,IA_facil,17,Derrota,5,Si
6528,IA_medio,17,Derrota,7,Si
6528,IA_dificil,18,Victoria,4,Si
6529,IA_facil,22,Derrota,5,Si
6529,IA_medio,20,Empate,5,Si
6529,IA_dificil,20,Empate,5,Si
6530,IA_facil,19,Victoria,5,Si
6530,IA_medio,22,Derrota,5,Si
6530,IA_dificil,17,Derrota,5,Si
6531,IA_facil,17,Empate,4,Si
6531,IA_medio,22,Derrota,4,Si
6531,IA_dificil,17,Empate,3,Si
6532,IA_facil,17,Derrota,5,Si
6532,IA_medio,18,Victoria,5,Si
6532,IA_dificil,25,Derrota,6,Si
6533,IA_facil,17,Derrota,5,Si
6533,IA_medio,19,Derrota,7,Si
6533,IA_dificil,21,Victoria,6,Si
6534,IA_facil,19,Derrota,7,Si
6534,IA_medio,18,Derrota,5,Si
6534,IA_dificil,20,Victoria,7,Si
6535,IA_facil,17,Derrota,4,Si
6535,IA_medio,21,Victoria,6,Si
6535,IA_dificil,17,Derrota,6,Si
6536,IA_facil,17,Derrota,4,Si
6536,IA_medio,19,Empate,6,Si
6536,IA_dificil,19,Empate,5,Si
6537,IA_facil,19,Victoria,4,Si
6537,IA_medio,17,Derrota,5,Si
6537,IA_dificil,22,Derrota,8,Si
6538,IA_facil,20,Empate,4,Si
6538,IA_medio,17,Derrota,5,Si
6538,IA_dificil,20,Empate,4,Si
6539,IA_facil,22,Derrota,8,Si
6539,IA_medio,18,Derrota,6,Si
6539,IA_dificil,19,Victoria,5,Si
6540,IA_facil,17,Derrota,6,Si
6540,IA_medio,21,Empate,4,Si
6540,IA_dificil,21,Empate,5,Si
6541,IA_facil,18,Empate,5,Si
6541,IA_medio,18,Empate,4,Si
6541,IA_dificil,17,Derrota,5,Si
6542,IA_facil,21,Victoria,7,Si
6542,IA_medio,17,Derrota,5,Si
6542,IA_dificil,19,Derrota,4,Si
6543,IA_facil,17,Derrota,4,Si
6543,IA_medio,18,Empate,6,Si
6543,IA_dificil,18,Empate,5,Si
6544,IA_facil,22,Derrota,4,Si
6544,IA_medio,20,Derrota,7,Si
6544,IA_dificil,21,Victoria,6,Si
6545,IA_facil,17,Victoria,6,Si
6545,IA_medio,22,Derrota,6,Si
6545,IA_dificil,22,Derrota,6,Si
6546,IA_facil,17,Derrota,7,Si
6546,IA_medio,18,Derrota,5,Si
6546,IA_dificil,19,Victoria,6,Si
6547,IA_facil,20,Derrota,6,Si
6547,IA_medio,21,Victoria,5,Si
6547,IA_dificil,18,Derrota,7,Si
6548,IA_facil,17,Empate,6,Si
6548,IA_medio,22,Derrota,5,Si
6548,IA_dificil,17,Empate,6,Si
6549,IA_facil,20,Empate,7,Si
6549,IA_medio,20,Empate,4,Si
6549,IA_dificil,20,Empate,5,Si
6550,IA_facil,22,Derrota,6,Si
6550,IA_medio,17,Empate,4,Si
6550,IA_dificil,17,Empate,4,Si
6551,IA_facil,18,Derrota,4,Si
6551,IA_medio,21,Victoria,7,Si
6551,IA_dificil,18,Derrota,5,Si
6552,IA_facil,18,Derrota,7,Si
6552,IA_medio,17,Derrota,5,Si
6552,IA_dificil,19,Victoria,8,Si
6553,IA_facil,18,Victoria,5,Si
6553,IA_medio,22,Derrota,6,Si
6553,IA_dificil,17,Derrota,4,Si
6554,IA_facil,21,Victoria,5,Si
6554,IA_medio,18,Derrota,4,Si
6554,IA_dificil,20,Derrota,5,Si
6555,IA_facil,21,Victoria,7,Si
6555,IA_medio,17,Derrota,4,Si
6555,IA_dificil,17,Derrota,5,Si
6556,IA_facil,17,Derrota,3,Si
6556,IA_medio,23,Derrota,6,Si
6556,IA_dificil,21,Victoria,6,Si
6557,IA_facil,19,Empate,6,Si
6557,IA_medio,18,Derrota,7,Si
6557,IA_dificil,19,Empate,6,Si
6558,IA_facil,17,Derrota,4,Si
6558,IA_medio,21,Victoria,5,Si
6558,IA_dificil,20,Derrota,7,Si
6559,IA_facil,20,Victoria,5,Si
6559,IA_medio,19,Derrota,7,Si
6559,IA_dificil,18,Derrota,6,Si
6560,IA_facil,17,Derrota,4,Si
6560,IA_medio,19,Victoria,5,Si
6560,IA_dificil,17,Derrota,3,Si
6561,IA_facil,17,Victoria,6,Si
6561,IA_medio,24,Derrota,6,Si
6561,IA_dificil,22,Derrota,7,Si
6562,IA_facil,19,Empate,8,Si
6562,IA_medio,19,Empate,5,Si
6562,IA_dificil,18,Derrota,5,Si
6563,IA_facil,17,Derrota,4,Si
6563,IA_medio,23,Derrota,6,Si
6563,IA_dificil,19,Victoria,5,Si
6564,IA_facil,20,Victoria,5,Si
6564,IA_medio,17,Derrota,4,Si
6564,IA_dificil,19,Derrota,6,Si
6565,IA_facil,17,Derrota,6,Si
6565,IA_medio,17,Derrota,6,Si
6565,IA_dificil,20,Victoria,6,Si
6566,IA_facil,20,Victoria,5,Si
6566,IA_medio,17,Derrota,5,Si
6566,IA_dificil,23,Derrota,6,Si
6567,IA_facil,19,Victoria,5,Si
6567,IA_medio,17,Derrota,4,Si
6567,IA_dificil,18,Derrota,4,Si
6568,IA_facil,19,Derrota,6,Si
6568,IA_medio,20,Victoria,5,Si
6568,IA_dificil,18,Derrota,5,Si
6569,IA_facil,18,Derrota,8,Si
6569,IA_medio,17,Derrota,5,Si
6569,IA_dificil,21,Victoria,5,Si
6570,IA_facil,17,Derrota,4,Si
6570,IA_medio,20,Derrota,5,Si
6570,IA_dificil,21,Victoria,7,Si
6571,IA_facil,20,Victoria,5,Si
6571,IA_medio,22,Derrota,6,Si
6571,IA_dificil,18,Derrota,4,Si
6572,IA_facil,18,Empate,4,Si
6572,IA_medio,24,Derrota,6,Si
6572,IA_dificil,18,Empate,5,Si
6573,IA_facil,17,Empate,4,Si
6573,IA_medio,17,Empate,4,Si
6573,IA_dificil,22,Derrota,8,Si
6574,IA_facil,17,Derrota,7,Si
6574,IA_medio,18,Empate,4,Si
6574,IA_dificil,18,Empate,4,Si
6575,IA_facil,18,Empate,8,Si
6575,IA_medio,18,Empate,4,Si
6575,IA_dificil,17,Derrota,4,Si
6576,IA_facil,18,Derrota,7,Si
6576,IA_medio,19,Victoria,5,Si
6576,IA_dificil,18,Derrota,4,Si
6577,IA_facil,17,Derrota,4,Si
6577,IA_medio,21,Victoria,5,Si
6577,IA_dificil,18,Derrota,5,Si
6578,IA_facil,18,Derrota,6,Si
6578,IA_medio,19,Victoria,7,Si
6578,IA_dificil,18,Derrota,6,Si
6579,IA_facil,21,Victoria,6,Si
6579,IA_medio,19,Derrota,6,Si
6579,IA_dificil,24,Derrota,7,Si
6580,IA_facil,17,Derrota,8,Si
6580,IA_medio,23,Derrota,6,Si
6580,IA_dificil,21,Victoria,8,Si
6581,IA_facil,21,Victoria,4,Si
6581,IA_medio,17,Derrota,6,Si
6581,IA_dificil,20,Derrota,6,Si
6582,IA_facil,17,Derrota,4,Si
6582,IA_medio,18,Derrota,7,Si
6582,IA_dificil,20,Victoria,4,Si
6583,IA_facil,18,Derrota,5,Si
6583,IA_medio,20,Victoria,5,Si
6583,IA_dificil,22,Derrota,9,Si
6584,IA_facil,18,Derrota,4,Si
6584,IA_medio,19,Empate,7,Si
6584,IA_dificil,19,Empate,5,Si
6585,IA_facil,20,Derrota,4,Si
6585,IA_medio,21,Empate,7,Si
6585,IA_dificil,21,Empate,7,Si
6586,IA_facil,19,Victoria,8,Si
6586,IA_medio,23,Derrota,5,Si
6586,IA_dificil,23,Derrota,6,Si
6587,IA_facil,18,Derrota,6,Si
6587,IA_medio,19,Victoria,6,Si
6587,IA_dificil,18,Derrota,5,Si
6588,IA_facil,18,Derrota,4,Si
6588,IA_medio,19,Victoria,5,Si
6588,IA_dificil,18,Derrota,6,Si
6589,IA_facil,21,Victoria,4,Si
6589,IA_medio,17,Derrota,6,Si
6589,IA_dificil,22,Derrota,5,Si
6590,IA_facil,20,Victoria,7,Si
6590,IA_medio,17,Derrota,6,Si
6590,IA_dificil,18,Derrota,5,Si
6591,IA_facil,19,Victoria,4,Si
6591,IA_medio,25,Derrota,7,Si
6591,IA_dificil,23,Derrota,5,Si
6592,IA_facil,18,Derrota,6,Si
6592,IA_medio,18,Derrota,6,Si
6592,IA_dificil,21,Victoria,7,Si
6593,IA_facil,18,Empate,6,Si
6593,IA_medio,23,Derrota,6,Si
6593,IA_dificil,18,Empate,5,Si
6594,IA_facil,19,Victoria,7,Si
6594,IA_medio,17,Derrota,5,Si
6594,IA_dificil,18,Derrota,4,Si
6595,IA_facil,17,Derrota,6,Si
6595,IA_medio,22,Derrota,4,Si
6595,IA_dificil,21,Victoria,5,Si
6596,IA_facil,20,Victoria,4,Si
6596,IA_medio,24,Derrota,6,Si
6596,IA_dificil,25,Derrota,6,Si
6597,IA_facil,17,Derrota,9,Si
6597,IA_medio,21,Victoria,5,Si
6597,IA_dificil,19,Derrota,6,Si
6598,IA_facil,17,Derrota,5,Si
6598,IA_medio,18,Empate,3,Si
6598,IA_dificil,18,Empate,4,Si
6599,IA_facil,21,Victoria,5,Si
6599,IA_medio,19,Derrota,5,Si
6599,IA_dificil,23,Derrota,5,Si
6600,IA_facil,18,Derrota,4,Si
6600,IA_medio,24,Derrota,7,Si
6600,IA_dificil,20,Victoria,8,Si
6601,IA_facil,17,Derrota,5,Si
6601,IA_medio,20,Derrota,4,Si
6601,IA_dificil,21,Victoria,7,Si
6602,IA_facil,21,Victoria,7,Si
6602,IA_medio,17,Derrota,6,Si
6602,IA_dificil,18,Derrota,6,Si
6603,IA_facil,19,Derrota,6,Si
6603,IA_medio,20,Victoria,4,Si
6603,IA_dificil,17,Derrota,5,Si
6604,IA_facil,18,Derrota,4,Si
6604,IA_medio,22,Derrota,6,Si
6604,IA_dificil,20,Victoria,5,Si
6605,IA_facil,22,Derrota,5,Si
6605,IA_medio,19,Derrota,4,Si
6605,IA_dificil,21,Victoria,6,Si
6606,IA_facil,20,Victoria,4,Si
6606,IA_medio,17,Derrota,7,Si
6606,IA_dificil,24,Derrota,5,Si
6607,IA_facil,19,Derrota,6,Si
6607,IA_medio,20,Victoria,5,Si
6607,IA_dificil,18,Derrota,6,Si
6608,IA_facil,19,Victoria,5,Si
6608,IA_medio,18,Derrota,4,Si
6608,IA_dificil,18,Derrota,6,Si
6609,IA_facil,19,Derrota,5,Si
6609,IA_medio,21,Victoria,5,Si
6609,IA_dificil,18,Derrota,8,Si
6610,IA_facil,17,Derrota,6,Si
6610,IA_medio,22,Derrota,4,Si
6610,IA_dificil,18,Victoria,5,Si
6611,IA_facil,20,Victoria,6,Si
6611,IA_medio,17,Derrota,5,Si
6611,IA_dificil,18,Derrota,7,Si
6612,IA_facil,19,Empate,7,Si
6612,IA_medio,19,Empate,4,Si
6612,IA_dificil,22,Derrota,5,Si
6613,IA_facil,17,Derrota,4,Si
6613,IA_medio,17,Derrota,5,Si
6613,IA_dificil,20,Victoria,5,Si
6614,IA_facil,21,Victoria,5,Si
6614,IA_medio,20,Derrota,7,Si
6614,IA_dificil,20,Derrota,5,Si
6615,IA_facil,17,Derrota,6,Si
6615,IA_medio,20,Empate,12,Si
6615,IA_dificil,20,Empate,5,Si
6616,IA_facil,18,Empate,6,Si
6616,IA_medio,18,Empate,5,Si
6616,IA_dificil,18,Empate,6,Si
6617,IA_facil,17,Derrota,3,Si
6617,IA_medio,21,Victoria,5,Si
6617,IA_dificil,19,Derrota,6,Si
6618,IA_facil,18,Derrota,6,Si
6618,IA_medio,23,Derrota,8,Si
6618,IA_dificil,19,Victoria,6,Si
6619,IA_facil,17,Derrota,4,Si
6619,IA_medio,19,Victoria,5,Si
6619,IA_dificil,17,Derrota,6,Si
6620,IA_facil,22,Derrota,4,Si
6620,IA_medio,21,Victoria,6,Si
6620,IA_dificil,20,Derrota,5,Si
6621,IA_facil,22,Derrota,7,Si
6621,IA_medio,20,Victoria,7,Si
6621,IA_dificil,18,Derrota,5,Si
6622,IA_facil,17,Derrota,4,Si
6622,IA_medio,24,Derrota,5,Si
6622,IA_dificil,21,Victoria,7,Si
6623,IA_facil,17,Victoria,6,Si
6623,IA_medio,23,Derrota,5,Si
6623,IA_dificil,23,Derrota,6,Si
6624,IA_facil,21,Empate,6,Si
6624,IA_medio,21,Empate,7,Si
6624,IA_dificil,17,Derrota,6,Si
6625,IA_facil,17,Derrota,5,Si
6625,IA_medio,19,Victoria,7,Si
6625,IA_dificil,18,Derrota,5,Si
6626,IA_facil,18,Derrota,8,Si
6626,IA_medio,20,Victoria,4,Si
6626,IA_dificil,22,Derrota,8,Si
6627,IA_facil,19,Empate,6,Si
6627,IA_medio,19,Empate,5,Si
6627,IA_dificil,17,Derrota,5,Si
6628,IA_facil,18,Victoria,5,Si
6628,IA_medio,22,Derrota,4,Si
6628,IA_dificil,17,Derrota,6,Si
6629,IA_facil,17,Derrota,7,Si
6629,IA_medio,19,Victoria,7,Si
6629,IA_dificil,18,Derrota,5,Si
6630,IA_facil,17,Derrota,4,Si
6630,IA_medio,17,Derrota,5,Si
6630,IA_dificil,18,Victoria,4,Si
6631,IA_facil,18,Derrota,6,Si
6631,IA_medio,20,Victoria,7,Si
6631,IA_dificil,22,Derrota,5,Si
6632,IA_facil,17,Derrota,5,Si
6632,IA_medio,24,Derrota,6,Si
6632,IA_dificil,20,Victoria,5,Si
6633,IA_facil,20,Empate,5,Si
6633,IA_medio,20,Empate,6,Si
6633,IA_dificil,18,Derrota,4,Si
6634,IA_facil,20,Derrota,6,Si
6634,IA_medio,21,Victoria,5,Si
6634,IA_dificil,17,Derrota,5,Si
6635,IA_facil,17,Derrota,5,Si
6635,IA_medio,18,Derrota,7,Si
6635,IA_dificil,21,Victoria,5,Si
6636,IA_facil,17,Empate,9,Si
6636,IA_medio,22,Derrota,6,Si
6636,IA_dificil,17,Empate,4,Si
6637,IA_facil,17,Derrota,5,Si
6637,IA_medio,20,Victoria,5,Si
6637,IA_dificil,17,Derrota,5,Si
6638,IA_facil,17,Derrota,5,Si
6638,IA_medio,19,Victoria,6,Si
6638,IA_dificil,18,Derrota,5,Si
6639,IA_facil,20,Victoria,4,Si
6639,IA_medio,22,Derrota,6,Si
6639,IA_dificil,17,Derrota,5,Si
6640,IA_facil,20,Victoria,5,Si
6640,IA_medio,19,Derrota,6,Si
6640,IA_dificil,25,Derrota,5,Si
6641,IA_facil,17,Derrota,7,Si
6641,IA_medio,17,Derrota,5,Si
6641,IA_dificil,18,Victoria,4,Si
6642,IA_facil,19,Derrota,5,Si
6642,IA_medio,18,Derrota,7,Si
6642,IA_dificil,20,Victoria,5,Si
6643,IA_facil,17,Derrota,4,Si
6643,IA_medio,17,Derrota,5,Si
6643,IA_dificil,19,Victoria,5,Si
6644,IA_facil,17,Derrota,4,Si
6644,IA_medio,21,Victoria,5,Si
6644,IA_dificil,22,Derrota,6,Si
6645,IA_facil,18,Derrota,7,Si
6645,IA_medio,17,Derrota,5,Si
6645,IA_dificil,21,Victoria,7,Si
6646,IA_facil,17,Derrota,6,Si
6646,IA_medio,25,Derrota,7,Si
6646,IA_dificil,20,Victoria,7,Si
6647,IA_facil,22,Derrota,6,Si
6647,IA_medio,19,Victoria,6,Si
6647,IA_dificil,22,Derrota,6,Si
6648,IA_facil,17,Empate,4,Si
6648,IA_medio,22,Derrota,6,Si
6648,IA_dificil,17,Empate,6,Si
6649,IA_facil,18,Derrota,5,Si
6649,IA_medio,20,Victoria,4,Si
6649,IA_dificil,19,Derrota,5,Si
6650,IA_facil,18,Derrota,4,Si
6650,IA_medio,21,Victoria,5,Si
6650,IA_dificil,22,Derrota,6,Si
6651,IA_facil,20,Derrota,5,Si
6651,IA_medio,21,Empate,5,Si
6651,IA_dificil,21,Empate,4,Si
6652,IA_facil,19,Derrota,7,Si
6652,IA_medio,20,Victoria,9,Si
6652,IA_dificil,18,Derrota,5,Si
6653,IA_facil,22,Derrota,5,Si
6653,IA_medio,18,Victoria,5,Si
6653,IA_dificil,17,Derrota,4,Si
6654,IA_facil,19,Empate,4,Si
6654,IA_medio,22,Derrota,5,Si
6654,IA_dificil,19,Empate,4,Si
6655,IA_facil,19,Victoria,5,Si
6655,IA_medio,17,Derrota,5,Si
6655,IA_dificil,24,Derrota,6,Si
6656,IA_facil,19,Derrota,8,Si
6656,IA_medio,20,Victoria,5,Si
6656,IA_dificil,18,Derrota,8,Si
6657,IA_facil,17,Derrota,5,Si
6657,IA_medio,21,Victoria,4,Si
6657,IA_dificil,20,Derrota,7,Si
6658,IA_facil,17,Derrota,6,Si
6658,IA_medio,20,Victoria,5,Si
6658,IA_dificil,17,Derrota,5,Si
6659,IA_facil,17,Derrota,4,Si
6659,IA_medio,20,Victoria,4,Si
6659,IA_dificil,23,Derrota,8,Si
6660,IA_facil,18,Derrota,5,Si
6660,IA_medio,17,Derrota,4,Si
6660,IA_dificil,19,Victoria,5,Si
6661,IA_facil,18,Derrota,5,Si
6661,IA_medio,24,Derrota,5,Si
6661,IA_dificil,21,Victoria,6,Si
6662,IA_facil,17,Derrota,5,Si
6662,IA_medio,21,Victoria,5,Si
6662,IA_dificil,17,Derrota,4,Si
6663,IA_facil,19,Victoria,6,Si
6663,IA_medio,17,Derrota,4,Si
6663,IA_dificil,18,Derrota,6,Si
6664,IA_facil,21,Victoria,4,Si
6664,IA_medio,20,Derrota,5,Si
6664,IA_dificil,22,Derrota,6,Si
6665,IA_facil,17,Derrota,6,Si
6665,IA_medio,19,Victoria,4,Si
6665,IA_dificil,18,Derrota,7,Si
6666,IA_facil,22,Derrota,5,Si
6666,IA_medio,18,Victoria,6,Si
6666,IA_dificil,17,Derrota,7,Si
6667,IA_facil,17,Derrota,5,Si
6667,IA_medio,22,Derrota,7,Si
6667,IA_dificil,20,Victoria,7,Si
6668,IA_facil,17,Derrota,5,Si
6668,IA_medio,18,Derrota,7,Si
6668,IA_dificil,19,Victoria,7,Si
6669,IA_facil,17,Derrota,5,Si
6669,IA_medio,17,Derrota,4,Si
6669,IA_dificil,20,Victoria,5,Si
6670,IA_facil,18,Derrota,6,Si
6670,IA_medio,20,Victoria,4,Si
6670,IA_dificil,23,Derrota,4,Si
6671,IA_facil,18,Derrota,4,Si
6671,IA_medio,20,Victoria,6,Si
6671,IA_dificil,19,Derrota,4,Si
6672,IA_facil,19,Derrota,6,Si
6672,IA_medio,17,Derrota,4,Si
6672,IA_dificil,20,Victoria,8,Si
6673,IA_facil,17,Derrota,5,Si
6673,IA_medio,18,Victoria,3,Si
6673,IA_dificil,17,Derrota,4,Si
6674,IA_facil,18,Derrota,4,Si
6674,IA_medio,18,Derrota,6,Si
6674,IA_dificil,20,Victoria,7,Si
6675,IA_facil,17,Derrota,4,Si
6675,IA_medio,21,Victoria,7,Si
6675,IA_dificil,18,Derrota,7,Si
6676,IA_facil,19,Victoria,4,Si
6676,IA_medio,18,Derrota,4,Si
6676,IA_dificil,17,Derrota,5,Si
6677,IA_facil,18,Derrota,5,Si
6677,IA_medio,21,Victoria,5,Si
6677,IA_dificil,18,Derrota,5,Si
6678,IA_facil,20,Derrota,5,Si
6678,IA_medio,21,Victoria,7,Si
6678,IA_dificil,20,Derrota,7,Si
6679,IA_facil,19,Derrota,5,Si
6679,IA_medio,19,Derrota,4,Si
6679,IA_dificil,21,Victoria,5,Si
6680,IA_facil,18,Victoria,6,Si
6680,IA_medio,17,Derrota,5,Si
6680,IA_dificil,17,Derrota,4,Si
6681,IA_facil,19,Derrota,4,Si
6681,IA_medio,18,Derrota,6,Si
6681,IA_dificil,20,Victoria,5,Si
6682,IA_facil,20,Victoria,5,Si
6682,IA_medio,17,Derrota,4,Si
6682,IA_dificil,18,Derrota,6,Si
6683,IA_facil,20,Victoria,7,Si
6683,IA_medio,23,Derrota,6,Si
6683,IA_dificil,17,Derrota,5,Si
6684,IA_facil,17,Derrota,5,Si
6684,IA_medio,21,Victoria,6,Si
6684,IA_dificil,24,Derrota,7,Si
6685,IA_facil,17,Derrota,6,Si
6685,IA_medio,21,Victoria,4,Si
6685,IA_dificil,19,Derrota,5,Si
6686,IA_facil,20,Victoria,5,Si
6686,IA_medio,19,Derrota,5,Si
6686,IA_dificil,22,Derrota,7,Si
6687,IA_facil,17,Derrota,6,Si
6687,IA_medio,18,Derrota,5,Si
6687,IA_dificil,19,Victoria,5,Si
6688,IA_facil,17,Derrota,5,Si
6688,IA_medio,20,Derrota,8,Si
6688,IA_dificil,21,Victoria,5,Si
6689,IA_facil,20,Empate,6,Si
6689,IA_medio,20,Empate,6,Si
6689,IA_dificil,18,Derrota,6,Si
6690,IA_facil,17,Derrota,5,Si
6690,IA_medio,20,Derrota,6,Si
6690,IA_dificil,21,Victoria,6,Si
6691,IA_facil,17,Derrota,7,Si
6691,IA_medio,21,Victoria,5,Si
6691,IA_dificil,19,Derrota,5,Si
6692,IA_facil,17,Derrota,4,Si
6692,IA_medio,21,Victoria,7,Si
6692,IA_dificil,22,Derrota,4,Si
6693,IA_facil,17,Derrota,6,Si
6693,IA_medio,21,Victoria,6,Si
6693,IA_dificil,17,Derrota,7,Si
6694,IA_facil,18,Derrota,6,Si
6694,IA_medio,20,Victoria,5,Si
6694,IA_dificil,18,Derrota,6,Si
6695,IA_facil,20,Victoria,4,Si
6695,IA_medio,17,Derrota,5,Si
6695,IA_dificil,18,Derrota,5,Si
6696,IA_facil,17,Derrota,3,Si
6696,IA_medio,22,Derrota,6,Si
6696,IA_dificil,20,Victoria,6,Si
6697,IA_facil,19,Victoria,5,Si
6697,IA_medio,18,Derrota,4,Si
6697,IA_dificil,18,Derrota,5,Si
6698,IA_facil,22,Derrota,5,Si
6698,IA_medio,19,Victoria,6,Si
6698,IA_dificil,18,Derrota,5,Si
6699,IA_facil,19,Derrota,5,Si
6699,IA_medio,20,Victoria,5,Si
6699,IA_dificil,19,Derrota,7,Si
6700,IA_facil,18,Derrota,5,Si
6700,IA_medio,20,Victoria,4,Si
6700,IA_dificil,24,Derrota,6,Si
6701,IA_facil,19,Derrota,7,Si
6701,IA_medio,21,Victoria,7,Si
6701,IA_dificil,17,Derrota,8,Si
6702,IA_facil,19,Victoria,4,Si
6702,IA_medio,22,Derrota,6,Si
6702,IA_dificil,17,Derrota,6,Si
6703,IA_facil,17,Derrota,6,Si
6703,IA_medio,21,Victoria,7,Si
6703,IA_dificil,20,Derrota,5,Si
6704,IA_facil,20,Derrota,5,Si
6704,IA_medio,21,Victoria,4,Si
6704,IA_dificil,17,Derrota,3,Si
6705,IA_facil,20,Victoria,4,Si
6705,IA_medio,22,Derrota,6,Si
6705,IA_dificil,19,Derrota,5,Si
6706,IA_facil,17,Empate,6,Si
6706,IA_medio,17,Empate,4,Si
6706,IA_dificil,17,Empate,6,Si
6707,IA_facil,17,Derrota,3,Si
6707,IA_medio,20,Empate,4,Si
6707,IA_dificil,20,Empate,7,Si
6708,IA_facil,17,Derrota,7,Si
6708,IA_medio,17,Derrota,4,Si
6708,IA_dificil,21,Victoria,6,Si
6709,IA_facil,20,Derrota,6,Si
6709,IA_medio,21,Victoria,4,Si
6709,IA_dificil,22,Derrota,7,Si
6710,IA_facil,22,Derrota,6,Si
6710,IA_medio,21,Victoria,4,Si
6710,IA_dificil,22,Derrota,9,Si
6711,IA_facil,21,Victoria,6,Si
6711,IA_medio,18,Derrota,5,Si
6711,IA_dificil,18,Derrota,5,Si
6712,IA_facil,19,Derrota,6,Si
6712,IA_medio,20,Victoria,8,Si
6712,IA_dificil,19,Derrota,5,Si
6713,IA_facil,17,Derrota,5,Si
6713,IA_medio,20,Victoria,6,Si
6713,IA_dificil,18,Derrota,6,Si
6714,IA_facil,20,Derrota,6,Si
6714,IA_medio,21,Victoria,5,Si
6714,IA_dificil,17,Derrota,6,Si
6715,IA_facil,22,Derrota,5,Si
6715,IA_medio,22,Derrota,6,Si
6715,IA_dificil,24,Derrota,7,Si
6716,IA_facil,22,Derrota,7,Si
6716,IA_medio,20,Victoria,4,Si
6716,IA_dificil,17,Derrota,5,Si
6717,IA_facil,17,Derrota,4,Si
6717,IA_medio,20,Victoria,6,Si
6717,IA_dificil,17,Derrota,7,Si
6718,IA_facil,18,Victoria,5,Si
6718,IA_medio,25,Derrota,6,Si
6718,IA_dificil,17,Derrota,6,Si
6719,IA_facil,19,Derrota,4,Si
6719,IA_medio,20,Empate,8,Si
6719,IA_dificil,20,Empate,4,Si
6720,IA_facil,17,Empate,6,Si
6720,IA_medio,22,Derrota,5,Si
6720,IA_dificil,17,Empate,8,Si
6721,IA_facil,18,Derrota,4,Si
6721,IA_medio,21,Victoria,7,Si
6721,IA_dificil,22,Derrota,8,Si
6722,IA_facil,20,Empate,5,Si
6722,IA_medio,22,Derrota,7,Si
6722,IA_dificil,20,Empate,5,Si
6723,IA_facil,20,Victoria,6,Si
6723,IA_medio,17,Derrota,5,Si
6723,IA_dificil,23,Derrota,4,Si
6724,IA_facil,22,Derrota,6,Si
6724,IA_medio,22,Derrota,6,Si
6724,IA_dificil,20,Victoria,7,Si
6725,IA_facil,20,Victoria,5,Si
6725,IA_medio,17,Derrota,6,Si
6725,IA_dificil,18,Derrota,5,Si
6726,IA_facil,21,Victoria,5,Si
6726,IA_medio,20,Derrota,7,Si
6726,IA_dificil,17,Derrota,4,Si
6727,IA_facil,18,Derrota,4,Si
6727,IA_medio,19,Victoria,6,Si
6727,IA_dificil,22,Derrota,6,Si
6728,IA_facil,18,Derrota,5,Si
6728,IA_medio,20,Empate,9,Si
6728,IA_dificil,20,Empate,4,Si
6729,IA_facil,19,Empate,5,Si
6729,IA_medio,19,Empate,5,Si
6729,IA_dificil,17,Derrota,5,Si
6730,IA_facil,21,Empate,7,Si
6730,IA_medio,17,Derrota,7,Si
6730,IA_dificil,21,Empate,6,Si
6731,IA_facil,17,Derrota,4,Si
6731,IA_medio,18,Derrota,5,Si
6731,IA_dificil,19,Victoria,7,Si
6732,IA_facil,17,Derrota,5,Si
6732,IA_medio,17,Derrota,7,Si
6732,IA_dificil,20,Victoria,5,Si
6733,IA_facil,17,Derrota,4,Si
6733,IA_medio,23,Derrota,6,Si
6733,IA_dificil,18,Victoria,7,Si
6734,IA_facil,21,Victoria,5,Si
6734,IA_medio,20,Derrota,5,Si
6734,IA_dificil,19,Derrota,5,Si
6735,IA_facil,17,Derrota,5,Si
6735,IA_medio,18,Derrota,5,Si
6735,IA_dificil,19,Victoria,6,Si
6736,IA_facil,17,Derrota,5,Si
6736,IA_medio,17,Derrota,5,Si
6736,IA_dificil,20,Victoria,5,Si
6737,IA_facil,20,Victoria,5,Si
6737,IA_medio,19,Derrota,5,Si
6737,IA_dificil,18,Derrota,7,Si
6738,IA_facil,19,Victoria,4,Si
6738,IA_medio,22,Derrota,6,Si
6738,IA_dificil,17,Derrota,8,Si
6739,IA_facil,21,Victoria,5,Si
6739,IA_medio,20,Derrota,4,Si
6739,IA_dificil,22,Derrota,5,Si
6740,IA_facil,18,Derrota,7,Si
6740,IA_medio,19,Derrota,5,Si
6740,IA_dificil,21,Victoria,4,Si
6741,IA_facil,20,Empate,4,Si
6741,IA_medio,20,Empate,6,Si
6741,IA_dificil,18,Derrota,7,Si
6742,IA_facil,19,Victoria,6,Si
6742,IA_medio,17,Derrota,5,Si
6742,IA_dificil,22,Derrota,6,Si
6743,IA_facil,19,Victoria,4,Si
6743,IA_medio,22,Derrota,6,Si
6743,IA_dificil,22,Derrota,6,Si
6744,IA_facil,17,Derrota,5,Si
6744,IA_medio,21,Victoria,7,Si
6744,IA_dificil,18,Derrota,6,Si
6745,IA_facil,20,Empate,5,Si
6745,IA_medio,20,Empate,6,Si
6745,IA_dificil,20,Empate,5,Si
6746,IA_facil,20,Derrota,6,Si
6746,IA_medio,21,Victoria,4,Si
6746,IA_dificil,22,Derrota,5,Si
6747,IA_facil,22,Derrota,6,Si
6747,IA_medio,19,Empate,5,Si
6747,IA_dificil,19,Empate,6,Si
6748,IA_facil,18,Derrota,9,Si
6748,IA_medio,20,Victoria,5,Si
6748,IA_dificil,18,Derrota,7,Si
6749,IA_facil,17,Victoria,7,Si
6749,IA_medio,25,Derrota,6,Si
6749,IA_dificil,22,Derrota,7,Si
6750,IA_facil,21,Victoria,4,Si
6750,IA_medio,19,Derrota,6,Si
6750,IA_dificil,17,Derrota,5,Si
6751,IA_facil,18,Derrota,6,Si
6751,IA_medio,18,Derrota,4,Si
6751,IA_dificil,20,Victoria,5,Si
6752,IA_facil,20,Derrota,4,Si
6752,IA_medio,21,Victoria,5,Si
6752,IA_dificil,20,Derrota,6,Si
6753,IA_facil,17,Derrota,4,Si
6753,IA_medio,20,Empate,6,Si
6753,IA_dificil,20,Empate,5,Si
6754,IA_facil,19,Derrota,6,Si
6754,IA_medio,21,Victoria,5,Si
6754,IA_dificil,17,Derrota,4,Si
6755,IA_facil,17,Derrota,4,Si
6755,IA_medio,21,Victoria,5,Si
6755,IA_dificil,19,Derrota,4,Si
6756,IA_facil,17,Derrota,4,Si
6756,IA_medio,19,Victoria,5,Si
6756,IA_dificil,17,Derrota,5,Si
6757,IA_facil,17,Derrota,7,Si
6757,IA_medio,18,Victoria,5,Si
6757,IA_dificil,17,Derrota,5,Si
6758,IA_facil,20,Derrota,6,Si
6758,IA_medio,21,Victoria,6,Si
6758,IA_dificil,24,Derrota,8,Si
6759,IA_facil,19,Derrota,4,Si
6759,IA_medio,18,Derrota,8,Si
6759,IA_dificil,21,Victoria,6,Si
6760,IA_facil,21,Victoria,6,Si
6760,IA_medio,24,Derrota,6,Si
6760,IA_dificil,18,Derrota,6,Si
6761,IA_facil,18,Victoria,5,Si
6761,IA_medio,17,Derrota,8,Si
6761,IA_dificil,17,Derrota,5,Si
6762,IA_facil,19,Derrota,6,Si
6762,IA_medio,20,Victoria,7,Si
6762,IA_dificil,19,Derrota,5,Si
6763,IA_facil,17,Victoria,5,Si
6763,IA_medio,22,Derrota,6,Si
6763,IA_dificil,24,Derrota,6,Si
6764,IA_facil,18,Derrota,4,Si
6764,IA_medio,19,Derrota,5,Si
6764,IA_dificil,21,Victoria,5,Si
6765,IA_facil,17,Derrota,6,Si
6765,IA_medio,20,Victoria,5,Si
6765,IA_dificil,19,Derrota,4,Si
6766,IA_facil,22,Derrota,6,Si
6766,IA_medio,17,Empate,6,Si
6766,IA_dificil,17,Empate,5,Si
6767,IA_facil,19,Derrota,5,Si
6767,IA_medio,18,Derrota,4,Si
6767,IA_dificil,21,Victoria,4,Si
6768,IA_facil,18,Empate,5,Si
6768,IA_medio,17,Derrota,5,Si
6768,IA_dificil,18,Empate,6,Si
6769,IA_facil,21,Empate,6,Si
6769,IA_medio,21,Empate,7,Si
6769,IA_dificil,18,Derrota,7,Si
6770,IA_facil,18,Derrota,5,Si
6770,IA_medio,20,Victoria,5,Si
6770,IA_dificil,25,Derrota,6,Si
6771,IA_facil,19,Victoria,6,Si
6771,IA_medio,18,Derrota,4,Si
6771,IA_dificil,22,Derrota,6,Si
6772,IA_facil,19,Derrota,5,Si
6772,IA_medio,19,Derrota,6,Si
6772,IA_dificil,21,Victoria,5,Si
6773,IA_facil,17,Empate,6,Si
6773,IA_medio,17,Empate,5,Si
6773,IA_dificil,22,Derrota,6,Si
6774,IA_facil,21,Victoria,5,Si
6774,IA_medio,24,Derrota,7,Si
6774,IA_dificil,19,Derrota,7,Si
6775,IA_facil,18,Derrota,4,Si
6775,IA_medio,18,Derrota,5,Si
6775,IA_dificil,20,Victoria,6,Si
6776,IA_facil,17,Derrota,6,Si
6776,IA_medio,22,Derrota,6,Si
6776,IA_dificil,20,Victoria,8,Si
6777,IA_facil,22,Derrota,6,Si
6777,IA_medio,17,Derrota,4,Si
6777,IA_dificil,21,Victoria,5,Si
6778,IA_facil,20,Victoria,6,Si
6778,IA_medio,18,Derrota,6,Si
6778,IA_dificil,18,Derrota,4,Si
6779,IA_facil,22,Derrota,6,Si
6779,IA_medio,21,Victoria,5,Si
6779,IA_dificil,20,Derrota,7,Si
6780,IA_facil,22,Derrota,5,Si
6780,IA_medio,20,Victoria,5,Si
6780,IA_dificil,19,Derrota,6,Si
6781,IA_facil,19,Derrota,5,Si
6781,IA_medio,19,Derrota,7,Si
6781,IA_dificil,20,Victoria,5,Si
6782,IA_facil,18,Derrota,6,Si
6782,IA_medio,19,Derrota,4,Si
6782,IA_dificil,20,Victoria,5,Si
6783,IA_facil,17,Derrota,5,Si
6783,IA_medio,20,Victoria,6,Si
6783,IA_dificil,22,Derrota,5,Si
6784,IA_facil,20,Victoria,5,Si
6784,IA_medio,22,Derrota,5,Si
6784,IA_dificil,19,Derrota,4,Si
6785,IA_facil,17,Derrota,6,Si
6785,IA_medio,20,Victoria,6,Si
6785,IA_dificil,17,Derrota,4,Si
6786,IA_facil,21,Empate,5,Si
6786,IA_medio,21,Empate,5,Si
6786,IA_dificil,20,Derrota,5,Si
6787,IA_facil,20,Victoria,5,Si
6787,IA_medio,17,Derrota,6,Si
6787,IA_dificil,17,Derrota,4,Si
6788,IA_facil,17,Derrota,5,Si
6788,IA_medio,20,Victoria,5,Si
6788,IA_dificil,18,Derrota,4,Si
6789,IA_facil,21,Empate,6,Si
6789,IA_medio,21,Empate,7,Si
6789,IA_dificil,22,Derrota,6,Si
6790,IA_facil,17,Derrota,5,Si
6790,IA_medio,23,Derrota,6,Si
6790,IA_dificil,19,Victoria,6,Si
6791,IA_facil,19,Derrota,4,Si
6791,IA_medio,17,Derrota,6,Si
6791,IA_dificil,20,Victoria,4,Si
6792,IA_facil,17,Derrota,5,Si
6792,IA_medio,18,Derrota,5,Si
6792,IA_dificil,20,Victoria,5,Si
6793,IA_facil,20,Derrota,7,Si
6793,IA_medio,21,Victoria,7,Si
6793,IA_dificil,19,Derrota,5,Si
6794,IA_facil,21,Victoria,6,Si
6794,IA_medio,20,Derrota,7,Si
6794,IA_dificil,18,Derrota,6,Si
6795,IA_facil,17,Empate,3,Si
6795,IA_medio,24,Derrota,6,Si
6795,IA_dificil,17,Empate,5,Si
6796,IA_facil,19,Derrota,5,Si
6796,IA_medio,19,Derrota,4,Si
6796,IA_dificil,20,Victoria,6,Si
6797,IA_facil,18,Derrota,7,Si
6797,IA_medio,17,Derrota,4,Si
6797,IA_dificil,19,Victoria,6,Si
6798,IA_facil,18,Derrota,4,Si
6798,IA_medio,22,Derrota,8,Si
6798,IA_dificil,21,Victoria,8,Si
6799,IA_facil,17,Derrota,5,Si
6799,IA_medio,20,Victoria,6,Si
6799,IA_dificil,18,Derrota,5,Si
6800,IA_facil,21,Victoria,6,Si
6800,IA_medio,18,Derrota,6,Si
6800,IA_dificil,19,Derrota,6,Si
6801,IA_facil,18,Derrota,5,Si
6801,IA_medio,20,Victoria,7,Si
6801,IA_dificil,19,Derrota,4,Si
6802,IA_facil,19,Derrota,6,Si
6802,IA_medio,17,Derrota,5,Si
6802,IA_dificil,21,Victoria,5,Si
6803,IA_facil,19,Derrota,6,Si
6803,IA_medio,18,Derrota,6,Si
6803,IA_dificil,21,Victoria,5,Si
6804,IA_facil,17,Derrota,4,Si
6804,IA_medio,21,Empate,8,Si
6804,IA_dificil,21,Empate,5,Si
6805,IA_facil,17,Derrota,4,Si
6805,IA_medio,17,Derrota,4,Si
6805,IA_dificil,19,Victoria,6,Si
6806,IA_facil,20,Victoria,7,Si
6806,IA_medio,19,Derrota,4,Si
6806,IA_dificil,18,Derrota,4,Si
6807,IA_facil,18,Derrota,5,Si
6807,IA_medio,21,Empate,5,Si
6807,IA_dificil,21,Empate,5,Si
6808,IA_facil,19,Derrota,4,Si
6808,IA_medio,20,Victoria,5,Si
6808,IA_dificil,23,Derrota,7,Si
6809,IA_facil,18,Empate,5,Si
6809,IA_medio,22,Derrota,6,Si
6809,IA_dificil,18,Empate,6,Si
6810,IA_facil,19,Empate,4,Si
6810,IA_medio,19,Empate,6,Si
6810,IA_dificil,19,Empate,6,Si
6811,IA_facil,21,Victoria,6,Si
6811,IA_medio,19,Derrota,6,Si
6811,IA_dificil,19,Derrota,5,Si
6812,IA_facil,19,Victoria,4,Si
6812,IA_medio,25,Derrota,6,Si
6812,IA_dificil,17,Derrota,7,Si
6813,IA_facil,18,Derrota,6,Si
6813,IA_medio,21,Victoria,7,Si
6813,IA_dificil,20,Derrota,5,Si
6814,IA_facil,19,Derrota,5,Si
6814,IA_medio,20,Victoria,5,Si
6814,IA_dificil,17,Derrota,4,Si
6815,IA_facil,18,Derrota,8,Si
6815,IA_medio,18,Derrota,5,Si
6815,IA_dificil,19,Victoria,4,Si
6816,IA_facil,19,Victoria,4,Si
6816,IA_medio,22,Derrota,6,Si
6816,IA_dificil,22,Derrota,7,Si
6817,IA_facil,17,Derrota,6,Si
6817,IA_medio,24,Derrota,5,Si
6817,IA_dificil,18,Victoria,5,Si
6818,IA_facil,19,Derrota,5,Si
6818,IA_medio,22,Derrota,6,Si
6818,IA_dificil,20,Victoria,6,Si
6819,IA_facil,18,Victoria,7,Si
6819,IA_medio,22,Derrota,4,Si
6819,IA_dificil,22,Derrota,5,Si
6820,IA_facil,18,Derrota,8,Si
6820,IA_medio,18,Derrota,4,Si
6820,IA_dificil,20,Victoria,5,Si
6821,IA_facil,22,Derrota,7,Si
6821,IA_medio,18,Victoria,6,Si
6821,IA_dificil,22,Derrota,8,Si
6822,IA_facil,18,Derrota,6,Si
6822,IA_medio,17,Derrota,5,Si
6822,IA_dificil,21,Victoria,6,Si
6823,IA_facil,18,Derrota,4,Si
6823,IA_medio,19,Victoria,6,Si
6823,IA_dificil,17,Derrota,4,Si
6824,IA_facil,20,Empate,8,Si
6824,IA_medio,20,Empate,6,Si
6824,IA_dificil,17,Derrota,5,Si
6825,IA_facil,21,Victoria,4,Si
6825,IA_medio,24,Derrota,6,Si
6825,IA_dificil,19,Derrota,5,Si
6826,IA_facil,17,Derrota,4,Si
6826,IA_medio,25,Derrota,6,Si
6826,IA_dificil,18,Victoria,5,Si
6827,IA_facil,19,Derrota,6,Si
6827,IA_medio,20,Derrota,5,Si
6827,IA_dificil,21,Victoria,5,Si
6828,IA_facil,17,Empate,6,Si
6828,IA_medio,24,Derrota,5,Si
6828,IA_dificil,17,Empate,3,Si
6829,IA_facil,18,Derrota,4,Si
6829,IA_medio,23,Derrota,7,Si
6829,IA_dificil,20,Victoria,5,Si
6830,IA_facil,18,Derrota,5,Si
6830,IA_medio,21,Victoria,5,Si
6830,IA_dificil,20,Derrota,4,Si
6831,IA_facil,19,Derrota,5,Si
6831,IA_medio,20,Derrota,6,Si
6831,IA_dificil,21,Victoria,6,Si
6832,IA_facil,17,Derrota,6,Si
6832,IA_medio,21,Victoria,6,Si
6832,IA_dificil,18,Derrota,4,Si
6833,IA_facil,21,Victoria,5,Si
6833,IA_medio,17,Derrota,4,Si
6833,IA_dificil,20,Derrota,6,Si
6834,IA_facil,19,Derrota,4,Si
6834,IA_medio,20,Victoria,8,Si
6834,IA_dificil,17,Derrota,3,Si
6835,IA_facil,18,Derrota,5,Si
6835,IA_medio,20,Victoria,5,Si
6835,IA_dificil,17,Derrota,5,Si
6836,IA_facil,18,Derrota,5,Si
6836,IA_medio,18,Derrota,5,Si
6836,IA_dificil,21,Victoria,7,Si
6837,IA_facil,20,Empate,6,Si
6837,IA_medio,20,Empate,4,Si
6837,IA_dificil,20,Empate,8,Si
6838,IA_facil,17,Derrota,5,Si
6838,IA_medio,20,Empate,6,Si
6838,IA_dificil,20,Empate,4,Si
6839,IA_facil,17,Derrota,4,Si
6839,IA_medio,17,Derrota,6,Si
6839,IA_dificil,20,Victoria,5,Si
6840,IA_facil,20,Derrota,6,Si
6840,IA_medio,21,Victoria,5,Si
6840,IA_dificil,18,Derrota,7,Si
6841,IA_facil,22,Derrota,7,Si
6841,IA_medio,20,Victoria,6,Si
6841,IA_dificil,17,Derrota,5,Si
6842,IA_facil,18,Victoria,4,Si
6842,IA_medio,24,Derrota,6,Si
6842,IA_dificil,17,Derrota,7,Si
6843,IA_facil,18,Empate,5,Si
6843,IA_medio,18,Empate,5,Si
6843,IA_dificil,18,Empate,7,Si
6844,IA_facil,18,Derrota,5,Si
6844,IA_medio,20,Empate,6,Si
6844,IA_dificil,20,Empate,5,Si
6845,IA_facil,18,Victoria,6,Si
6845,IA_medio,24,Derrota,5,Si
6845,IA_dificil,24,Derrota,5,Si
6846,IA_facil,20,Victoria,9,Si
6846,IA_medio,22,Derrota,7,Si
6846,IA_dificil,18,Derrota,5,Si
6847,IA_facil,21,Empate,5,Si
6847,IA_medio,22,Derrota,6,Si
6847,IA_dificil,21,Empate,5,Si
6848,IA_facil,18,Derrota,5,Si
6848,IA_medio,20,Derrota,8,Si
6848,IA_dificil,21,Victoria,6,Si
6849,IA_facil,17,Derrota,5,Si
6849,IA_medio,21,Victoria,5,Si
6849,IA_dificil,19,Derrota,5,Si
6850,IA_facil,19,Empate,6,Si
6850,IA_medio,22,Derrota,6,Si
6850,IA_dificil,19,Empate,5,Si
6851,IA_facil,22,Derrota,5,Si
6851,IA_medio,19,Derrota,6,Si
6851,IA_dificil,20,Victoria,5,Si
6852,IA_facil,18,Derrota,8,Si
6852,IA_medio,20,Victoria,7,Si
6852,IA_dificil,22,Derrota,6,Si
6853,IA_facil,17,Empate,4,Si
6853,IA_medio,17,Empate,7,Si
6853,IA_dificil,17,Empate,6,Si
6854,IA_facil,19,Derrota,5,Si
6854,IA_medio,20,Victoria,6,Si
6854,IA_dificil,17,Derrota,4,Si
6855,IA_facil,19,Derrota,4,Si
6855,IA_medio,18,Derrota,6,Si
6855,IA_dificil,20,Victoria,5,Si
6856,IA_facil,17,Derrota,5,Si
6856,IA_medio,24,Derrota,5,Si
6856,IA_dificil,18,Victoria,6,Si
6857,IA_facil,20,Victoria,5,Si
6857,IA_medio,17,Derrota,4,Si
6857,IA_dificil,18,Derrota,4,Si
6858,IA_facil,22,Derrota,6,Si
6858,IA_medio,19,Empate,6,Si
6858,IA_dificil,19,Empate,6,Si
6859,IA_facil,19,Derrota,6,Si
6859,IA_medio,22,Derrota,6,Si
6859,IA_dificil,20,Victoria,6,Si
6860,IA_facil,17,Empate,4,Si
6860,IA_medio,17,Empate,4,Si
6860,IA_dificil,17,Empate,3,Si
6861,IA_facil,18,Derrota,6,Si
6861,IA_medio,20,Derrota,6,Si
6861,IA_dificil,21,Victoria,5,Si
6862,IA_facil,18,Derrota,6,Si
6862,IA_medio,19,Empate,6,Si
6862,IA_dificil,19,Empate,4,Si
6863,IA_facil,19,Derrota,5,Si
6863,IA_medio,20,Victoria,5,Si
6863,IA_dificil,18,Derrota,6,Si
6864,IA_facil,21,Empate,5,Si
6864,IA_medio,18,Derrota,4,Si
6864,IA_dificil,21,Empate,8,Si
6865,IA_facil,17,Derrota,4,Si
6865,IA_medio,24,Derrota,8,Si
6865,IA_dificil,21,Victoria,8,Si
6866,IA_facil,18,Derrota,5,Si
6866,IA_medio,19,Derrota,5,Si
6866,IA_dificil,20,Victoria,6,Si
6867,IA_facil,18,Derrota,5,Si
6867,IA_medio,20,Victoria,7,Si
6867,IA_dificil,22,Derrota,7,Si
6868,IA_facil,17,Derrota,5,Si
6868,IA_medio,18,Derrota,5,Si
6868,IA_dificil,20,Victoria,4,Si
6869,IA_facil,19,Victoria,4,Si
6869,IA_medio,23,Derrota,7,Si
6869,IA_dificil,17,Derrota,6,Si
6870,IA_facil,19,Derrota,5,Si
6870,IA_medio,18,Derrota,6,Si
6870,IA_dificil,21,Victoria,5,Si
6871,IA_facil,19,Derrota,4,Si
6871,IA_medio,21,Victoria,7,Si
6871,IA_dificil,17,Derrota,6,Si
6872,IA_facil,17,Derrota,5,Si
6872,IA_medio,19,Empate,6,Si
6872,IA_dificil,19,Empate,8,Si
6873,IA_facil,17,Empate,5,Si
6873,IA_medio,22,Derrota,7,Si
6873,IA_dificil,17,Empate,4,Si
6874,IA_facil,21,Victoria,4,Si
6874,IA_medio,22,Derrota,7,Si
6874,IA_dificil,17,Derrota,5,Si
6875,IA_facil,17,Derrota,3,Si
6875,IA_medio,18,Derrota,5,Si
6875,IA_dificil,20,Victoria,4,Si
6876,IA_facil,19,Derrota,7,Si
6876,IA_medio,17,Derrota,5,Si
6876,IA_dificil,20,Victoria,6,Si
6877,IA_facil,17,Derrota,7,Si
6877,IA_medio,21,Victoria,4,Si
6877,IA_dificil,20,Derrota,6,Si
6878,IA_facil,17,Derrota,5,Si
6878,IA_medio,22,Derrota,6,Si
6878,IA_dificil,21,Victoria,6,Si
6879,IA_facil,18,Derrota,4,Si
6879,IA_medio,18,Derrota,6,Si
6879,IA_dificil,21,Victoria,5,Si
6880,IA_facil,20,Victoria,6,Si
6880,IA_medio,19,Derrota,5,Si
6880,IA_dificil,23,Derrota,6,Si
6881,IA_facil,19,Victoria,4,Si
6881,IA_medio,18,Derrota,4,Si
6881,IA_dificil,18,Derrota,4,Si
6882,IA_facil,17,Derrota,5,Si
6882,IA_medio,19,Empate,6,Si
6882,IA_dificil,19,Empate,7,Si
6883,IA_facil,18,Empate,6,Si
6883,IA_medio,18,Empate,4,Si
6883,IA_dificil,18,Empate,6,Si
6884,IA_facil,17,Derrota,4,Si
6884,IA_medio,18,Derrota,5,Si
6884,IA_dificil,21,Victoria,6,Si
6885,IA_facil,21,Victoria,7,Si
6885,IA_medio,20,Derrota,6,Si
6885,IA_dificil,18,Derrota,5,Si
6886,IA_facil,21,Victoria,5,Si
6886,IA_medio,23,Derrota,6,Si
6886,IA_dificil,20,Derrota,5,Si
6887,IA_facil,17,Derrota,6,Si
6887,IA_medio,17,Derrota,5,Si
6887,IA_dificil,19,Victoria,5,Si
6888,IA_facil,19,Victoria,8,Si
6888,IA_medio,25,Derrota,5,Si
6888,IA_dificil,18,Derrota,7,Si
6889,IA_facil,20,Victoria,5,Si
6889,IA_medio,18,Derrota,5,Si
6889,IA_dificil,17,Derrota,4,Si
6890,IA_facil,20,Victoria,5,Si
6890,IA_medio,23,Derrota,6,Si
6890,IA_dificil,25,Derrota,5,Si
6891,IA_facil,18,Victoria,5,Si
6891,IA_medio,25,Derrota,7,Si
6891,IA_dificil,23,Derrota,6,Si
6892,IA_facil,19,Victoria,6,Si
6892,IA_medio,18,Derrota,5,Si
6892,IA_dificil,18,Derrota,6,Si
6893,IA_facil,19,Derrota,5,Si
6893,IA_medio,19,Derrota,8,Si
6893,IA_dificil,20,Victoria,4,Si
6894,IA_facil,17,Derrota,7,Si
6894,IA_medio,20,Victoria,7,Si
6894,IA_dificil,18,Derrota,5,Si
6895,IA_facil,17,Derrota,6,Si
6895,IA_medio,21,Victoria,5,Si
6895,IA_dificil,19,Derrota,5,Si
6896,IA_facil,18,Derrota,6,Si
6896,IA_medio,21,Victoria,7,Si
6896,IA_dificil,17,Derrota,4,Si
6897,IA_facil,20,Victoria,7,Si
6897,IA_medio,22,Derrota,5,Si
6897,IA_dificil,19,Derrota,7,Si
6898,IA_facil,19,Derrota,5,Si
6898,IA_medio,21,Victoria,5,Si
6898,IA_dificil,17,Derrota,4,Si
6899,IA_facil,19,Derrota,6,Si
6899,IA_medio,21,Victoria,5,Si
6899,IA_dificil,23,Derrota,7,Si
6900,IA_facil,18,Victoria,5,Si
6900,IA_medio,22,Derrota,6,Si
6900,IA_dificil,22,Derrota,6,Si
6901,IA_facil,18,Empate,5,Si
6901,IA_medio,22,Derrota,6,Si
6901,IA_dificil,18,Empate,5,Si
6902,IA_facil,17,Derrota,6,Si
6902,IA_medio,21,Victoria,6,Si
6902,IA_dificil,17,Derrota,6,Si
6903,IA_facil,18,Victoria,5,Si
6903,IA_medio,17,Derrota,6,Si
6903,IA_dificil,24,Derrota,5,Si
6904,IA_facil,18,Derrota,6,Si
6904,IA_medio,20,Victoria,5,Si
6904,IA_dificil,19,Derrota,4,Si
6905,IA_facil,20,Empate,5,Si
6905,IA_medio,22,Derrota,5,Si
6905,IA_dificil,20,Empate,6,Si
6906,IA_facil,17,Empate,5,Si
6906,IA_medio,22,Derrota,8,Si
6906,IA_dificil,17,Empate,4,Si
6907,IA_facil,22,Derrota,9,Si
6907,IA_medio,20,Victoria,5,Si
6907,IA_dificil,19,Derrota,4,Si
6908,IA_facil,19,Victoria,4,Si
6908,IA_medio,22,Derrota,5,Si
6908,IA_dificil,18,Derrota,4,Si
6909,IA_facil,20,Victoria,4,Si
6909,IA_medio,24,Derrota,6,Si
6909,IA_dificil,18,Derrota,4,Si
6910,IA_facil,19,Derrota,5,Si
6910,IA_medio,19,Derrota,6,Si
6910,IA_dificil,21,Victoria,4,Si
6911,IA_facil,18,Derrota,4,Si
6911,IA_medio,20,Victoria,6,Si
6911,IA_dificil,18,Derrota,7,Si
6912,IA_facil,17,Derrota,4,Si
6912,IA_medio,21,Victoria,4,Si
6912,IA_dificil,17,Derrota,7,Si
6913,IA_facil,18,Derrota,5,Si
6913,IA_medio,25,Derrota,6,Si
6913,IA_dificil,19,Victoria,7,Si
6914,IA_facil,17,Derrota,7,Si
6914,IA_medio,20,Victoria,6,Si
6914,IA_dificil,19,Derrota,7,Si
6915,IA_facil,19,Victoria,4,Si
6915,IA_medio,17,Derrota,5,Si
6915,IA_dificil,17,Derrota,5,Si
6916,IA_facil,17,Derrota,3,Si
6916,IA_medio,20,Victoria,6,Si
6916,IA_dificil,18,Derrota,6,Si
6917,IA_facil,17,Derrota,7,Si
6917,IA_medio,20,Victoria,5,Si
6917,IA_dificil,23,Derrota,6,Si
6918,IA_facil,21,Victoria,7,Si
6918,IA_medio,18,Derrota,4,Si
6918,IA_dificil,17,Derrota,5,Si
6919,IA_facil,17,Derrota,5,Si
6919,IA_medio,17,Derrota,4,Si
6919,IA_dificil,18,Victoria,4,Si
6920,IA_facil,21,Empate,6,Si
6920,IA_medio,21,Empate,6,Si
6920,IA_dificil,17,Derrota,5,Si
6921,IA_facil,17,Derrota,5,Si
6921,IA_medio,22,Derrota,7,Si
6921,IA_dificil,19,Victoria,7,Si
6922,IA_facil,20,Empate,5,Si
6922,IA_medio,19,Derrota,6,Si
6922,IA_dificil,20,Empate,6,Si
6923,IA_facil,20,Victoria,7,Si
6923,IA_medio,18,Derrota,6,Si
6923,IA_dificil,17,Derrota,7,Si
6924,IA_facil,18,Derrota,5,Si
6924,IA_medio,19,Derrota,4,Si
6924,IA_dificil,21,Victoria,5,Si
6925,IA_facil,17,Derrota,5,Si
6925,IA_medio,24,Derrota,6,Si
6925,IA_dificil,18,Victoria,4,Si
6926,IA_facil,19,Empate,8,Si
6926,IA_medio,24,Derrota,6,Si
6926,IA_dificil,19,Empate,4,Si
6927,IA_facil,17,Derrota,4,Si
6927,IA_medio,21,Victoria,6,Si
6927,IA_dificil,18,Derrota,4,Si
6928,IA_facil,18,Derrota,5,Si
6928,IA_medio,24,Derrota,6,Si
6928,IA_dificil,21,Victoria,5,Si
6929,IA_facil,17,Derrota,4,Si
6929,IA_medio,25,Derrota,9,Si
6929,IA_dificil,19,Victoria,6,Si
6930,IA_facil,18,Derrota,4,Si
6930,IA_medio,20,Victoria,6,Si
6930,IA_dificil,17,Derrota,6,Si
6931,IA_facil,18,Derrota,5,Si
6931,IA_medio,19,Derrota,5,Si
6931,IA_dificil,20,Victoria,6,Si
6932,IA_facil,19,Derrota,6,Si
6932,IA_medio,20,Victoria,5,Si
6932,IA_dificil,19,Derrota,7,Si
6933,IA_facil,18,Empate,7,Si
6933,IA_medio,22,Derrota,5,Si
6933,IA_dificil,18,Empate,5,Si
6934,IA_facil,18,Derrota,4,Si
6934,IA_medio,24,Derrota,6,Si
6934,IA_dificil,19,Victoria,5,Si
6935,IA_facil,21,Victoria,7,Si
6935,IA_medio,22,Derrota,5,Si
6935,IA_dificil,18,Derrota,5,Si
6936,IA_facil,17,Derrota,6,Si
6936,IA_medio,19,Empate,5,Si
6936,IA_dificil,19,Empate,6,Si
6937,IA_facil,20,Derrota,5,Si
6937,IA_medio,21,Victoria,5,Si
6937,IA_dificil,18,Derrota,6,Si
6938,IA_facil,17,Derrota,4,Si
6938,IA_medio,19,Victoria,4,Si
6938,IA_dificil,17,Derrota,5,Si
6939,IA_facil,19,Victoria,6,Si
6939,IA_medio,17,Derrota,5,Si
6939,IA_dificil,17,Derrota,4,Si
6940,IA_facil,19,Derrota,5,Si
6940,IA_medio,17,Derrota,5,Si
6940,IA_dificil,20,Victoria,6,Si
6941,IA_facil,19,Empate,7,Si
6941,IA_medio,19,Empate,6,Si
6941,IA_dificil,22,Derrota,6,Si
6942,IA_facil,21,Victoria,7,Si
6942,IA_medio,19,Derrota,5,Si
6942,IA_dificil,19,Derrota,5,Si
6943,IA_facil,19,Empate,6,Si
6943,IA_medio,19,Empate,6,Si
6943,IA_dificil,19,Empate,5,Si
6944,IA_facil,20,Victoria,6,Si
6944,IA_medio,18,Derrota,6,Si
6944,IA_dificil,17,Derrota,7,Si
6945,IA_facil,18,Derrota,5,Si
6945,IA_medio,20,Empate,8,Si
6945,IA_dificil,20,Empate,6,Si
6946,IA_facil,17,Derrota,6,Si
6946,IA_medio,18,Empate,5,Si
6946,IA_dificil,18,Empate,5,Si
6947,IA_facil,18,Derrota,5,Si
6947,IA_medio,20,Victoria,6,Si
6947,IA_dificil,19,Derrota,5,Si
6948,IA_facil,21,Victoria,6,Si
6948,IA_medio,18,Derrota,5,Si
6948,IA_dificil,19,Derrota,5,Si
6949,IA_facil,18,Victoria,6,Si
6949,IA_medio,24,Derrota,7,Si
6949,IA_dificil,23,Derrota,6,Si
6950,IA_facil,17,Derrota,3,Si
6950,IA_medio,20,Victoria,5,Si
6950,IA_dificil,17,Derrota,6,Si
6951,IA_facil,21,Empate,5,Si
6951,IA_medio,17,Derrota,4,Si
6951,IA_dificil,21,Empate,6,Si
6952,IA_facil,21,Victoria,5,Si
6952,IA_medio,23,Derrota,8,Si
6952,IA_dificil,20,Derrota,8,Si
6953,IA_facil,20,Victoria,4,Si
6953,IA_medio,23,Derrota,7,Si
6953,IA_dificil,22,Derrota,5,Si
6954,IA_facil,18,Victoria,6,Si
6954,IA_medio,23,Derrota,5,Si
6954,IA_dificil,17,Derrota,6,Si
6955,IA_facil,18,Derrota,4,Si
6955,IA_medio,19,Victoria,6,Si
6955,IA_dificil,18,Derrota,5,Si
6956,IA_facil,19,Derrota,6,Si
6956,IA_medio,22,Derrota,6,Si
6956,IA_dificil,20,Victoria,5,Si
6957,IA_facil,20,Empate,6,Si
6957,IA_medio,20,Empate,6,Si
6957,IA_dificil,17,Derrota,4,Si
6958,IA_facil,17,Derrota,3,Si
6958,IA_medio,20,Derrota,5,Si
6958,IA_dificil,21,Victoria,5,Si
6959,IA_facil,21,Victoria,6,Si
6959,IA_medio,22,Derrota,7,Si
6959,IA_dificil,20,Derrota,6,Si
6960,IA_facil,18,Derrota,6,Si
6960,IA_medio,21,Victoria,6,Si
6960,IA_dificil,19,Derrota,5,Si
6961,IA_facil,22,Derrota,7,Si
6961,IA_medio,17,Derrota,5,Si
6961,IA_dificil,20,Victoria,6,Si
6962,IA_facil,19,Derrota,7,Si
6962,IA_medio,21,Victoria,9,Si
6962,IA_dificil,20,Derrota,4,Si
6963,IA_facil,21,Victoria,7,Si
6963,IA_medio,20,Derrota,7,Si
6963,IA_dificil,18,Derrota,6,Si
6964,IA_facil,22,Derrota,5,Si
6964,IA_medio,20,Victoria,6,Si
6964,IA_dificil,17,Derrota,6,Si
6965,IA_facil,17,Derrota,5,Si
6965,IA_medio,21,Victoria,6,Si
6965,IA_dificil,19,Derrota,5,Si
6966,IA_facil,17,Derrota,6,Si
6966,IA_medio,18,Victoria,6,Si
6966,IA_dificil,22,Derrota,4,Si
6967,IA_facil,17,Derrota,4,Si
6967,IA_medio,21,Victoria,5,Si
6967,IA_dificil,20,Derrota,6,Si
6968,IA_facil,17,Derrota,4,Si
6968,IA_medio,20,Victoria,6,Si
6968,IA_dificil,18,Derrota,4,Si
6969,IA_facil,17,Derrota,5,Si
6969,IA_medio,17,Derrota,8,Si
6969,IA_dificil,20,Victoria,7,Si
6970,IA_facil,17,Derrota,5,Si
6970,IA_medio,21,Victoria,6,Si
6970,IA_dificil,19,Derrota,6,Si
6971,IA_facil,20,Empate,7,Si
6971,IA_medio,20,Empate,5,Si
6971,IA_dificil,17,Derrota,6,Si
6972,IA_facil,18,Victoria,6,Si
6972,IA_medio,22,Derrota,6,Si
6972,IA_dificil,17,Derrota,4,Si
6973,IA_facil,21,Empate,7,Si
6973,IA_medio,21,Empate,6,Si
6973,IA_dificil,20,Derrota,7,Si
6974,IA_facil,21,Victoria,5,Si
6974,IA_medio,19,Derrota,6,Si
6974,IA_dificil,20,Derrota,6,Si
6975,IA_facil,18,Derrota,6,Si
6975,IA_medio,21,Victoria,7,Si
6975,IA_dificil,19,Derrota,5,Si
6976,IA_facil,21,Empate,7,Si
6976,IA_medio,21,Empate,4,Si
6976,IA_dificil,21,Empate,9,Si
6977,IA_facil,21,Victoria,9,Si
6977,IA_medio,20,Derrota,5,Si
6977,IA_dificil,17,Derrota,4,Si
6978,IA_facil,18,Derrota,6,Si
6978,IA_medio,23,Derrota,7,Si
6978,IA_dificil,19,Victoria,8,Si
6979,IA_facil,18,Derrota,4,Si
6979,IA_medio,20,Derrota,6,Si
6979,IA_dificil,21,Victoria,6,Si
6980,IA_facil,18,Derrota,8,Si
6980,IA_medio,21,Victoria,5,Si
6980,IA_dificil,24,Derrota,8,Si
6981,IA_facil,17,Derrota,5,Si
6981,IA_medio,18,Derrota,7,Si
6981,IA_dificil,21,Victoria,6,Si
6982,IA_facil,18,Victoria,4,Si
6982,IA_medio,17,Derrota,4,Si
6982,IA_dificil,17,Derrota,4,Si
6983,IA_facil,17,Derrota,5,Si
6983,IA_medio,18,Victoria,6,Si
6983,IA_dificil,17,Derrota,5,Si
6984,IA_facil,18,Victoria,5,Si
6984,IA_medio,22,Derrota,6,Si
6984,IA_dificil,17,Derrota,7,Si
6985,IA_facil,17,Derrota,6,Si
6985,IA_medio,18,Derrota,6,Si
6985,IA_dificil,19,Victoria,6,Si
6986,IA_facil,21,Victoria,6,Si
6986,IA_medio,24,Derrota,8,Si
6986,IA_dificil,22,Derrota,6,Si
6987,IA_facil,19,Empate,4,Si
6987,IA_medio,17,Derrota,5,Si
6987,IA_dificil,19,Empate,6,Si
6988,IA_facil,20,Empate,5,Si
6988,IA_medio,22,Derrota,6,Si
6988,IA_dificil,20,Empate,5,Si
6989,IA_facil,19,Derrota,5,Si
6989,IA_medio,20,Derrota,5,Si
6989,IA_dificil,21,Victoria,6,Si
6990,IA_facil,19,Derrota,6,Si
6990,IA_medio,22,Derrota,5,Si
6990,IA_dificil,20,Victoria,8,Si
6991,IA_facil,20,Victoria,7,Si
6991,IA_medio,18,Derrota,5,Si
6991,IA_dificil,22,Derrota,6,Si
6992,IA_facil,17,Derrota,4,Si
6992,IA_medio,22,Derrota,7,Si
6992,IA_dificil,19,Victoria,7,Si
6993,IA_facil,17,Derrota,4,Si
6993,IA_medio,18,Victoria,5,Si
6993,IA_dificil,23,Derrota,8,Si
6994,IA_facil,18,Empate,5,Si
6994,IA_medio,18,Empate,5,Si
6994,IA_dificil,17,Derrota,6,Si
6995,IA_facil,22,Derrota,5,Si
6995,IA_medio,22,Derrota,7,Si
6995,IA_dificil,18,Victoria,5,Si
6996,IA_facil,19,Victoria,6,Si
6996,IA_medio,17,Derrota,4,Si
6996,IA_dificil,17,Derrota,6,Si
6997,IA_facil,17,Derrota,5,Si
6997,IA_medio,23,Derrota,5,Si
6997,IA_dificil,21,Victoria,6,Si
6998,IA_facil,19,Derrota,5,Si
6998,IA_medio,20,Derrota,6,Si
6998,IA_dificil,21,Victoria,4,Si
6999,IA_facil,21,Empate,5,Si
6999,IA_medio,20,Derrota,7,Si
6999,IA_dificil,21,Empate,10,Si
7000,IA_facil,21,Victoria,6,Si
7000,IA_medio,18,Derrota,5,Si
7000,IA_dificil,18,Derrota,5,Si
7001,IA_facil,19,Victoria,7,Si
7001,IA_medio,18,Derrota,7,Si
7001,IA_dificil,17,Derrota,6,Si
7002,IA_facil,20,Empate,4,Si
7002,IA_medio,22,Derrota,6,Si
7002,IA_dificil,20,Empate,6,Si
7003,IA_facil,21,Victoria,5,Si
7003,IA_medio,20,Derrota,7,Si
7003,IA_dificil,18,Derrota,7,Si
7004,IA_facil,17,Derrota,5,Si
7004,IA_medio,21,Victoria,6,Si
7004,IA_dificil,17,Derrota,4,Si
7005,IA_facil,20,Derrota,6,Si
7005,IA_medio,21,Victoria,8,Si
7005,IA_dificil,19,Derrota,7,Si
7006,IA_facil,19,Derrota,6,Si
7006,IA_medio,20,Empate,5,Si
7006,IA_dificil,20,Empate,4,Si
7007,IA_facil,17,Derrota,5,Si
7007,IA_medio,21,Victoria,8,Si
7007,IA_dificil,20,Derrota,6,Si
7008,IA_facil,20,Derrota,5,Si
7008,IA_medio,18,Derrota,5,Si
7008,IA_dificil,21,Victoria,4,Si
7009,IA_facil,20,Derrota,7,Si
7009,IA_medio,21,Victoria,7,Si
7009,IA_dificil,22,Derrota,6,Si
7010,IA_facil,17,Victoria,4,Si
7010,IA_medio,22,Derrota,6,Si
7010,IA_dificil,24,Derrota,6,Si
7011,IA_facil,21,Victoria,5,Si
7011,IA_medio,22,Derrota,5,Si
7011,IA_dificil,19,Derrota,5,Si
7012,IA_facil,17,Derrota,5,Si
7012,IA_medio,17,Derrota,4,Si
7012,IA_dificil,19,Victoria,8,Si
7013,IA_facil,19,Derrota,6,Si
7013,IA_medio,20,Victoria,5,Si
7013,IA_dificil,18,Derrota,6,Si
7014,IA_facil,20,Victoria,6,Si
7014,IA_medio,24,Derrota,6,Si
7014,IA_dificil,19,Derrota,5,Si
7015,IA_facil,20,Victoria,4,Si
7015,IA_medio,19,Derrota,5,Si
7015,IA_dificil,18,Derrota,4,Si
7016,IA_facil,17,Derrota,4,Si
7016,IA_medio,21,Victoria,6,Si
7016,IA_dificil,18,Derrota,6,Si
7017,IA_facil,22,Derrota,5,Si
7017,IA_medio,18,Empate,5,Si
7017,IA_dificil,18,Empate,6,Si
7018,IA_facil,18,Victoria,5,Si
7018,IA_medio,24,Derrota,6,Si
7018,IA_dificil,17,Derrota,7,Si
7019,IA_facil,19,Derrota,7,Si
7019,IA_medio,20,Derrota,8,Si
7019,IA_dificil,21,Victoria,6,Si
7020,IA_facil,19,Empate,5,Si
7020,IA_medio,19,Empate,4,Si
7020,IA_dificil,17,Derrota,5,Si
7021,IA_facil,18,Derrota,5,Si
7021,IA_medio,21,Victoria,5,Si
7021,IA_dificil,23,Derrota,5,Si
7022,IA_facil,20,Victoria,6,Si
7022,IA_medio,18,Derrota,6,Si
7022,IA_dificil,22,Derrota,7,Si
7023,IA_facil,18,Victoria,5,Si
7023,IA_medio,17,Derrota,7,Si
7023,IA_dificil,22,Derrota,7,Si
7024,IA_facil,17,Derrota,7,Si
7024,IA_medio,19,Victoria,5,Si
7024,IA_dificil,17,Derrota,5,Si
7025,IA_facil,19,Derrota,4,Si
7025,IA_medio,21,Victoria,5,Si
7025,IA_dificil,17,Derrota,7,Si
7026,IA_facil,19,Victoria,5,Si
7026,IA_medio,17,Derrota,3,Si
7026,IA_dificil,17,Derrota,4,Si
7027,IA_facil,17,Derrota,3,Si
7027,IA_medio,18,Derrota,6,Si
7027,IA_dificil,21,Victoria,5,Si
7028,IA_facil,20,Empate,6,Si
7028,IA_medio,20,Empate,6,Si
7028,IA_dificil,20,Empate,7,Si
7029,IA_facil,21,Victoria,6,Si
7029,IA_medio,20,Derrota,4,Si
7029,IA_dificil,19,Derrota,8,Si
7030,IA_facil,18,Derrota,6,Si
7030,IA_medio,20,Derrota,5,Si
7030,IA_dificil,21,Victoria,6,Si
7031,IA_facil,19,Derrota,6,Si
7031,IA_medio,22,Derrota,6,Si
7031,IA_dificil,21,Victoria,6,Si
7032,IA_facil,20,Victoria,5,Si
7032,IA_medio,24,Derrota,7,Si
7032,IA_dificil,19,Derrota,4,Si
7033,IA_facil,19,Derrota,6,Si
7033,IA_medio,17,Derrota,8,Si
7033,IA_dificil,21,Victoria,6,Si
7034,IA_facil,22,Derrota,6,Si
7034,IA_medio,21,Victoria,5,Si
7034,IA_dificil,17,Derrota,5,Si
7035,IA_facil,17,Derrota,7,Si
7035,IA_medio,20,Victoria,5,Si
7035,IA_dificil,18,Derrota,6,Si
7036,IA_facil,21,Victoria,5,Si
7036,IA_medio,19,Derrota,4,Si
7036,IA_dificil,18,Derrota,7,Si
7037,IA_facil,17,Derrota,6,Si
7037,IA_medio,20,Victoria,6,Si
7037,IA_dificil,17,Derrota,6,Si
7038,IA_facil,18,Derrota,4,Si
7038,IA_medio,20,Victoria,8,Si
7038,IA_dificil,22,Derrota,6,Si
7039,IA_facil,17,Derrota,5,Si
7039,IA_medio,21,Victoria,5,Si
7039,IA_dificil,17,Derrota,5,Si
7040,IA_facil,19,Empate,4,Si
7040,IA_medio,19,Empate,4,Si
7040,IA_dificil,18,Derrota,5,Si
7041,IA_facil,20,Empate,6,Si
7041,IA_medio,19,Derrota,6,Si
7041,IA_dificil,20,Empate,5,Si
7042,IA_facil,20,Empate,4,Si
7042,IA_medio,20,Empate,5,Si
7042,IA_dificil,19,Derrota,5,Si
7043,IA_facil,18,Derrota,4,Si
7043,IA_medio,21,Victoria,6,Si
7043,IA_dificil,17,Derrota,6,Si
7044,IA_facil,17,Derrota,5,Si
7044,IA_medio,20,Victoria,5,Si
7044,IA_dificil,17,Derrota,9,Si
7045,IA_facil,19,Empate,5,Si
7045,IA_medio,19,Empate,5,Si
7045,IA_dificil,24,Derrota,6,Si
7046,IA_facil,17,Derrota,4,Si
7046,IA_medio,20,Victoria,8,Si
7046,IA_dificil,18,Derrota,4,Si
7047,IA_facil,17,Derrota,6,Si
7047,IA_medio,18,Derrota,5,Si
7047,IA_dificil,21,Victoria,6,Si
7048,IA_facil,17,Derrota,4,Si
7048,IA_medio,20,Victoria,4,Si
7048,IA_dificil,18,Derrota,4,Si
7049,IA_facil,20,Derrota,5,Si
7049,IA_medio,19,Derrota,5,Si
7049,IA_dificil,21,Victoria,8,Si
7050,IA_facil,21,Victoria,6,Si
7050,IA_medio,20,Derrota,5,Si
7050,IA_dificil,17,Derrota,6,Si
7051,IA_facil,19,Victoria,9,Si
7051,IA_medio,22,Derrota,7,Si
7051,IA_dificil,17,Derrota,6,Si
7052,IA_facil,19,Derrota,4,Si
7052,IA_medio,22,Derrota,6,Si
7052,IA_dificil,20,Victoria,7,Si
7053,IA_facil,18,Derrota,7,Si
7053,IA_medio,23,Derrota,6,Si
7053,IA_dificil,20,Victoria,5,Si
7054,IA_facil,17,Derrota,4,Si
7054,IA_medio,21,Victoria,5,Si
7054,IA_dificil,19,Derrota,6,Si
7055,IA_facil,17,Derrota,4,Si
7055,IA_medio,18,Derrota,6,Si
7055,IA_dificil,21,Victoria,7,Si
7056,IA_facil,20,Victoria,6,Si
7056,IA_medio,18,Derrota,5,Si
7056,IA_dificil,22,Derrota,4,Si
7057,IA_facil,17,Derrota,6,Si
7057,IA_medio,20,Victoria,6,Si
7057,IA_dificil,17,Derrota,8,Si
7058,IA_facil,18,Victoria,6,Si
7058,IA_medio,22,Derrota,7,Si
7058,IA_dificil,17,Derrota,5,Si
7059,IA_facil,19,Derrota,5,Si
7059,IA_medio,17,Derrota,5,Si
7059,IA_dificil,21,Victoria,5,Si
7060,IA_facil,17,Derrota,5,Si
7060,IA_medio,17,Derrota,6,Si
7060,IA_dificil,20,Victoria,7,Si
7061,IA_facil,21,Victoria,6,Si
7061,IA_medio,20,Derrota,7,Si
7061,IA_dificil,20,Derrota,8,Si
7062,IA_facil,18,Derrota,4,Si
7062,IA_medio,20,Empate,7,Si
7062,IA_dificil,20,Empate,6,Si
7063,IA_facil,21,Empate,6,Si
7063,IA_medio,21,Empate,6,Si
7063,IA_dificil,21,Empate,10,Si
7064,IA_facil,17,Derrota,5,Si
7064,IA_medio,23,Derrota,6,Si
7064,IA_dificil,18,Victoria,5,Si
7065,IA_facil,20,Victoria,5,Si
7065,IA_medio,25,Derrota,9,Si
7065,IA_dificil,17,Derrota,5,Si
7066,IA_facil,20,Victoria,7,Si
7066,IA_medio,19,Derrota,4,Si
7066,IA_dificil,18,Derrota,6,Si
7067,IA_facil,21,Victoria,5,Si
7067,IA_medio,19,Derrota,7,Si
7067,IA_dificil,18,Derrota,6,Si
7068,IA_facil,22,Derrota,6,Si
7068,IA_medio,18,Derrota,7,Si
7068,IA_dificil,21,Victoria,6,Si
7069,IA_facil,18,Derrota,4,Si
7069,IA_medio,17,Derrota,6,Si
7069,IA_dificil,21,Victoria,5,Si
7070,IA_facil,21,Victoria,4,Si
7070,IA_medio,20,Derrota,6,Si
7070,IA_dificil,20,Derrota,7,Si
7071,IA_facil,18,Derrota,5,Si
7071,IA_medio,21,Victoria,5,Si
7071,IA_dificil,18,Derrota,5,Si
7072,IA_facil,19,Derrota,4,Si
7072,IA_medio,21,Victoria,5,Si
7072,IA_dificil,22,Derrota,5,Si
7073,IA_facil,17,Derrota,4,Si
7073,IA_medio,18,Victoria,6,Si
7073,IA_dificil,22,Derrota,6,Si
7074,IA_facil,17,Victoria,5,Si
7074,IA_medio,22,Derrota,5,Si
7074,IA_dificil,25,Derrota,6,Si
7075,IA_facil,20,Derrota,5,Si
7075,IA_medio,21,Victoria,5,Si
7075,IA_dificil,17,Derrota,3,Si
7076,IA_facil,19,Victoria,6,Si
7076,IA_medio,22,Derrota,8,Si
7076,IA_dificil,18,Derrota,5,Si
7077,IA_facil,18,Derrota,5,Si
7077,IA_medio,20,Victoria,5,Si
7077,IA_dificil,22,Derrota,5,Si
7078,IA_facil,17,Derrota,5,Si
7078,IA_medio,17,Derrota,5,Si
7078,IA_dificil,18,Victoria,7,Si
7079,IA_facil,19,Derrota,6,Si
7079,IA_medio,17,Derrota,7,Si
7079,IA_dificil,20,Victoria,5,Si
7080,IA_facil,18,Derrota,6,Si
7080,IA_medio,18,Derrota,5,Si
7080,IA_dificil,21,Victoria,5,Si
7081,IA_facil,17,Derrota,4,Si
7081,IA_medio,17,Derrota,5,Si
7081,IA_dificil,21,Victoria,5,Si
7082,IA_facil,17,Derrota,5,Si
7082,IA_medio,23,Derrota,6,Si
7082,IA_dificil,20,Victoria,8,Si
7083,IA_facil,19,Empate,5,Si
7083,IA_medio,19,Empate,6,Si
7083,IA_dificil,18,Derrota,5,Si
7084,IA_facil,20,Derrota,5,Si
7084,IA_medio,20,Derrota,5,Si
7084,IA_dificil,21,Victoria,6,Si
7085,IA_facil,18,Derrota,5,Si
7085,IA_medio,17,Derrota,4,Si
7085,IA_dificil,21,Victoria,5,Si
7086,IA_facil,17,Derrota,5,Si
7086,IA_medio,21,Empate,11,Si
7086,IA_dificil,21,Empate,5,Si
7087,IA_facil,17,Empate,7,Si
7087,IA_medio,23,Derrota,7,Si
7087,IA_dificil,17,Empate,5,Si
7088,IA_facil,22,Derrota,4,Si
7088,IA_medio,18,Derrota,7,Si
7088,IA_dificil,21,Victoria,5,Si
7089,IA_facil,19,Derrota,5,Si
7089,IA_medio,21,Victoria,5,Si
7089,IA_dificil,17,Derrota,5,Si
7090,IA_facil,20,Derrota,5,Si
7090,IA_medio,21,Victoria,7,Si
7090,IA_dificil,22,Derrota,6,Si
7091,IA_facil,22,Derrota,5,Si
7091,IA_medio,19,Derrota,6,Si
7091,IA_dificil,21,Victoria,5,Si
7092,IA_facil,22,Derrota,7,Si
7092,IA_medio,21,Empate,8,Si
7092,IA_dificil,21,Empate,7,Si
7093,IA_facil,19,Victoria,5,Si
7093,IA_medio,23,Derrota,7,Si
7093,IA_dificil,22,Derrota,5,Si
7094,IA_facil,19,Derrota,4,Si
7094,IA_medio,20,Victoria,6,Si
7094,IA_dificil,18,Derrota,4,Si
7095,IA_facil,18,Derrota,5,Si
7095,IA_medio,18,Derrota,5,Si
7095,IA_dificil,20,Victoria,7,Si
7096,IA_facil,17,Derrota,7,Si
7096,IA_medio,21,Victoria,6,Si
7096,IA_dificil,17,Derrota,5,Si
7097,IA_facil,18,Derrota,8,Si
7097,IA_medio,19,Empate,4,Si
7097,IA_dificil,19,Empate,4,Si
7098,IA_facil,19,Victoria,5,Si
7098,IA_medio,18,Derrota,4,Si
7098,IA_dificil,17,Derrota,4,Si
7099,IA_facil,19,Derrota,4,Si
7099,IA_medio,21,Victoria,7,Si
7099,IA_dificil,17,Derrota,5,Si
7100,IA_facil,17,Derrota,4,Si
7100,IA_medio,21,Victoria,6,Si
7100,IA_dificil,22,Derrota,6,Si
7101,IA_facil,19,Derrota,7,Si
7101,IA_medio,25,Derrota,7,Si
7101,IA_dificil,20,Victoria,5,Si
7102,IA_facil,17,Derrota,4,Si
7102,IA_medio,22,Derrota,6,Si
7102,IA_dificil,20,Victoria,5,Si
7103,IA_facil,21,Victoria,5,Si
7103,IA_medio,22,Derrota,7,Si
7103,IA_dificil,18,Derrota,4,Si
7104,IA_facil,17,Derrota,5,Si
7104,IA_medio,23,Derrota,6,Si
7104,IA_dificil,18,Victoria,5,Si
7105,IA_facil,20,Derrota,5,Si
7105,IA_medio,21,Victoria,6,Si
7105,IA_dificil,18,Derrota,6,Si
7106,IA_facil,20,Victoria,7,Si
7106,IA_medio,19,Derrota,5,Si
7106,IA_dificil,19,Derrota,5,Si
7107,IA_facil,20,Empate,6,Si
7107,IA_medio,20,Empate,5,Si
7107,IA_dificil,17,Derrota,4,Si
7108,IA_facil,20,Victoria,5,Si
7108,IA_medio,18,Derrota,3,Si
7108,IA_dificil,17,Derrota,8,Si
7109,IA_facil,22,Derrota,8,Si
7109,IA_medio,20,Empate,6,Si
7109,IA_dificil,20,Empate,5,Si
7110,IA_facil,22,Derrota,5,Si
7110,IA_medio,21,Victoria,5,Si
7110,IA_dificil,19,Derrota,6,Si
7111,IA_facil,20,Victoria,8,Si
7111,IA_medio,22,Derrota,6,Si
7111,IA_dificil,22,Derrota,8,Si
7112,IA_facil,17,Derrota,5,Si
7112,IA_medio,19,Victoria,6,Si
7112,IA_dificil,18,Derrota,6,Si
7113,IA_facil,17,Derrota,7,Si
7113,IA_medio,18,Victoria,4,Si
7113,IA_dificil,17,Derrota,6,Si
7114,IA_facil,19,Empate,6,Si
7114,IA_medio,18,Derrota,6,Si
7114,IA_dificil,19,Empate,5,Si
7115,IA_facil,19,Derrota,5,Si
7115,IA_medio,18,Derrota,6,Si
7115,IA_dificil,21,Victoria,5,Si
7116,IA_facil,19,Derrota,5,Si
7116,IA_medio,20,Empate,7,Si
7116,IA_dificil,20,Empate,6,Si
7117,IA_facil,19,Derrota,8,Si
7117,IA_medio,20,Victoria,5,Si
7117,IA_dificil,18,Derrota,3,Si
7118,IA_facil,22,Derrota,5,Si
7118,IA_medio,17,Derrota,5,Si
7118,IA_dificil,18,Victoria,6,Si
7119,IA_facil,18,Derrota,7,Si
7119,IA_medio,24,Derrota,7,Si
7119,IA_dificil,19,Victoria,4,Si
7120,IA_facil,19,Derrota,5,Si
7120,IA_medio,20,Victoria,5,Si
7120,IA_dificil,17,Derrota,5,Si
7121,IA_facil,17,Derrota,6,Si
7121,IA_medio,18,Victoria,5,Si
7121,IA_dificil,24,Derrota,6,Si
7122,IA_facil,22,Derrota,7,Si
7122,IA_medio,17,Derrota,6,Si
7122,IA_dificil,21,Victoria,4,Si
7123,IA_facil,18,Derrota,3,Si
7123,IA_medio,21,Victoria,8,Si
7123,IA_dificil,18,Derrota,4,Si
7124,IA_facil,18,Derrota,5,Si
7124,IA_medio,19,Empate,7,Si
7124,IA_dificil,19,Empate,5,Si
7125,IA_facil,17,Derrota,5,Si
7125,IA_medio,22,Derrota,5,Si
7125,IA_dificil,20,Victoria,6,Si
7126,IA_facil,17,Derrota,3,Si
7126,IA_medio,17,Derrota,7,Si
7126,IA_dificil,20,Victoria,4,Si
7127,IA_facil,18,Derrota,5,Si
7127,IA_medio,20,Empate,5,Si
7127,IA_dificil,20,Empate,5,Si
7128,IA_facil,17,Derrota,4,Si
7128,IA_medio,19,Victoria,4,Si
7128,IA_dificil,17,Derrota,6,Si
7129,IA_facil,17,Derrota,5,Si
7129,IA_medio,19,Derrota,4,Si
7129,IA_dificil,21,Victoria,8,Si
7130,IA_facil,21,Victoria,6,Si
7130,IA_medio,20,Derrota,6,Si
7130,IA_dificil,17,Derrota,6,Si
7131,IA_facil,17,Derrota,4,Si
7131,IA_medio,19,Victoria,5,Si
7131,IA_dificil,18,Derrota,5,Si
7132,IA_facil,17,Derrota,6,Si
7132,IA_medio,20,Empate,6,Si
7132,IA_dificil,20,Empate,5,Si
7133,IA_facil,22,Derrota,6,Si
7133,IA_medio,19,Empate,5,Si
7133,IA_dificil,19,Empate,7,Si
7134,IA_facil,17,Empate,4,Si
7134,IA_medio,17,Empate,8,Si
7134,IA_dificil,23,Derrota,7,Si
7135,IA_facil,20,Victoria,5,Si
7135,IA_medio,18,Derrota,7,Si
7135,IA_dificil,18,Derrota,5,Si
7136,IA_facil,21,Victoria,6,Si
7136,IA_medio,19,Derrota,8,Si
7136,IA_dificil,18,Derrota,5,Si
7137,IA_facil,21,Empate,4,Si
7137,IA_medio,21,Empate,6,Si
7137,IA_dificil,17,Derrota,5,Si
7138,IA_facil,17,Derrota,3,Si
7138,IA_medio,17,Derrota,5,Si
7138,IA_dificil,20,Victoria,8,Si
7139,IA_facil,17,Derrota,4,Si
7139,IA_medio,21,Victoria,5,Si
7139,IA_dificil,18,Derrota,4,Si
7140,IA_facil,18,Derrota,6,Si
7140,IA_medio,20,Victoria,7,Si
7140,IA_dificil,18,Derrota,4,Si
7141,IA_facil,18,Derrota,5,Si
7141,IA_medio,21,Empate,7,Si
7141,IA_dificil,21,Empate,6,Si
7142,IA_facil,18,Derrota,4,Si
7142,IA_medio,20,Empate,4,Si
7142,IA_dificil,20,Empate,6,Si
7143,IA_facil,20,Empate,4,Si
7143,IA_medio,23,Derrota,5,Si
7143,IA_dificil,20,Empate,7,Si
7144,IA_facil,17,Derrota,4,Si
7144,IA_medio,20,Victoria,5,Si
7144,IA_dificil,18,Derrota,6,Si
7145,IA_facil,18,Derrota,6,Si
7145,IA_medio,20,Victoria,5,Si
7145,IA_dificil,19,Derrota,6,Si
7146,IA_facil,21,Victoria,5,Si
7146,IA_medio,24,Derrota,7,Si
7146,IA_dificil,22,Derrota,6,Si
7147,IA_facil,19,Derrota,6,Si
7147,IA_medio,21,Victoria,8,Si
7147,IA_dificil,22,Derrota,5,Si
7148,IA_facil,20,Victoria,4,Si
7148,IA_medio,17,Derrota,4,Si
7148,IA_dificil,22,Derrota,5,Si
7149,IA_facil,20,Victoria,5,Si
7149,IA_medio,17,Derrota,6,Si
7149,IA_dificil,19,Derrota,5,Si
7150,IA_facil,19,Victoria,6,Si
7150,IA_medio,22,Derrota,5,Si
7150,IA_dificil,17,Derrota,4,Si
7151,IA_facil,18,Derrota,6,Si
7151,IA_medio,21,Victoria,4,Si
7151,IA_dificil,19,Derrota,4,Si
7152,IA_facil,20,Victoria,5,Si
7152,IA_medio,18,Derrota,6,Si
7152,IA_dificil,22,Derrota,6,Si
7153,IA_facil,17,Derrota,5,Si
7153,IA_medio,17,Derrota,5,Si
7153,IA_dificil,19,Victoria,4,Si
7154,IA_facil,18,Derrota,6,Si
7154,IA_medio,22,Derrota,5,Si
7154,IA_dificil,20,Victoria,4,Si
7155,IA_facil,21,Victoria,7,Si
7155,IA_medio,23,Derrota,5,Si
7155,IA_dificil,19,Derrota,4,Si
7156,IA_facil,17,Derrota,5,Si
7156,IA_medio,21,Victoria,5,Si
7156,IA_dificil,17,Derrota,5,Si
7157,IA_facil,18,Empate,3,Si
7157,IA_medio,18,Empate,4,Si
7157,IA_dificil,17,Derrota,4,Si
7158,IA_facil,17,Empate,4,Si
7158,IA_medio,22,Derrota,5,Si
7158,IA_dificil,17,Empate,4,Si
7159,IA_facil,19,Derrota,5,Si
7159,IA_medio,20,Derrota,4,Si
7159,IA_dificil,21,Victoria,4,Si
7160,IA_facil,18,Victoria,4,Si
7160,IA_medio,24,Derrota,6,Si
7160,IA_dificil,17,Derrota,5,Si
7161,IA_facil,19,Empate,5,Si
7161,IA_medio,17,Derrota,5,Si
7161,IA_dificil,19,Empate,5,Si
7162,IA_facil,19,Derrota,5,Si
7162,IA_medio,22,Derrota,7,Si
7162,IA_dificil,20,Victoria,4,Si
7163,IA_facil,22,Derrota,7,Si
7163,IA_medio,20,Victoria,4,Si
7163,IA_dificil,24,Derrota,6,Si
7164,IA_facil,17,Derrota,4,Si
7164,IA_medio,20,Victoria,5,Si
7164,IA_dificil,19,Derrota,8,Si
7165,IA_facil,21,Victoria,5,Si
7165,IA_medio,17,Derrota,6,Si
7165,IA_dificil,25,Derrota,7,Si
7166,IA_facil,18,Victoria,5,Si
7166,IA_medio,24,Derrota,5,Si
7166,IA_dificil,22,Derrota,5,Si
7167,IA_facil,17,Derrota,5,Si
7167,IA_medio,23,Derrota,6,Si
7167,IA_dificil,21,Victoria,8,Si
7168,IA_facil,21,Empate,7,Si
7168,IA_medio,24,Derrota,7,Si
7168,IA_dificil,21,Empate,6,Si
7169,IA_facil,21,Victoria,6,Si
7169,IA_medio,20,Derrota,5,Si
7169,IA_dificil,19,Derrota,4,Si
7170,IA_facil,18,Empate,7,Si
7170,IA_medio,22,Derrota,6,Si
7170,IA_dificil,18,Empate,6,Si
7171,IA_facil,17,Derrota,4,Si
7171,IA_medio,20,Victoria,6,Si
7171,IA_dificil,17,Derrota,4,Si
7172,IA_facil,20,Derrota,6,Si
7172,IA_medio,19,Derrota,5,Si
7172,IA_dificil,21,Victoria,6,Si
7173,IA_facil,18,Empate,5,Si
7173,IA_medio,22,Derrota,6,Si
7173,IA_dificil,18,Empate,9,Si
7174,IA_facil,18,Derrota,4,Si
7174,IA_medio,17,Derrota,5,Si
7174,IA_dificil,20,Victoria,6,Si
7175,IA_facil,20,Derrota,6,Si
7175,IA_medio,21,Victoria,6,Si
7175,IA_dificil,18,Derrota,4,Si
7176,IA_facil,17,Derrota,3,Si
7176,IA_medio,24,Derrota,6,Si
7176,IA_dificil,21,Victoria,6,Si
7177,IA_facil,20,Victoria,5,Si
7177,IA_medio,19,Derrota,4,Si
7177,IA_dificil,23,Derrota,8,Si
7178,IA_facil,17,Derrota,3,Si
7178,IA_medio,20,Victoria,5,Si
7178,IA_dificil,18,Derrota,6,Si
7179,IA_facil,18,Derrota,7,Si
7179,IA_medio,19,Derrota,5,Si
7179,IA_dificil,21,Victoria,4,Si
7180,IA_facil,17,Empate,5,Si
7180,IA_medio,17,Empate,4,Si
7180,IA_dificil,17,Empate,5,Si
7181,IA_facil,22,Derrota,7,Si
7181,IA_medio,17,Victoria,6,Si
7181,IA_dificil,22,Derrota,8,Si
7182,IA_facil,17,Derrota,5,Si
7182,IA_medio,20,Derrota,5,Si
7182,IA_dificil,21,Victoria,5,Si
7183,IA_facil,21,Victoria,6,Si
7183,IA_medio,23,Derrota,7,Si
7183,IA_dificil,17,Derrota,5,Si
7184,IA_facil,20,Derrota,6,Si
7184,IA_medio,17,Derrota,5,Si
7184,IA_dificil,21,Victoria,5,Si
7185,IA_facil,21,Victoria,6,Si
7185,IA_medio,18,Derrota,5,Si
7185,IA_dificil,18,Derrota,5,Si
7186,IA_facil,21,Victoria,6,Si
7186,IA_medio,23,Derrota,5,Si
7186,IA_dificil,18,Derrota,6,Si
7187,IA_facil,17,Derrota,3,Si
7187,IA_medio,20,Victoria,7,Si
7187,IA_dificil,19,Derrota,5,Si
7188,IA_facil,20,Victoria,5,Si
7188,IA_medio,25,Derrota,11,Si
7188,IA_dificil,23,Derrota,6,Si
7189,IA_facil,17,Derrota,4,Si
7189,IA_medio,18,Victoria,6,Si
7189,IA_dificil,17,Derrota,6,Si
7190,IA_facil,19,Derrota,6,Si
7190,IA_medio,19,Derrota,5,Si
7190,IA_dificil,20,Victoria,5,Si
7191,IA_facil,19,Empate,6,Si
7191,IA_medio,19,Empate,6,Si
7191,IA_dificil,17,Derrota,5,Si
7192,IA_facil,18,Empate,4,Si
7192,IA_medio,18,Empate,4,Si
7192,IA_dificil,18,Empate,4,Si
7193,IA_facil,18,Empate,6,Si
7193,IA_medio,17,Derrota,7,Si
7193,IA_dificil,18,Empate,5,Si
7194,IA_facil,19,Empate,6,Si
7194,IA_medio,17,Derrota,6,Si
7194,IA_dificil,19,Empate,6,Si
7195,IA_facil,20,Derrota,5,Si
7195,IA_medio,21,Victoria,8,Si
7195,IA_dificil,20,Derrota,4,Si
7196,IA_facil,19,Empate,5,Si
7196,IA_medio,19,Empate,5,Si
7196,IA_dificil,18,Derrota,4,Si
7197,IA_facil,17,Derrota,5,Si
7197,IA_medio,21,Victoria,5,Si
7197,IA_dificil,19,Derrota,5,Si
7198,IA_facil,21,Victoria,6,Si
7198,IA_medio,17,Derrota,4,Si
7198,IA_dificil,20,Derrota,5,Si
7199,IA_facil,17,Empate,3,Si
7199,IA_medio,17,Empate,5,Si
7199,IA_dificil,17,Empate,3,Si
7200,IA_facil,21,Victoria,6,Si
7200,IA_medio,23,Derrota,5,Si
7200,IA_dificil,22,Derrota,8,Si
7201,IA_facil,17,Victoria,5,Si
7201,IA_medio,22,Derrota,5,Si
7201,IA_dificil,22,Derrota,7,Si
7202,IA_facil,17,Empate,5,Si
7202,IA_medio,17,Empate,4,Si
7202,IA_dificil,17,Empate,4,Si
7203,IA_facil,18,Empate,7,Si
7203,IA_medio,18,Empate,5,Si
7203,IA_dificil,18,Empate,4,Si
7204,IA_facil,18,Empate,7,Si
7204,IA_medio,17,Derrota,4,Si
7204,IA_dificil,18,Empate,4,Si
7205,IA_facil,18,Derrota,6,Si
7205,IA_medio,19,Derrota,5,Si
7205,IA_dificil,20,Victoria,5,Si
7206,IA_facil,20,Empate,5,Si
7206,IA_medio,20,Empate,7,Si
7206,IA_dificil,17,Derrota,7,Si
7207,IA_facil,20,Empate,5,Si
7207,IA_medio,20,Empate,6,Si
7207,IA_dificil,18,Derrota,5,Si
7208,IA_facil,18,Empate,6,Si
7208,IA_medio,18,Empate,5,Si
7208,IA_dificil,17,Derrota,5,Si
7209,IA_facil,19,Victoria,5,Si
7209,IA_medio,22,Derrota,9,Si
7209,IA_dificil,23,Derrota,6,Si
7210,IA_facil,17,Derrota,5,Si
7210,IA_medio,21,Victoria,6,Si
7210,IA_dificil,19,Derrota,4,Si
7211,IA_facil,21,Victoria,8,Si
7211,IA_medio,20,Derrota,4,Si
7211,IA_dificil,17,Derrota,4,Si
7212,IA_facil,17,Derrota,5,Si
7212,IA_medio,21,Victoria,6,Si
7212,IA_dificil,19,Derrota,4,Si
7213,IA_facil,22,Derrota,5,Si
7213,IA_medio,20,Victoria,6,Si
7213,IA_dificil,22,Derrota,4,Si
7214,IA_facil,18,Derrota,6,Si
7214,IA_medio,17,Derrota,4,Si
7214,IA_dificil,21,Victoria,6,Si
7215,IA_facil,17,Derrota,5,Si
7215,IA_medio,21,Victoria,5,Si
7215,IA_dificil,18,Derrota,5,Si
7216,IA_facil,22,Derrota,5,Si
7216,IA_medio,17,Derrota,7,Si
7216,IA_dificil,20,Victoria,7,Si
7217,IA_facil,21,Empate,4,Si
7217,IA_medio,21,Empate,6,Si
7217,IA_dificil,18,Derrota,5,Si
7218,IA_facil,19,Victoria,4,Si
7218,IA_medio,22,Derrota,6,Si
7218,IA_dificil,18,Derrota,5,Si
7219,IA_facil,20,Derrota,7,Si
7219,IA_medio,18,Derrota,8,Si
7219,IA_dificil,21,Victoria,4,Si
7220,IA_facil,22,Derrota,4,Si
7220,IA_medio,22,Derrota,4,Si
7220,IA_dificil,18,Victoria,5,Si
7221,IA_facil,21,Victoria,4,Si
7221,IA_medio,20,Derrota,4,Si
7221,IA_dificil,18,Derrota,5,Si
7222,IA_facil,21,Victoria,6,Si
7222,IA_medio,18,Derrota,5,Si
7222,IA_dificil,20,Derrota,6,Si
7223,IA_facil,19,Derrota,5,Si
7223,IA_medio,20,Victoria,8,Si
7223,IA_dificil,18,Derrota,4,Si
7224,IA_facil,17,Empate,3,Si
7224,IA_medio,24,Derrota,7,Si
7224,IA_dificil,17,Empate,4,Si
7225,IA_facil,19,Derrota,5,Si
7225,IA_medio,23,Derrota,6,Si
7225,IA_dificil,20,Victoria,5,Si
7226,IA_facil,18,Derrota,5,Si
7226,IA_medio,18,Derrota,5,Si
7226,IA_dificil,19,Victoria,6,Si
7227,IA_facil,18,Derrota,3,Si
7227,IA_medio,23,Derrota,6,Si
7227,IA_dificil,21,Victoria,6,Si
7228,IA_facil,17,Derrota,3,Si
7228,IA_medio,17,Derrota,7,Si
7228,IA_dificil,21,Victoria,4,Si
7229,IA_facil,17,Derrota,5,Si
7229,IA_medio,22,Derrota,6,Si
7229,IA_dificil,18,Victoria,5,Si
7230,IA_facil,19,Empate,4,Si
7230,IA_medio,22,Derrota,6,Si
7230,IA_dificil,19,Empate,6,Si
7231,IA_facil,18,Empate,7,Si
7231,IA_medio,23,Derrota,6,Si
7231,IA_dificil,18,Empate,3,Si
7232,IA_facil,20,Victoria,5,Si
7232,IA_medio,23,Derrota,5,Si
7232,IA_dificil,23,Derrota,8,Si
7233,IA_facil,17,Empate,6,Si
7233,IA_medio,17,Empate,6,Si
7233,IA_dificil,17,Empate,5,Si
7234,IA_facil,20,Empate,6,Si
7234,IA_medio,20,Empate,7,Si
7234,IA_dificil,20,Empate,6,Si
7235,IA_facil,20,Empate,7,Si
7235,IA_medio,17,Derrota,6,Si
7235,IA_dificil,20,Empate,5,Si
7236,IA_facil,17,Derrota,5,Si
7236,IA_medio,20,Victoria,6,Si
7236,IA_dificil,17,Derrota,6,Si
7237,IA_facil,18,Empate,4,Si
7237,IA_medio,22,Derrota,4,Si
7237,IA_dificil,18,Empate,5,Si
7238,IA_facil,19,Victoria,8,Si
7238,IA_medio,18,Derrota,8,Si
7238,IA_dificil,18,Derrota,6,Si
7239,IA_facil,22,Derrota,5,Si
7239,IA_medio,18,Derrota,4,Si
7239,IA_dificil,20,Victoria,5,Si
7240,IA_facil,17,Derrota,4,Si
7240,IA_medio,20,Victoria,7,Si
7240,IA_dificil,18,Derrota,5,Si
7241,IA_facil,22,Derrota,5,Si
7241,IA_medio,23,Derrota,6,Si
7241,IA_dificil,20,Victoria,5,Si
7242,IA_facil,20,Victoria,5,Si
7242,IA_medio,23,Derrota,8,Si
7242,IA_dificil,18,Derrota,5,Si
7243,IA_facil,21,Victoria,7,Si
7243,IA_medio,22,Derrota,6,Si
7243,IA_dificil,20,Derrota,7,Si
7244,IA_facil,20,Derrota,7,Si
7244,IA_medio,21,Victoria,5,Si
7244,IA_dificil,19,Derrota,6,Si
7245,IA_facil,17,Derrota,8,Si
7245,IA_medio,20,Victoria,6,Si
7245,IA_dificil,24,Derrota,5,Si
7246,IA_facil,19,Derrota,5,Si
7246,IA_medio,21,Victoria,7,Si
7246,IA_dificil,20,Derrota,6,Si
7247,IA_facil,17,Derrota,4,Si
7247,IA_medio,18,Derrota,5,Si
7247,IA_dificil,19,Victoria,5,Si
7248,IA_facil,18,Derrota,7,Si
7248,IA_medio,19,Victoria,7,Si
7248,IA_dificil,22,Derrota,5,Si
7249,IA_facil,18,Empate,4,Si
7249,IA_medio,17,Derrota,5,Si
7249,IA_dificil,18,Empate,6,Si
7250,IA_facil,17,Derrota,5,Si
7250,IA_medio,20,Victoria,5,Si
7250,IA_dificil,18,Derrota,6,Si
7251,IA_facil,19,Derrota,5,Si
7251,IA_medio,21,Victoria,7,Si
7251,IA_dificil,20,Derrota,5,Si
7252,IA_facil,18,Derrota,4,Si
7252,IA_medio,19,Derrota,5,Si
7252,IA_dificil,21,Victoria,6,Si
7253,IA_facil,20,Empate,6,Si
7253,IA_medio,20,Empate,6,Si
7253,IA_dificil,17,Derrota,4,Si
7254,IA_facil,21,Victoria,5,Si
7254,IA_medio,22,Derrota,8,Si
7254,IA_dificil,20,Derrota,5,Si
7255,IA_facil,17,Derrota,6,Si
7255,IA_medio,21,Victoria,4,Si
7255,IA_dificil,18,Derrota,8,Si
7256,IA_facil,17,Empate,5,Si
7256,IA_medio,24,Derrota,7,Si
7256,IA_dificil,17,Empate,5,Si
7257,IA_facil,17,Derrota,7,Si
7257,IA_medio,18,Derrota,4,Si
7257,IA_dificil,19,Victoria,6,Si
7258,IA_facil,17,Empate,4,Si
7258,IA_medio,17,Empate,5,Si
7258,IA_dificil,22,Derrota,5,Si
7259,IA_facil,20,Empate,6,Si
7259,IA_medio,17,Derrota,6,Si
7259,IA_dificil,20,Empate,4,Si
7260,IA_facil,19,Derrota,7,Si
7260,IA_medio,24,Derrota,7,Si
7260,IA_dificil,20,Victoria,4,Si
7261,IA_facil,17,Derrota,7,Si
7261,IA_medio,21,Victoria,6,Si
7261,IA_dificil,22,Derrota,7,Si
7262,IA_facil,17,Derrota,5,Si
7262,IA_medio,19,Victoria,5,Si
7262,IA_dificil,24,Derrota,5,Si
7263,IA_facil,19,Victoria,5,Si
7263,IA_medio,22,Derrota,7,Si
7263,IA_dificil,18,Derrota,6,Si
7264,IA_facil,22,Derrota,5,Si
7264,IA_medio,21,Victoria,7,Si
7264,IA_dificil,18,Derrota,5,Si
7265,IA_facil,17,Derrota,5,Si
7265,IA_medio,22,Derrota,6,Si
7265,IA_dificil,21,Victoria,6,Si
7266,IA_facil,18,Derrota,4,Si
7266,IA_medio,18,Derrota,5,Si
7266,IA_dificil,19,Victoria,6,Si
7267,IA_facil,21,Victoria,6,Si
7267,IA_medio,19,Derrota,5,Si
7267,IA_dificil,19,Derrota,4,Si
7268,IA_facil,17,Derrota,4,Si
7268,IA_medio,22,Derrota,6,Si
7268,IA_dificil,21,Victoria,5,Si
7269,IA_facil,17,Empate,6,Si
7269,IA_medio,17,Empate,4,Si
7269,IA_dificil,17,Empate,5,Si
7270,IA_facil,19,Victoria,5,Si
7270,IA_medio,18,Derrota,3,Si
7270,IA_dificil,22,Derrota,5,Si
7271,IA_facil,18,Derrota,6,Si
7271,IA_medio,20,Victoria,7,Si
7271,IA_dificil,18,Derrota,6,Si
7272,IA_facil,20,Empate,5,Si
7272,IA_medio,18,Derrota,5,Si
7272,IA_dificil,20,Empate,7,Si
7273,IA_facil,17,Derrota,4,Si
7273,IA_medio,22,Derrota,6,Si
7273,IA_dificil,18,Victoria,8,Si
7274,IA_facil,21,Victoria,6,Si
7274,IA_medio,19,Derrota,5,Si
7274,IA_dificil,18,Derrota,7,Si
7275,IA_facil,22,Derrota,6,Si
7275,IA_medio,21,Victoria,5,Si
7275,IA_dificil,17,Derrota,4,Si
7276,IA_facil,19,Derrota,6,Si
7276,IA_medio,22,Derrota,8,Si
7276,IA_dificil,20,Victoria,6,Si
7277,IA_facil,17,Derrota,6,Si
7277,IA_medio,22,Derrota,4,Si
7277,IA_dificil,18,Victoria,4,Si
7278,IA_facil,18,Derrota,4,Si
7278,IA_medio,21,Victoria,7,Si
7278,IA_dificil,18,Derrota,6,Si
7279,IA_facil,21,Victoria,5,Si
7279,IA_medio,22,Derrota,5,Si
7279,IA_dificil,19,Derrota,6,Si
7280,IA_facil,21,Victoria,5,Si
7280,IA_medio,18,Derrota,5,Si
7280,IA_dificil,22,Derrota,6,Si
7281,IA_facil,17,Derrota,4,Si
7281,IA_medio,20,Victoria,6,Si
7281,IA_dificil,18,Derrota,4,Si
7282,IA_facil,20,Empate,6,Si
7282,IA_medio,20,Empate,5,Si
7282,IA_dificil,18,Derrota,5,Si
7283,IA_facil,20,Derrota,7,Si
7283,IA_medio,21,Victoria,6,Si
7283,IA_dificil,17,Derrota,4,Si
7284,IA_facil,18,Empate,4,Si
7284,IA_medio,18,Empate,7,Si
7284,IA_dificil,18,Empate,6,Si
7285,IA_facil,18,Derrota,7,Si
7285,IA_medio,21,Victoria,6,Si
7285,IA_dificil,19,Derrota,7,Si
7286,IA_facil,20,Derrota,8,Si
7286,IA_medio,21,Victoria,6,Si
7286,IA_dificil,17,Derrota,4,Si
7287,IA_facil,19,Empate,6,Si
7287,IA_medio,19,Empate,5,Si
7287,IA_dificil,18,Derrota,7,Si
7288,IA_facil,20,Empate,5,Si
7288,IA_medio,20,Empate,6,Si
7288,IA_dificil,19,Derrota,6,Si
7289,IA_facil,18,Derrota,3,Si
7289,IA_medio,19,Empate,6,Si
7289,IA_dificil,19,Empate,5,Si
7290,IA_facil,18,Derrota,4,Si
7290,IA_medio,21,Victoria,6,Si
7290,IA_dificil,19,Derrota,7,Si
7291,IA_facil,17,Derrota,6,Si
7291,IA_medio,19,Victoria,6,Si
7291,IA_dificil,22,Derrota,8,Si
7292,IA_facil,19,Victoria,5,Si
7292,IA_medio,22,Derrota,7,Si
7292,IA_dificil,18,Derrota,3,Si
7293,IA_facil,18,Derrota,6,Si
7293,IA_medio,25,Derrota,9,Si
7293,IA_dificil,19,Victoria,5,Si
7294,IA_facil,17,Derrota,5,Si
7294,IA_medio,20,Victoria,5,Si
7294,IA_dificil,17,Derrota,7,Si
7295,IA_facil,20,Derrota,4,Si
7295,IA_medio,21,Victoria,6,Si
7295,IA_dificil,20,Derrota,4,Si
7296,IA_facil,22,Derrota,5,Si
7296,IA_medio,21,Victoria,5,Si
7296,IA_dificil,25,Derrota,7,Si
7297,IA_facil,18,Derrota,4,Si
7297,IA_medio,21,Victoria,6,Si
7297,IA_dificil,18,Derrota,6,Si
7298,IA_facil,20,Empate,5,Si
7298,IA_medio,19,Derrota,5,Si
7298,IA_dificil,20,Empate,5,Si
7299,IA_facil,17,Derrota,6,Si
7299,IA_medio,17,Derrota,5,Si
7299,IA_dificil,21,Victoria,6,Si
7300,IA_facil,18,Derrota,4,Si
7300,IA_medio,20,Victoria,6,Si
7300,IA_dificil,17,Derrota,5,Si
7301,IA_facil,17,Derrota,5,Si
7301,IA_medio,21,Victoria,7,Si
7301,IA_dificil,19,Derrota,5,Si
7302,IA_facil,18,Empate,6,Si
7302,IA_medio,18,Empate,6,Si
7302,IA_dificil,22,Derrota,6,Si
7303,IA_facil,20,Derrota,5,Si
7303,IA_medio,21,Victoria,5,Si
7303,IA_dificil,22,Derrota,6,Si
7304,IA_facil,22,Derrota,5,Si
7304,IA_medio,18,Victoria,4,Si
7304,IA_dificil,23,Derrota,5,Si
7305,IA_facil,18,Derrota,5,Si
7305,IA_medio,20,Victoria,5,Si
7305,IA_dificil,18,Derrota,9,Si
7306,IA_facil,18,Derrota,5,Si
7306,IA_medio,19,Derrota,4,Si
7306,IA_dificil,20,Victoria,5,Si
7307,IA_facil,18,Derrota,4,Si
7307,IA_medio,21,Victoria,6,Si
7307,IA_dificil,17,Derrota,5,Si
7308,IA_facil,18,Empate,5,Si
7308,IA_medio,18,Empate,7,Si
7308,IA_dificil,17,Derrota,6,Si
7309,IA_facil,18,Derrota,5,Si
7309,IA_medio,19,Victoria,6,Si
7309,IA_dificil,18,Derrota,5,Si
7310,IA_facil,18,Derrota,5,Si
7310,IA_medio,20,Empate,5,Si
7310,IA_dificil,20,Empate,6,Si
7311,IA_facil,17,Derrota,4,Si
7311,IA_medio,21,Victoria,6,Si
7311,IA_dificil,22,Derrota,7,Si
7312,IA_facil,17,Derrota,4,Si
7312,IA_medio,20,Empate,4,Si
7312,IA_dificil,20,Empate,5,Si
7313,IA_facil,21,Victoria,7,Si
7313,IA_medio,23,Derrota,6,Si
7313,IA_dificil,18,Derrota,7,Si
7314,IA_facil,21,Victoria,4,Si
7314,IA_medio,20,Derrota,5,Si
7314,IA_dificil,17,Derrota,6,Si
7315,IA_facil,18,Derrota,6,Si
7315,IA_medio,23,Derrota,6,Si
7315,IA_dificil,20,Victoria,7,Si
7316,IA_facil,17,Derrota,5,Si
7316,IA_medio,18,Derrota,6,Si
7316,IA_dificil,19,Victoria,5,Si
7317,IA_facil,17,Derrota,5,Si
7317,IA_medio,24,Derrota,6,Si
7317,IA_dificil,20,Victoria,6,Si
7318,IA_facil,18,Derrota,5,Si
7318,IA_medio,19,Empate,5,Si
7318,IA_dificil,19,Empate,8,Si
7319,IA_facil,18,Empate,5,Si
7319,IA_medio,23,Derrota,6,Si
7319,IA_dificil,18,Empate,6,Si
7320,IA_facil,18,Derrota,5,Si
7320,IA_medio,22,Derrota,6,Si
7320,IA_dificil,19,Victoria,5,Si
7321,IA_facil,21,Victoria,9,Si
7321,IA_medio,17,Derrota,5,Si
7321,IA_dificil,17,Derrota,4,Si
7322,IA_facil,20,Victoria,5,Si
7322,IA_medio,22,Derrota,5,Si
7322,IA_dificil,17,Derrota,7,Si
7323,IA_facil,19,Derrota,5,Si
7323,IA_medio,20,Victoria,4,Si
7323,IA_dificil,17,Derrota,4,Si
7324,IA_facil,20,Empate,7,Si
7324,IA_medio,20,Empate,8,Si
7324,IA_dificil,22,Derrota,8,Si
7325,IA_facil,17,Derrota,5,Si
7325,IA_medio,20,Victoria,6,Si
7325,IA_dificil,17,Derrota,6,Si
7326,IA_facil,18,Victoria,4,Si
7326,IA_medio,22,Derrota,6,Si
7326,IA_dificil,17,Derrota,4,Si
7327,IA_facil,22,Derrota,6,Si
7327,IA_medio,21,Victoria,7,Si
7327,IA_dificil,20,Derrota,5,Si
7328,IA_facil,18,Derrota,6,Si
7328,IA_medio,20,Empate,5,Si
7328,IA_dificil,20,Empate,6,Si
7329,IA_facil,21,Empate,6,Si
7329,IA_medio,21,Empate,5,Si
7329,IA_dificil,22,Derrota,6,Si
7330,IA_facil,20,Victoria,6,Si
7330,IA_medio,22,Derrota,4,Si
7330,IA_dificil,18,Derrota,5,Si
7331,IA_facil,21,Victoria,5,Si
7331,IA_medio,20,Derrota,7,Si
7331,IA_dificil,18,Derrota,5,Si
7332,IA_facil,21,Victoria,6,Si
7332,IA_medio,20,Derrota,8,Si
7332,IA_dificil,17,Derrota,5,Si
7333,IA_facil,18,Derrota,4,Si
7333,IA_medio,22,Derrota,8,Si
7333,IA_dificil,20,Victoria,5,Si
7334,IA_facil,17,Derrota,7,Si
7334,IA_medio,18,Victoria,5,Si
7334,IA_dificil,23,Derrota,6,Si
7335,IA_facil,18,Derrota,7,Si
7335,IA_medio,20,Victoria,5,Si
7335,IA_dificil,18,Derrota,7,Si
7336,IA_facil,19,Victoria,5,Si
7336,IA_medio,18,Derrota,5,Si
7336,IA_dificil,18,Derrota,6,Si
7337,IA_facil,19,Derrota,6,Si
7337,IA_medio,23,Derrota,8,Si
7337,IA_dificil,20,Victoria,5,Si
7338,IA_facil,19,Victoria,6,Si
7338,IA_medio,18,Derrota,5,Si
7338,IA_dificil,18,Derrota,7,Si
7339,IA_facil,21,Empate,4,Si
7339,IA_medio,22,Derrota,6,Si
7339,IA_dificil,21,Empate,6,Si
7340,IA_facil,17,Derrota,6,Si
7340,IA_medio,18,Derrota,5,Si
7340,IA_dificil,21,Victoria,6,Si
7341,IA_facil,17,Derrota,6,Si
7341,IA_medio,17,Derrota,6,Si
7341,IA_dificil,18,Victoria,5,Si
7342,IA_facil,20,Victoria,4,Si
7342,IA_medio,22,Derrota,5,Si
7342,IA_dificil,23,Derrota,6,Si
7343,IA_facil,19,Derrota,6,Si
7343,IA_medio,25,Derrota,8,Si
7343,IA_dificil,20,Victoria,4,Si
7344,IA_facil,17,Derrota,5,Si
7344,IA_medio,19,Empate,6,Si
7344,IA_dificil,19,Empate,8,Si
7345,IA_facil,17,Empate,7,Si
7345,IA_medio,22,Derrota,6,Si
7345,IA_dificil,17,Empate,7,Si
7346,IA_facil,18,Derrota,6,Si
7346,IA_medio,20,Derrota,4,Si
7346,IA_dificil,21,Victoria,5,Si
7347,IA_facil,21,Victoria,6,Si
7347,IA_medio,19,Derrota,5,Si
7347,IA_dificil,18,Derrota,6,Si
7348,IA_facil,18,Derrota,6,Si
7348,IA_medio,24,Derrota,6,Si
7348,IA_dificil,20,Victoria,6,Si
7349,IA_facil,17,Derrota,6,Si
7349,IA_medio,21,Victoria,5,Si
7349,IA_dificil,22,Derrota,5,Si
7350,IA_facil,19,Derrota,4,Si
7350,IA_medio,20,Victoria,5,Si
7350,IA_dificil,18,Derrota,5,Si
7351,IA_facil,17,Derrota,6,Si
7351,IA_medio,22,Derrota,7,Si
7351,IA_dificil,20,Victoria,7,Si
7352,IA_facil,21,Victoria,6,Si
7352,IA_medio,18,Derrota,5,Si
7352,IA_dificil,18,Derrota,4,Si
7353,IA_facil,20,Derrota,4,Si
7353,IA_medio,21,Empate,7,Si
7353,IA_dificil,21,Empate,7,Si
7354,IA_facil,19,Empate,4,Si
7354,IA_medio,18,Derrota,8,Si
7354,IA_dificil,19,Empate,6,Si
7355,IA_facil,17,Derrota,4,Si
7355,IA_medio,21,Empate,5,Si
7355,IA_dificil,21,Empate,8,Si
7356,IA_facil,19,Derrota,4,Si
7356,IA_medio,20,Victoria,5,Si
7356,IA_dificil,17,Derrota,6,Si
7357,IA_facil,22,Derrota,5,Si
7357,IA_medio,18,Empate,7,Si
7357,IA_dificil,18,Empate,4,Si
7358,IA_facil,20,Empate,9,Si
7358,IA_medio,20,Empate,5,Si
7358,IA_dificil,18,Derrota,6,Si
7359,IA_facil,19,Derrota,6,Si
7359,IA_medio,20,Victoria,6,Si
7359,IA_dificil,18,Derrota,5,Si
7360,IA_facil,17,Derrota,5,Si
7360,IA_medio,18,Victoria,4,Si
7360,IA_dificil,17,Derrota,5,Si
7361,IA_facil,18,Victoria,5,Si
7361,IA_medio,25,Derrota,7,Si
7361,IA_dificil,22,Derrota,7,Si
7362,IA_facil,18,Derrota,10,Si
7362,IA_medio,20,Empate,5,Si
7362,IA_dificil,20,Empate,6,Si
7363,IA_facil,17,Derrota,5,Si
7363,IA_medio,17,Derrota,5,Si
7363,IA_dificil,21,Victoria,5,Si
7364,IA_facil,17,Derrota,5,Si
7364,IA_medio,20,Derrota,6,Si
7364,IA_dificil,21,Victoria,5,Si
7365,IA_facil,19,Derrota,4,Si
7365,IA_medio,20,Victoria,5,Si
7365,IA_dificil,23,Derrota,7,Si
7366,IA_facil,19,Derrota,5,Si
7366,IA_medio,19,Derrota,4,Si
7366,IA_dificil,21,Victoria,7,Si
7367,IA_facil,17,Derrota,6,Si
7367,IA_medio,20,Victoria,6,Si
7367,IA_dificil,18,Derrota,6,Si
7368,IA_facil,17,Empate,6,Si
7368,IA_medio,17,Empate,6,Si
7368,IA_dificil,24,Derrota,5,Si
7369,IA_facil,17,Derrota,4,Si
7369,IA_medio,19,Derrota,6,Si
7369,IA_dificil,21,Victoria,6,Si
7370,IA_facil,18,Derrota,5,Si
7370,IA_medio,19,Victoria,5,Si
7370,IA_dificil,18,Derrota,5,Si
7371,IA_facil,19,Victoria,5,Si
7371,IA_medio,17,Derrota,6,Si
7371,IA_dificil,18,Derrota,5,Si
7372,IA_facil,21,Empate,5,Si
7372,IA_medio,21,Empate,5,Si
7372,IA_dificil,18,Derrota,5,Si
7373,IA_facil,21,Victoria,5,Si
7373,IA_medio,19,Derrota,6,Si
7373,IA_dificil,18,Derrota,3,Si
7374,IA_facil,17,Empate,5,Si
7374,IA_medio,24,Derrota,7,Si
7374,IA_dificil,17,Empate,4,Si
7375,IA_facil,19,Victoria,7,Si
7375,IA_medio,17,Derrota,6,Si
7375,IA_dificil,23,Derrota,7,Si
7376,IA_facil,17,Derrota,6,Si
7376,IA_medio,18,Derrota,4,Si
7376,IA_dificil,20,Victoria,5,Si
7377,IA_facil,17,Derrota,6,Si
7377,IA_medio,20,Victoria,6,Si
7377,IA_dificil,22,Derrota,5,Si
7378,IA_facil,19,Derrota,5,Si
7378,IA_medio,23,Derrota,5,Si
7378,IA_dificil,20,Victoria,6,Si
7379,IA_facil,17,Derrota,5,Si
7379,IA_medio,21,Victoria,5,Si
7379,IA_dificil,19,Derrota,5,Si
7380,IA_facil,19,Derrota,7,Si
7380,IA_medio,20,Victoria,7,Si
7380,IA_dificil,23,Derrota,6,Si
7381,IA_facil,21,Victoria,5,Si
7381,IA_medio,20,Derrota,4,Si
7381,IA_dificil,18,Derrota,5,Si
7382,IA_facil,20,Victoria,6,Si
7382,IA_medio,22,Derrota,8,Si
7382,IA_dificil,19,Derrota,8,Si
7383,IA_facil,20,Victoria,6,Si
7383,IA_medio,18,Derrota,5,Si
7383,IA_dificil,18,Derrota,4,Si
7384,IA_facil,17,Victoria,4,Si
7384,IA_medio,22,Derrota,5,Si
7384,IA_dificil,22,Derrota,7,Si
7385,IA_facil,17,Derrota,5,Si
7385,IA_medio,20,Victoria,5,Si
7385,IA_dificil,18,Derrota,4,Si
7386,IA_facil,20,Derrota,6,Si
7386,IA_medio,21,Victoria,6,Si
7386,IA_dificil,20,Derrota,5,Si
7387,IA_facil,19,Derrota,6,Si
7387,IA_medio,21,Victoria,5,Si
7387,IA_dificil,22,Derrota,7,Si
7388,IA_facil,19,Derrota,4,Si
7388,IA_medio,20,Derrota,5,Si
7388,IA_dificil,21,Victoria,5,Si
7389,IA_facil,17,Derrota,7,Si
7389,IA_medio,19,Derrota,5,Si
7389,IA_dificil,20,Victoria,5,Si
7390,IA_facil,17,Derrota,5,Si
7390,IA_medio,19,Victoria,5,Si
7390,IA_dificil,18,Derrota,4,Si
7391,IA_facil,17,Derrota,8,Si
7391,IA_medio,20,Victoria,7,Si
7391,IA_dificil,17,Derrota,5,Si
7392,IA_facil,18,Derrota,5,Si
7392,IA_medio,22,Derrota,5,Si
7392,IA_dificil,20,Victoria,4,Si
7393,IA_facil,18,Derrota,4,Si
7393,IA_medio,21,Victoria,5,Si
7393,IA_dificil,20,Derrota,7,Si
7394,IA_facil,17,Derrota,5,Si
7394,IA_medio,20,Victoria,5,Si
7394,IA_dificil,19,Derrota,4,Si
7395,IA_facil,19,Victoria,7,Si
7395,IA_medio,18,Derrota,5,Si
7395,IA_dificil,17,Derrota,6,Si
7396,IA_facil,18,Derrota,3,Si
7396,IA_medio,20,Derrota,6,Si
7396,IA_dificil,21,Victoria,6,Si
7397,IA_facil,18,Derrota,6,Si
7397,IA_medio,21,Victoria,7,Si
7397,IA_dificil,17,Derrota,4,Si
7398,IA_facil,21,Victoria,9,Si
7398,IA_medio,20,Derrota,5,Si
7398,IA_dificil,17,Derrota,4,Si
7399,IA_facil,18,Derrota,5,Si
7399,IA_medio,21,Victoria,5,Si
7399,IA_dificil,17,Derrota,4,Si
7400,IA_facil,20,Empate,5,Si
7400,IA_medio,23,Derrota,6,Si
7400,IA_dificil,20,Empate,5,Si
7401,IA_facil,18,Derrota,4,Si
7401,IA_medio,20,Empate,5,Si
7401,IA_dificil,20,Empate,5,Si
7402,IA_facil,17,Derrota,5,Si
7402,IA_medio,20,Empate,6,Si
7402,IA_dificil,20,Empate,4,Si
7403,IA_facil,18,Derrota,5,Si
7403,IA_medio,19,Derrota,4,Si
7403,IA_dificil,21,Victoria,5,Si
7404,IA_facil,17,Derrota,7,Si
7404,IA_medio,23,Derrota,6,Si
7404,IA_dificil,20,Victoria,5,Si
7405,IA_facil,17,Derrota,5,Si
7405,IA_medio,18,Empate,5,Si
7405,IA_dificil,18,Empate,5,Si
7406,IA_facil,18,Victoria,5,Si
7406,IA_medio,23,Derrota,7,Si
7406,IA_dificil,23,Derrota,7,Si
7407,IA_facil,21,Victoria,5,Si
7407,IA_medio,22,Derrota,7,Si
7407,IA_dificil,18,Derrota,5,Si
7408,IA_facil,21,Victoria,6,Si
7408,IA_medio,18,Derrota,7,Si
7408,IA_dificil,22,Derrota,5,Si
7409,IA_facil,21,Victoria,6,Si
7409,IA_medio,17,Derrota,8,Si
7409,IA_dificil,17,Derrota,5,Si
7410,IA_facil,17,Derrota,5,Si
7410,IA_medio,23,Derrota,6,Si
7410,IA_dificil,18,Victoria,5,Si
7411,IA_facil,17,Empate,4,Si
7411,IA_medio,17,Empate,4,Si
7411,IA_dificil,23,Derrota,7,Si
7412,IA_facil,17,Derrota,6,Si
7412,IA_medio,20,Victoria,6,Si
7412,IA_dificil,18,Derrota,5,Si
7413,IA_facil,17,Derrota,7,Si
7413,IA_medio,21,Empate,5,Si
7413,IA_dificil,21,Empate,7,Si
7414,IA_facil,19,Derrota,4,Si
7414,IA_medio,21,Victoria,6,Si
7414,IA_dificil,17,Derrota,5,Si
7415,IA_facil,18,Empate,5,Si
7415,IA_medio,18,Empate,6,Si
7415,IA_dificil,18,Empate,3,Si
7416,IA_facil,20,Victoria,4,Si
7416,IA_medio,17,Derrota,3,Si
7416,IA_dificil,23,Derrota,8,Si
7417,IA_facil,20,Victoria,6,Si
7417,IA_medio,17,Derrota,6,Si
7417,IA_dificil,17,Derrota,4,Si
7418,IA_facil,17,Empate,3,Si
7418,IA_medio,22,Derrota,6,Si
7418,IA_dificil,17,Empate,5,Si
7419,IA_facil,17,Derrota,7,Si
7419,IA_medio,19,Derrota,5,Si
7419,IA_dificil,20,Victoria,6,Si
7420,IA_facil,21,Empate,5,Si
7420,IA_medio,17,Derrota,5,Si
7420,IA_dificil,21,Empate,6,Si
7421,IA_facil,18,Derrota,5,Si
7421,IA_medio,20,Derrota,4,Si
7421,IA_dificil,21,Victoria,5,Si
7422,IA_facil,18,Empate,4,Si
7422,IA_medio,17,Derrota,4,Si
7422,IA_dificil,18,Empate,4,Si
7423,IA_facil,18,Derrota,6,Si
7423,IA_medio,20,Derrota,7,Si
7423,IA_dificil,21,Victoria,6,Si
7424,IA_facil,17,Derrota,4,Si
7424,IA_medio,20,Victoria,5,Si
7424,IA_dificil,17,Derrota,10,Si
7425,IA_facil,18,Derrota,6,Si
7425,IA_medio,20,Victoria,5,Si
7425,IA_dificil,18,Derrota,7,Si
7426,IA_facil,18,Derrota,4,Si
7426,IA_medio,20,Victoria,6,Si
7426,IA_dificil,17,Derrota,5,Si
7427,IA_facil,20,Victoria,9,Si
7427,IA_medio,24,Derrota,6,Si
7427,IA_dificil,17,Derrota,7,Si
7428,IA_facil,20,Empate,5,Si
7428,IA_medio,20,Empate,5,Si
7428,IA_dificil,20,Empate,6,Si
7429,IA_facil,18,Derrota,4,Si
7429,IA_medio,19,Victoria,5,Si
7429,IA_dificil,17,Derrota,7,Si
7430,IA_facil,18,Victoria,4,Si
7430,IA_medio,17,Derrota,5,Si
7430,IA_dificil,17,Derrota,7,Si
7431,IA_facil,17,Derrota,3,Si
7431,IA_medio,21,Victoria,4,Si
7431,IA_dificil,18,Derrota,7,Si
7432,IA_facil,22,Derrota,7,Si
7432,IA_medio,18,Derrota,5,Si
7432,IA_dificil,21,Victoria,4,Si
7433,IA_facil,20,Victoria,6,Si
7433,IA_medio,22,Derrota,7,Si
7433,IA_dificil,23,Derrota,8,Si
7434,IA_facil,18,Derrota,5,Si
7434,IA_medio,20,Victoria,5,Si
7434,IA_dificil,17,Derrota,5,Si
7435,IA_facil,19,Derrota,6,Si
7435,IA_medio,20,Empate,8,Si
7435,IA_dificil,20,Empate,7,Si
7436,IA_facil,19,Derrota,5,Si
7436,IA_medio,24,Derrota,5,Si
7436,IA_dificil,20,Victoria,4,Si
7437,IA_facil,19,Derrota,4,Si
7437,IA_medio,21,Victoria,9,Si
7437,IA_dificil,20,Derrota,7,Si
7438,IA_facil,17,Victoria,6,Si
7438,IA_medio,22,Derrota,5,Si
7438,IA_dificil,24,Derrota,5,Si
7439,IA_facil,19,Derrota,7,Si
7439,IA_medio,20,Empate,7,Si
7439,IA_dificil,20,Empate,6,Si
7440,IA_facil,18,Empate,7,Si
7440,IA_medio,23,Derrota,5,Si
7440,IA_dificil,18,Empate,5,Si
7441,IA_facil,19,Victoria,6,Si
7441,IA_medio,22,Derrota,5,Si
7441,IA_dificil,17,Derrota,9,Si
7442,IA_facil,22,Derrota,6,Si
7442,IA_medio,18,Victoria,4,Si
7442,IA_dificil,22,Derrota,7,Si
7443,IA_facil,17,Empate,5,Si
7443,IA_medio,23,Derrota,4,Si
7443,IA_dificil,17,Empate,6,Si
7444,IA_facil,21,Victoria,7,Si
7444,IA_medio,17,Derrota,5,Si
7444,IA_dificil,17,Derrota,6,Si
7445,IA_facil,20,Victoria,5,Si
7445,IA_medio,18,Derrota,7,Si
7445,IA_dificil,17,Derrota,8,Si
7446,IA_facil,17,Derrota,5,Si
7446,IA_medio,23,Derrota,6,Si
7446,IA_dificil,19,Victoria,8,Si
7447,IA_facil,21,Victoria,5,Si
7447,IA_medio,18,Derrota,4,Si
7447,IA_dificil,17,Derrota,6,Si
7448,IA_facil,17,Derrota,5,Si
7448,IA_medio,22,Derrota,5,Si
7448,IA_dificil,19,Victoria,4,Si
7449,IA_facil,17,Derrota,5,Si
7449,IA_medio,20,Victoria,6,Si
7449,IA_dificil,17,Derrota,4,Si
7450,IA_facil,18,Empate,6,Si
7450,IA_medio,18,Empate,5,Si
7450,IA_dificil,18,Empate,4,Si
7451,IA_facil,21,Victoria,5,Si
7451,IA_medio,20,Derrota,4,Si
7451,IA_dificil,22,Derrota,5,Si
7452,IA_facil,21,Victoria,5,Si
7452,IA_medio,24,Derrota,5,Si
7452,IA_dificil,19,Derrota,6,Si
7453,IA_facil,20,Derrota,6,Si
7453,IA_medio,18,Derrota,5,Si
7453,IA_dificil,21,Victoria,6,Si
7454,IA_facil,19,Derrota,5,Si
7454,IA_medio,22,Derrota,6,Si
7454,IA_dificil,21,Victoria,6,Si
7455,IA_facil,20,Empate,5,Si
7455,IA_medio,20,Empate,5,Si
7455,IA_dificil,19,Derrota,6,Si
7456,IA_facil,17,Derrota,3,Si
7456,IA_medio,21,Empate,8,Si
7456,IA_dificil,21,Empate,8,Si
7457,IA_facil,22,Derrota,7,Si
7457,IA_medio,18,Derrota,4,Si
7457,IA_dificil,21,Victoria,5,Si
7458,IA_facil,17,Derrota,7,Si
7458,IA_medio,17,Derrota,7,Si
7458,IA_dificil,18,Victoria,5,Si
7459,IA_facil,19,Victoria,5,Si
7459,IA_medio,22,Derrota,6,Si
7459,IA_dificil,17,Derrota,6,Si
7460,IA_facil,18,Derrota,6,Si
7460,IA_medio,20,Victoria,4,Si
7460,IA_dificil,17,Derrota,8,Si
7461,IA_facil,21,Victoria,4,Si
7461,IA_medio,19,Derrota,6,Si
7461,IA_dificil,17,Derrota,6,Si
7462,IA_facil,19,Derrota,6,Si
7462,IA_medio,20,Empate,7,Si
7462,IA_dificil,20,Empate,7,Si
7463,IA_facil,22,Derrota,6,Si
7463,IA_medio,21,Victoria,7,Si
7463,IA_dificil,23,Derrota,7,Si
7464,IA_facil,19,Victoria,4,Si
7464,IA_medio,24,Derrota,6,Si
7464,IA_dificil,17,Derrota,4,Si
7465,IA_facil,20,Victoria,5,Si
7465,IA_medio,19,Derrota,6,Si
7465,IA_dificil,18,Derrota,5,Si
7466,IA_facil,17,Derrota,4,Si
7466,IA_medio,24,Derrota,7,Si
7466,IA_dificil,19,Victoria,5,Si
7467,IA_facil,17,Derrota,6,Si
7467,IA_medio,24,Derrota,7,Si
7467,IA_dificil,19,Victoria,5,Si
7468,IA_facil,19,Derrota,5,Si
7468,IA_medio,17,Derrota,6,Si
7468,IA_dificil,21,Victoria,7,Si
7469,IA_facil,21,Victoria,5,Si
7469,IA_medio,23,Derrota,6,Si
7469,IA_dificil,20,Derrota,4,Si
7470,IA_facil,18,Derrota,7,Si
7470,IA_medio,22,Derrota,7,Si
7470,IA_dificil,20,Victoria,9,Si
7471,IA_facil,17,Derrota,4,Si
7471,IA_medio,20,Victoria,6,Si
7471,IA_dificil,17,Derrota,6,Si
7472,IA_facil,18,Victoria,4,Si
7472,IA_medio,17,Derrota,5,Si
7472,IA_dificil,22,Derrota,5,Si
7473,IA_facil,21,Victoria,6,Si
7473,IA_medio,19,Derrota,6,Si
7473,IA_dificil,20,Derrota,8,Si
7474,IA_facil,18,Empate,5,Si
7474,IA_medio,18,Empate,4,Si
7474,IA_dificil,22,Derrota,4,Si
7475,IA_facil,19,Derrota,5,Si
7475,IA_medio,20,Victoria,7,Si
7475,IA_dificil,19,Derrota,7,Si
7476,IA_facil,18,Derrota,4,Si
7476,IA_medio,17,Derrota,3,Si
7476,IA_dificil,20,Victoria,7,Si
7477,IA_facil,18,Victoria,5,Si
7477,IA_medio,17,Derrota,6,Si
7477,IA_dificil,17,Derrota,5,Si
7478,IA_facil,18,Derrota,5,Si
7478,IA_medio,20,Empate,5,Si
7478,IA_dificil,20,Empate,4,Si
7479,IA_facil,20,Empate,8,Si
7479,IA_medio,20,Empate,5,Si
7479,IA_dificil,17,Derrota,7,Si
7480,IA_facil,21,Victoria,6,Si
7480,IA_medio,23,Derrota,8,Si
7480,IA_dificil,17,Derrota,7,Si
7481,IA_facil,17,Empate,7,Si
7481,IA_medio,17,Empate,5,Si
7481,IA_dificil,17,Empate,4,Si
7482,IA_facil,19,Derrota,4,Si
7482,IA_medio,19,Derrota,7,Si
7482,IA_dificil,20,Victoria,6,Si
7483,IA_facil,18,Victoria,8,Si
7483,IA_medio,17,Derrota,5,Si
7483,IA_dificil,24,Derrota,7,Si
7484,IA_facil,19,Derrota,6,Si
7484,IA_medio,21,Empate,8,Si
7484,IA_dificil,21,Empate,6,Si
7485,IA_facil,18,Derrota,4,Si
7485,IA_medio,21,Victoria,8,Si
7485,IA_dificil,17,Derrota,4,Si
7486,IA_facil,19,Victoria,5,Si
7486,IA_medio,22,Derrota,5,Si
7486,IA_dificil,18,Derrota,5,Si
7487,IA_facil,18,Derrota,7,Si
7487,IA_medio,19,Victoria,4,Si
7487,IA_dificil,17,Derrota,7,Si
7488,IA_facil,20,Empate,4,Si
7488,IA_medio,20,Empate,6,Si
7488,IA_dificil,19,Derrota,6,Si
7489,IA_facil,18,Derrota,5,Si
7489,IA_medio,22,Derrota,7,Si
7489,IA_dificil,20,Victoria,5,Si
7490,IA_facil,20,Empate,6,Si
7490,IA_medio,20,Empate,6,Si
7490,IA_dificil,20,Empate,5,Si
7491,IA_facil,19,Derrota,5,Si
7491,IA_medio,18,Derrota,5,Si
7491,IA_dificil,21,Victoria,6,Si
7492,IA_facil,20,Victoria,5,Si
7492,IA_medio,19,Derrota,5,Si
7492,IA_dificil,18,Derrota,4,Si
7493,IA_facil,19,Derrota,5,Si
7493,IA_medio,21,Victoria,5,Si
7493,IA_dificil,18,Derrota,4,Si
7494,IA_facil,17,Derrota,8,Si
7494,IA_medio,17,Derrota,5,Si
7494,IA_dificil,18,Victoria,5,Si
7495,IA_facil,19,Derrota,8,Si
7495,IA_medio,21,Victoria,5,Si
7495,IA_dificil,22,Derrota,7,Si
7496,IA_facil,18,Victoria,4,Si
7496,IA_medio,17,Derrota,4,Si
7496,IA_dificil,23,Derrota,7,Si
7497,IA_facil,19,Victoria,6,Si
7497,IA_medio,18,Derrota,5,Si
7497,IA_dificil,22,Derrota,6,Si
7498,IA_facil,20,Victoria,4,Si
7498,IA_medio,18,Derrota,4,Si
7498,IA_dificil,18,Derrota,5,Si
7499,IA_facil,17,Derrota,8,Si
7499,IA_medio,20,Victoria,8,Si
7499,IA_dificil,17,Derrota,5,Si
7500,IA_facil,22,Derrota,5,Si
7500,IA_medio,17,Derrota,4,Si
7500,IA_dificil,19,Victoria,6,Si
7501,IA_facil,19,Derrota,4,Si
7501,IA_medio,20,Victoria,5,Si
7501,IA_dificil,18,Derrota,7,Si
7502,IA_facil,18,Derrota,6,Si
7502,IA_medio,24,Derrota,7,Si
7502,IA_dificil,21,Victoria,6,Si
7503,IA_facil,18,Derrota,6,Si
7503,IA_medio,24,Derrota,6,Si
7503,IA_dificil,21,Victoria,6,Si
7504,IA_facil,17,Derrota,6,Si
7504,IA_medio,17,Derrota,6,Si
7504,IA_dificil,21,Victoria,5,Si
7505,IA_facil,19,Empate,5,Si
7505,IA_medio,17,Derrota,6,Si
7505,IA_dificil,19,Empate,6,Si
7506,IA_facil,17,Derrota,3,Si
7506,IA_medio,17,Derrota,5,Si
7506,IA_dificil,20,Victoria,6,Si
7507,IA_facil,18,Derrota,4,Si
7507,IA_medio,21,Victoria,5,Si
7507,IA_dificil,17,Derrota,5,Si
7508,IA_facil,17,Derrota,5,Si
7508,IA_medio,18,Victoria,4,Si
7508,IA_dificil,17,Derrota,4,Si
7509,IA_facil,19,Derrota,4,Si
7509,IA_medio,20,Victoria,7,Si
7509,IA_dificil,18,Derrota,4,Si
7510,IA_facil,18,Derrota,4,Si
7510,IA_medio,21,Victoria,7,Si
7510,IA_dificil,17,Derrota,7,Si
7511,IA_facil,22,Derrota,6,Si
7511,IA_medio,24,Derrota,6,Si
7511,IA_dificil,22,Derrota,4,Si
7512,IA_facil,18,Derrota,5,Si
7512,IA_medio,21,Victoria,4,Si
7512,IA_dificil,17,Derrota,4,Si
7513,IA_facil,19,Derrota,5,Si
7513,IA_medio,20,Empate,5,Si
7513,IA_dificil,20,Empate,6,Si
7514,IA_facil,22,Derrota,5,Si
7514,IA_medio,24,Derrota,5,Si
7514,IA_dificil,18,Victoria,6,Si
7515,IA_facil,22,Derrota,6,Si
7515,IA_medio,20,Victoria,5,Si
7515,IA_dificil,22,Derrota,6,Si
7516,IA_facil,18,Derrota,5,Si
7516,IA_medio,22,Derrota,5,Si
7516,IA_dificil,20,Victoria,8,Si
7517,IA_facil,19,Derrota,6,Si
7517,IA_medio,19,Derrota,5,Si
7517,IA_dificil,20,Victoria,8,Si
7518,IA_facil,19,Victoria,6,Si
7518,IA_medio,24,Derrota,7,Si
7518,IA_dificil,18,Derrota,4,Si
7519,IA_facil,20,Victoria,6,Si
7519,IA_medio,23,Derrota,7,Si
7519,IA_dificil,17,Derrota,7,Si
7520,IA_facil,17,Derrota,6,Si
7520,IA_medio,21,Empate,6,Si
7520,IA_dificil,21,Empate,4,Si
7521,IA_facil,19,Victoria,4,Si
7521,IA_medio,23,Derrota,7,Si
7521,IA_dificil,22,Derrota,6,Si
7522,IA_facil,18,Empate,4,Si
7522,IA_medio,18,Empate,6,Si
7522,IA_dificil,22,Derrota,6,Si
7523,IA_facil,17,Victoria,5,Si
7523,IA_medio,24,Derrota,8,Si
7523,IA_dificil,22,Derrota,5,Si
7524,IA_facil,18,Empate,4,Si
7524,IA_medio,17,Derrota,5,Si
7524,IA_dificil,18,Empate,6,Si
7525,IA_facil,21,Victoria,5,Si
7525,IA_medio,18,Derrota,4,Si
7525,IA_dificil,19,Derrota,5,Si
7526,IA_facil,17,Victoria,5,Si
7526,IA_medio,24,Derrota,6,Si
7526,IA_dificil,24,Derrota,5,Si
7527,IA_facil,18,Derrota,6,Si
7527,IA_medio,20,Victoria,4,Si
7527,IA_dificil,19,Derrota,5,Si
7528,IA_facil,19,Victoria,4,Si
7528,IA_medio,17,Derrota,5,Si
7528,IA_dificil,18,Derrota,4,Si
7529,IA_facil,22,Derrota,5,Si
7529,IA_medio,21,Empate,6,Si
7529,IA_dificil,21,Empate,6,Si
7530,IA_facil,18,Derrota,5,Si
7530,IA_medio,21,Victoria,5,Si
7530,IA_dificil,24,Derrota,6,Si
7531,IA_facil,17,Derrota,7,Si
7531,IA_medio,20,Derrota,6,Si
7531,IA_dificil,21,Victoria,5,Si
7532,IA_facil,19,Victoria,6,Si
7532,IA_medio,22,Derrota,6,Si
7532,IA_dificil,18,Derrota,7,Si
7533,IA_facil,19,Derrota,4,Si
7533,IA_medio,20,Empate,5,Si
7533,IA_dificil,20,Empate,5,Si
7534,IA_facil,19,Derrota,5,Si
7534,IA_medio,18,Derrota,5,Si
7534,IA_dificil,20,Victoria,5,Si
7535,IA_facil,20,Victoria,5,Si
7535,IA_medio,18,Derrota,5,Si
7535,IA_dificil,17,Derrota,6,Si
7536,IA_facil,21,Victoria,4,Si
7536,IA_medio,25,Derrota,7,Si
7536,IA_dificil,17,Derrota,6,Si
7537,IA_facil,18,Derrota,4,Si
7537,IA_medio,20,Victoria,5,Si
7537,IA_dificil,22,Derrota,5,Si
7538,IA_facil,17,Derrota,3,Si
7538,IA_medio,17,Derrota,3,Si
7538,IA_dificil,18,Victoria,5,Si
7539,IA_facil,18,Derrota,7,Si
7539,IA_medio,18,Derrota,5,Si
7539,IA_dificil,20,Victoria,5,Si
7540,IA_facil,18,Derrota,4,Si
7540,IA_medio,20,Victoria,9,Si
7540,IA_dificil,18,Derrota,6,Si
7541,IA_facil,17,Derrota,3,Si
7541,IA_medio,23,Derrota,7,Si
7541,IA_dificil,21,Victoria,6,Si
7542,IA_facil,22,Derrota,5,Si
7542,IA_medio,17,Derrota,5,Si
7542,IA_dificil,19,Victoria,4,Si
7543,IA_facil,18,Derrota,4,Si
7543,IA_medio,19,Victoria,5,Si
7543,IA_dificil,18,Derrota,5,Si
7544,IA_facil,20,Victoria,8,Si
7544,IA_medio,18,Derrota,5,Si
7544,IA_dificil,19,Derrota,4,Si
7545,IA_facil,17,Derrota,5,Si
7545,IA_medio,18,Empate,7,Si
7545,IA_dificil,18,Empate,6,Si
7546,IA_facil,18,Derrota,6,Si
7546,IA_medio,20,Victoria,5,Si
7546,IA_dificil,18,Derrota,5,Si
7547,IA_facil,20,Victoria,5,Si
7547,IA_medio,22,Derrota,5,Si
7547,IA_dificil,19,Derrota,5,Si
7548,IA_facil,17,Victoria,5,Si
7548,IA_medio,23,Derrota,7,Si
7548,IA_dificil,22,Derrota,7,Si
7549,IA_facil,18,Derrota,5,Si
7549,IA_medio,20,Victoria,5,Si
7549,IA_dificil,23,Derrota,9,Si
7550,IA_facil,19,Derrota,7,Si
7550,IA_medio,20,Derrota,5,Si
7550,IA_dificil,21,Victoria,5,Si
7551,IA_facil,21,Victoria,6,Si
7551,IA_medio,20,Derrota,9,Si
7551,IA_dificil,20,Derrota,5,Si
7552,IA_facil,18,Derrota,8,Si
7552,IA_medio,20,Victoria,6,Si
7552,IA_dificil,18,Derrota,6,Si
7553,IA_facil,18,Derrota,5,Si
7553,IA_medio,17,Derrota,6,Si
7553,IA_dificil,21,Victoria,5,Si
7554,IA_facil,18,Derrota,7,Si
7554,IA_medio,25,Derrota,8,Si
7554,IA_dificil,19,Victoria,5,Si
7555,IA_facil,19,Victoria,6,Si
7555,IA_medio,22,Derrota,6,Si
7555,IA_dificil,17,Derrota,4,Si
7556,IA_facil,22,Derrota,7,Si
7556,IA_medio,21,Victoria,5,Si
7556,IA_dificil,20,Derrota,5,Si
7557,IA_facil,19,Victoria,5,Si
7557,IA_medio,18,Derrota,4,Si
7557,IA_dificil,25,Derrota,6,Si
7558,IA_facil,18,Empate,6,Si
7558,IA_medio,18,Empate,7,Si
7558,IA_dificil,18,Empate,6,Si
7559,IA_facil,20,Victoria,5,Si
7559,IA_medio,18,Derrota,5,Si
7559,IA_dificil,18,Derrota,6,Si
7560,IA_facil,19,Derrota,5,Si
7560,IA_medio,20,Victoria,5,Si
7560,IA_dificil,24,Derrota,7,Si
7561,IA_facil,20,Empate,4,Si
7561,IA_medio,19,Derrota,6,Si
7561,IA_dificil,20,Empate,5,Si
7562,IA_facil,18,Empate,4,Si
7562,IA_medio,22,Derrota,7,Si
7562,IA_dificil,18,Empate,6,Si
7563,IA_facil,20,Derrota,6,Si
7563,IA_medio,20,Derrota,7,Si
7563,IA_dificil,21,Victoria,6,Si
7564,IA_facil,21,Empate,4,Si
7564,IA_medio,21,Empate,8,Si
7564,IA_dificil,20,Derrota,4,Si
7565,IA_facil,18,Derrota,6,Si
7565,IA_medio,18,Derrota,6,Si
7565,IA_dificil,20,Victoria,6,Si
7566,IA_facil,18,Victoria,4,Si
7566,IA_medio,22,Derrota,5,Si
7566,IA_dificil,17,Derrota,4,Si
7567,IA_facil,17,Derrota,4,Si
7567,IA_medio,18,Derrota,4,Si
7567,IA_dificil,20,Victoria,6,Si
7568,IA_facil,21,Victoria,4,Si
7568,IA_medio,24,Derrota,6,Si
7568,IA_dificil,20,Derrota,6,Si
7569,IA_facil,17,Derrota,6,Si
7569,IA_medio,18,Victoria,5,Si
7569,IA_dificil,17,Derrota,5,Si
7570,IA_facil,20,Empate,5,Si
7570,IA_medio,20,Empate,5,Si
7570,IA_dificil,19,Derrota,7,Si
7571,IA_facil,18,Derrota,6,Si
7571,IA_medio,24,Derrota,4,Si
7571,IA_dificil,19,Victoria,6,Si
7572,IA_facil,17,Derrota,5,Si
7572,IA_medio,20,Victoria,6,Si
7572,IA_dificil,17,Derrota,3,Si
7573,IA_facil,21,Victoria,7,Si
7573,IA_medio,18,Derrota,4,Si
7573,IA_dificil,20,Derrota,6,Si
7574,IA_facil,18,Derrota,4,Si
7574,IA_medio,19,Derrota,6,Si
7574,IA_dificil,20,Victoria,6,Si
7575,IA_facil,17,Empate,5,Si
7575,IA_medio,24,Derrota,7,Si
7575,IA_dificil,17,Empate,5,Si
7576,IA_facil,20,Derrota,6,Si
7576,IA_medio,21,Victoria,6,Si
7576,IA_dificil,18,Derrota,4,Si
7577,IA_facil,19,Victoria,5,Si
7577,IA_medio,23,Derrota,5,Si
7577,IA_dificil,17,Derrota,4,Si
7578,IA_facil,17,Empate,5,Si
7578,IA_medio,23,Derrota,7,Si
7578,IA_dificil,17,Empate,4,Si
7579,IA_facil,17,Derrota,5,Si
7579,IA_medio,22,Derrota,6,Si
7579,IA_dificil,19,Victoria,4,Si
7580,IA_facil,17,Derrota,7,Si
7580,IA_medio,21,Victoria,9,Si
7580,IA_dificil,22,Derrota,8,Si
7581,IA_facil,17,Derrota,4,Si
7581,IA_medio,17,Derrota,5,Si
7581,IA_dificil,21,Victoria,6,Si
7582,IA_facil,19,Derrota,6,Si
7582,IA_medio,20,Derrota,5,Si
7582,IA_dificil,21,Victoria,5,Si
7583,IA_facil,17,Empate,6,Si
7583,IA_medio,17,Empate,5,Si
7583,IA_dificil,22,Derrota,5,Si
7584,IA_facil,18,Empate,5,Si
7584,IA_medio,18,Empate,7,Si
7584,IA_dificil,18,Empate,7,Si
7585,IA_facil,19,Victoria,6,Si
7585,IA_medio,22,Derrota,6,Si
7585,IA_dificil,22,Derrota,4,Si
7586,IA_facil,17,Derrota,5,Si
7586,IA_medio,17,Derrota,4,Si
7586,IA_dificil,20,Victoria,5,Si
7587,IA_facil,18,Derrota,6,Si
7587,IA_medio,21,Victoria,5,Si
7587,IA_dificil,20,Derrota,4,Si
7588,IA_facil,21,Victoria,4,Si
7588,IA_medio,22,Derrota,7,Si
7588,IA_dificil,18,Derrota,5,Si
7589,IA_facil,17,Derrota,4,Si
7589,IA_medio,19,Derrota,5,Si
7589,IA_dificil,20,Victoria,4,Si
7590,IA_facil,20,Empate,6,Si
7590,IA_medio,20,Empate,6,Si
7590,IA_dificil,20,Empate,5,Si
7591,IA_facil,21,Victoria,8,Si
7591,IA_medio,17,Derrota,5,Si
7591,IA_dificil,22,Derrota,6,Si
7592,IA_facil,17,Derrota,5,Si
7592,IA_medio,18,Victoria,6,Si
7592,IA_dificil,22,Derrota,5,Si
7593,IA_facil,18,Victoria,4,Si
7593,IA_medio,23,Derrota,6,Si
7593,IA_dificil,17,Derrota,7,Si
7594,IA_facil,17,Derrota,6,Si
7594,IA_medio,19,Derrota,4,Si
7594,IA_dificil,21,Victoria,5,Si
7595,IA_facil,20,Empate,6,Si
7595,IA_medio,18,Derrota,7,Si
7595,IA_dificil,20,Empate,7,Si
7596,IA_facil,20,Victoria,4,Si
7596,IA_medio,17,Derrota,4,Si
7596,IA_dificil,18,Derrota,5,Si
7597,IA_facil,20,Victoria,6,Si
7597,IA_medio,18,Derrota,5,Si
7597,IA_dificil,18,Derrota,5,Si
7598,IA_facil,17,Victoria,5,Si
7598,IA_medio,22,Derrota,5,Si
7598,IA_dificil,22,Derrota,5,Si
7599,IA_facil,22,Derrota,9,Si
7599,IA_medio,19,Empate,6,Si
7599,IA_dificil,19,Empate,7,Si
7600,IA_facil,18,Victoria,9,Si
7600,IA_medio,17,Derrota,4,Si
7600,IA_dificil,17,Derrota,5,Si
7601,IA_facil,20,Empate,6,Si
7601,IA_medio,17,Derrota,8,Si
7601,IA_dificil,20,Empate,5,Si
7602,IA_facil,19,Victoria,6,Si
7602,IA_medio,22,Derrota,9,Si
7602,IA_dificil,17,Derrota,4,Si
7603,IA_facil,22,Derrota,4,Si
7603,IA_medio,18,Victoria,5,Si
7603,IA_dificil,22,Derrota,6,Si
7604,IA_facil,17,Derrota,3,Si
7604,IA_medio,24,Derrota,8,Si
7604,IA_dificil,18,Victoria,6,Si
7605,IA_facil,18,Derrota,6,Si
7605,IA_medio,22,Derrota,8,Si
7605,IA_dificil,20,Victoria,5,Si
7606,IA_facil,19,Derrota,7,Si
7606,IA_medio,19,Derrota,4,Si
7606,IA_dificil,21,Victoria,6,Si
7607,IA_facil,17,Derrota,4,Si
7607,IA_medio,21,Victoria,5,Si
7607,IA_dificil,22,Derrota,4,Si
7608,IA_facil,21,Empate,5,Si
7608,IA_medio,21,Empate,7,Si
7608,IA_dificil,17,Derrota,5,Si
7609,IA_facil,20,Empate,6,Si
7609,IA_medio,20,Empate,6,Si
7609,IA_dificil,25,Derrota,5,Si
7610,IA_facil,18,Derrota,4,Si
7610,IA_medio,17,Derrota,5,Si
7610,IA_dificil,19,Victoria,6,Si
7611,IA_facil,18,Derrota,5,Si
7611,IA_medio,22,Derrota,5,Si
7611,IA_dificil,20,Victoria,6,Si
7612,IA_facil,19,Empate,6,Si
7612,IA_medio,19,Empate,5,Si
7612,IA_dificil,19,Empate,5,Si
7613,IA_facil,19,Victoria,8,Si
7613,IA_medio,23,Derrota,7,Si
7613,IA_dificil,18,Derrota,5,Si
7614,IA_facil,19,Derrota,4,Si
7614,IA_medio,20,Victoria,6,Si
7614,IA_dificil,22,Derrota,6,Si
7615,IA_facil,17,Derrota,6,Si
7615,IA_medio,24,Derrota,6,Si
7615,IA_dificil,19,Victoria,5,Si
7616,IA_facil,21,Empate,5,Si
7616,IA_medio,24,Derrota,5,Si
7616,IA_dificil,21,Empate,5,Si
7617,IA_facil,17,Derrota,4,Si
7617,IA_medio,20,Victoria,6,Si
7617,IA_dificil,22,Derrota,7,Si
7618,IA_facil,20,Empate,5,Si
7618,IA_medio,19,Derrota,6,Si
7618,IA_dificil,20,Empate,8,Si
7619,IA_facil,19,Victoria,5,Si
7619,IA_medio,23,Derrota,6,Si
7619,IA_dificil,17,Derrota,4,Si
7620,IA_facil,19,Derrota,5,Si
7620,IA_medio,21,Victoria,6,Si
7620,IA_dificil,19,Derrota,4,Si
7621,IA_facil,18,Victoria,4,Si
7621,IA_medio,17,Derrota,3,Si
7621,IA_dificil,25,Derrota,7,Si
7622,IA_facil,17,Derrota,5,Si
7622,IA_medio,24,Derrota,9,Si
7622,IA_dificil,18,Victoria,5,Si
7623,IA_facil,17,Derrota,7,Si
7623,IA_medio,20,Victoria,6,Si
7623,IA_dificil,22,Derrota,7,Si
7624,IA_facil,17,Derrota,5,Si
7624,IA_medio,19,Derrota,6,Si
7624,IA_dificil,21,Victoria,6,Si
7625,IA_facil,20,Derrota,5,Si
7625,IA_medio,21,Victoria,4,Si
7625,IA_dificil,22,Derrota,8,Si
7626,IA_facil,18,Derrota,6,Si
7626,IA_medio,21,Victoria,5,Si
7626,IA_dificil,23,Derrota,7,Si
7627,IA_facil,20,Derrota,5,Si
7627,IA_medio,21,Victoria,5,Si
7627,IA_dificil,17,Derrota,7,Si
7628,IA_facil,17,Derrota,5,Si
7628,IA_medio,21,Victoria,6,Si
7628,IA_dificil,17,Derrota,4,Si
7629,IA_facil,19,Derrota,5,Si
7629,IA_medio,20,Victoria,4,Si
7629,IA_dificil,19,Derrota,6,Si
7630,IA_facil,21,Empate,6,Si
7630,IA_medio,21,Empate,6,Si
7630,IA_dificil,20,Derrota,5,Si
7631,IA_facil,17,Empate,5,Si
7631,IA_medio,17,Empate,6,Si
7631,IA_dificil,22,Derrota,5,Si
7632,IA_facil,18,Empate,3,Si
7632,IA_medio,18,Empate,5,Si
7632,IA_dificil,17,Derrota,6,Si
7633,IA_facil,17,Derrota,5,Si
7633,IA_medio,18,Derrota,3,Si
7633,IA_dificil,19,Victoria,4,Si
7634,IA_facil,17,Empate,4,Si
7634,IA_medio,17,Empate,5,Si
7634,IA_dificil,17,Empate,6,Si
7635,IA_facil,17,Derrota,7,Si
7635,IA_medio,19,Victoria,8,Si
7635,IA_dificil,18,Derrota,4,Si
7636,IA_facil,17,Derrota,7,Si
7636,IA_medio,19,Empate,6,Si
7636,IA_dificil,19,Empate,5,Si
7637,IA_facil,18,Empate,5,Si
7637,IA_medio,22,Derrota,8,Si
7637,IA_dificil,18,Empate,4,Si
7638,IA_facil,19,Derrota,5,Si
7638,IA_medio,21,Victoria,5,Si
7638,IA_dificil,18,Derrota,5,Si
7639,IA_facil,17,Derrota,7,Si
7639,IA_medio,22,Derrota,5,Si
7639,IA_dificil,19,Victoria,8,Si
7640,IA_facil,19,Victoria,4,Si
7640,IA_medio,17,Derrota,6,Si
7640,IA_dificil,17,Derrota,5,Si
7641,IA_facil,21,Victoria,5,Si
7641,IA_medio,23,Derrota,6,Si
7641,IA_dificil,17,Derrota,6,Si
7642,IA_facil,18,Derrota,6,Si
7642,IA_medio,19,Victoria,8,Si
7642,IA_dificil,17,Derrota,6,Si
7643,IA_facil,18,Derrota,5,Si
7643,IA_medio,19,Victoria,4,Si
7643,IA_dificil,18,Derrota,5,Si
7644,IA_facil,20,Derrota,5,Si
7644,IA_medio,21,Empate,5,Si
7644,IA_dificil,21,Empate,5,Si
7645,IA_facil,18,Derrota,4,Si
7645,IA_medio,21,Victoria,6,Si
7645,IA_dificil,22,Derrota,7,Si
7646,IA_facil,18,Victoria,5,Si
7646,IA_medio,24,Derrota,7,Si
7646,IA_dificil,24,Derrota,5,Si
7647,IA_facil,21,Victoria,4,Si
7647,IA_medio,22,Derrota,7,Si
7647,IA_dificil,24,Derrota,5,Si
7648,IA_facil,18,Victoria,4,Si
7648,IA_medio,17,Derrota,8,Si
7648,IA_dificil,23,Derrota,8,Si
7649,IA_facil,18,Empate,7,Si
7649,IA_medio,17,Derrota,6,Si
7649,IA_dificil,18,Empate,5,Si
7650,IA_facil,21,Victoria,4,Si
7650,IA_medio,17,Derrota,5,Si
7650,IA_dificil,19,Derrota,6,Si
7651,IA_facil,18,Derrota,6,Si
7651,IA_medio,17,Derrota,4,Si
7651,IA_dificil,21,Victoria,7,Si
7652,IA_facil,18,Derrota,7,Si
7652,IA_medio,18,Derrota,5,Si
7652,IA_dificil,19,Victoria,6,Si
7653,IA_facil,18,Derrota,5,Si
7653,IA_medio,22,Derrota,5,Si
7653,IA_dificil,19,Victoria,6,Si
7654,IA_facil,21,Victoria,5,Si
7654,IA_medio,18,Derrota,7,Si
7654,IA_dificil,19,Derrota,6,Si
7655,IA_facil,17,Derrota,4,Si
7655,IA_medio,20,Victoria,5,Si
7655,IA_dificil,17,Derrota,4,Si
7656,IA_facil,17,Derrota,5,Si
7656,IA_medio,19,Derrota,6,Si
7656,IA_dificil,20,Victoria,5,Si
7657,IA_facil,18,Victoria,5,Si
7657,IA_medio,17,Derrota,8,Si
7657,IA_dificil,23,Derrota,7,Si
7658,IA_facil,19,Victoria,6,Si
7658,IA_medio,23,Derrota,5,Si
7658,IA_dificil,18,Derrota,6,Si
7659,IA_facil,17,Derrota,5,Si
7659,IA_medio,21,Victoria,6,Si
7659,IA_dificil,24,Derrota,6,Si
7660,IA_facil,17,Empate,5,Si
7660,IA_medio,23,Derrota,10,Si
7660,IA_dificil,17,Empate,4,Si
7661,IA_facil,17,Derrota,6,Si
7661,IA_medio,21,Victoria,5,Si
7661,IA_dificil,19,Derrota,6,Si
7662,IA_facil,17,Derrota,6,Si
7662,IA_medio,21,Victoria,7,Si
7662,IA_dificil,18,Derrota,5,Si
7663,IA_facil,17,Derrota,3,Si
7663,IA_medio,20,Empate,5,Si
7663,IA_dificil,20,Empate,5,Si
7664,IA_facil,19,Derrota,5,Si
7664,IA_medio,17,Derrota,6,Si
7664,IA_dificil,20,Victoria,6,Si
7665,IA_facil,21,Victoria,5,Si
7665,IA_medio,22,Derrota,8,Si
7665,IA_dificil,18,Derrota,7,Si
7666,IA_facil,21,Victoria,7,Si
7666,IA_medio,17,Derrota,6,Si
7666,IA_dificil,23,Derrota,8,Si
7667,IA_facil,17,Derrota,6,Si
7667,IA_medio,24,Derrota,6,Si
7667,IA_dificil,21,Victoria,7,Si
7668,IA_facil,17,Derrota,6,Si
7668,IA_medio,21,Victoria,5,Si
7668,IA_dificil,20,Derrota,6,Si
7669,IA_facil,17,Derrota,5,Si
7669,IA_medio,19,Victoria,7,Si
7669,IA_dificil,17,Derrota,7,Si
7670,IA_facil,19,Derrota,4,Si
7670,IA_medio,21,Empate,6,Si
7670,IA_dificil,21,Empate,9,Si
7671,IA_facil,19,Derrota,6,Si
7671,IA_medio,17,Derrota,5,Si
7671,IA_dificil,20,Victoria,4,Si
7672,IA_facil,18,Derrota,6,Si
7672,IA_medio,21,Victoria,9,Si
7672,IA_dificil,22,Derrota,4,Si
7673,IA_facil,20,Empate,6,Si
7673,IA_medio,20,Empate,5,Si
7673,IA_dificil,24,Derrota,7,Si
7674,IA_facil,20,Derrota,5,Si
7674,IA_medio,17,Derrota,6,Si
7674,IA_dificil,21,Victoria,5,Si
7675,IA_facil,17,Derrota,5,Si
7675,IA_medio,21,Victoria,7,Si
7675,IA_dificil,24,Derrota,6,Si
7676,IA_facil,19,Derrota,5,Si
7676,IA_medio,17,Derrota,8,Si
7676,IA_dificil,21,Victoria,7,Si
7677,IA_facil,17,Victoria,6,Si
7677,IA_medio,23,Derrota,6,Si
7677,IA_dificil,22,Derrota,6,Si
7678,IA_facil,17,Derrota,7,Si
7678,IA_medio,18,Derrota,4,Si
7678,IA_dificil,19,Victoria,6,Si
7679,IA_facil,19,Derrota,4,Si
7679,IA_medio,21,Victoria,5,Si
7679,IA_dificil,18,Derrota,4,Si
7680,IA_facil,21,Victoria,6,Si
7680,IA_medio,20,Derrota,5,Si
7680,IA_dificil,17,Derrota,5,Si
7681,IA_facil,20,Derrota,7,Si
7681,IA_medio,23,Derrota,6,Si
7681,IA_dificil,21,Victoria,6,Si
7682,IA_facil,19,Empate,5,Si
7682,IA_medio,19,Empate,6,Si
7682,IA_dificil,19,Empate,6,Si
7683,IA_facil,18,Derrota,5,Si
7683,IA_medio,20,Victoria,7,Si
7683,IA_dificil,22,Derrota,6,Si
7684,IA_facil,17,Derrota,3,Si
7684,IA_medio,21,Victoria,5,Si
7684,IA_dificil,24,Derrota,7,Si
7685,IA_facil,17,Derrota,7,Si
7685,IA_medio,18,Victoria,6,Si
7685,IA_dificil,17,Derrota,3,Si
7686,IA_facil,18,Derrota,5,Si
7686,IA_medio,20,Victoria,6,Si
7686,IA_dificil,18,Derrota,5,Si
7687,IA_facil,18,Derrota,7,Si
7687,IA_medio,23,Derrota,7,Si
7687,IA_dificil,20,Victoria,5,Si
7688,IA_facil,17,Derrota,7,Si
7688,IA_medio,22,Derrota,7,Si
7688,IA_dificil,20,Victoria,4,Si
7689,IA_facil,17,Derrota,3,Si
7689,IA_medio,20,Victoria,5,Si
7689,IA_dificil,17,Derrota,5,Si
7690,IA_facil,17,Empate,5,Si
7690,IA_medio,25,Derrota,6,Si
7690,IA_dificil,17,Empate,4,Si
7691,IA_facil,19,Victoria,5,Si
7691,IA_medio,22,Derrota,7,Si
7691,IA_dificil,17,Derrota,4,Si
7692,IA_facil,22,Derrota,6,Si
7692,IA_medio,23,Derrota,5,Si
7692,IA_dificil,18,Victoria,6,Si
7693,IA_facil,17,Derrota,7,Si
7693,IA_medio,19,Victoria,8,Si
7693,IA_dificil,22,Derrota,5,Si
7694,IA_facil,19,Derrota,6,Si
7694,IA_medio,18,Derrota,8,Si
7694,IA_dificil,21,Victoria,8,Si
7695,IA_facil,19,Derrota,4,Si
7695,IA_medio,22,Derrota,6,Si
7695,IA_dificil,20,Victoria,4,Si
7696,IA_facil,17,Derrota,5,Si
7696,IA_medio,22,Derrota,6,Si
7696,IA_dificil,19,Victoria,5,Si
7697,IA_facil,17,Derrota,4,Si
7697,IA_medio,21,Empate,7,Si
7697,IA_dificil,21,Empate,7,Si
7698,IA_facil,18,Derrota,6,Si
7698,IA_medio,22,Derrota,5,Si
7698,IA_dificil,20,Victoria,4,Si
7699,IA_facil,20,Victoria,5,Si
7699,IA_medio,18,Derrota,6,Si
7699,IA_dificil,19,Derrota,7,Si
7700,IA_facil,21,Victoria,5,Si
7700,IA_medio,22,Derrota,6,Si
7700,IA_dificil,18,Derrota,5,Si
7701,IA_facil,17,Derrota,4,Si
7701,IA_medio,25,Derrota,6,Si
7701,IA_dificil,19,Victoria,8,Si
7702,IA_facil,19,Derrota,5,Si
7702,IA_medio,21,Victoria,6,Si
7702,IA_dificil,20,Derrota,5,Si
7703,IA_facil,17,Derrota,5,Si
7703,IA_medio,18,Derrota,4,Si
7703,IA_dificil,19,Victoria,5,Si
7704,IA_facil,17,Derrota,4,Si
7704,IA_medio,18,Victoria,5,Si
7704,IA_dificil,22,Derrota,5,Si
7705,IA_facil,21,Victoria,7,Si
7705,IA_medio,20,Derrota,5,Si
7705,IA_dificil,20,Derrota,6,Si
7706,IA_facil,19,Derrota,6,Si
7706,IA_medio,21,Victoria,5,Si
7706,IA_dificil,20,Derrota,6,Si
7707,IA_facil,17,Derrota,4,Si
7707,IA_medio,17,Derrota,6,Si
7707,IA_dificil,20,Victoria,4,Si
7708,IA_facil,17,Derrota,5,Si
7708,IA_medio,20,Victoria,5,Si
7708,IA_dificil,18,Derrota,6,Si
7709,IA_facil,17,Derrota,5,Si
7709,IA_medio,22,Derrota,6,Si
7709,IA_dificil,18,Victoria,6,Si
7710,IA_facil,18,Derrota,4,Si
7710,IA_medio,19,Victoria,7,Si
7710,IA_dificil,17,Derrota,5,Si
7711,IA_facil,18,Derrota,5,Si
7711,IA_medio,21,Victoria,5,Si
7711,IA_dificil,19,Derrota,7,Si
7712,IA_facil,17,Derrota,5,Si
7712,IA_medio,20,Victoria,4,Si
7712,IA_dificil,18,Derrota,5,Si
7713,IA_facil,17,Derrota,7,Si
7713,IA_medio,17,Derrota,6,Si
7713,IA_dificil,20,Victoria,6,Si
7714,IA_facil,19,Empate,4,Si
7714,IA_medio,19,Empate,6,Si
7714,IA_dificil,19,Empate,6,Si
7715,IA_facil,20,Derrota,4,Si
7715,IA_medio,22,Derrota,8,Si
7715,IA_dificil,21,Victoria,5,Si
7716,IA_facil,19,Victoria,4,Si
7716,IA_medio,18,Derrota,8,Si
7716,IA_dificil,18,Derrota,5,Si
7717,IA_facil,20,Victoria,5,Si
7717,IA_medio,17,Derrota,5,Si
7717,IA_dificil,18,Derrota,5,Si
7718,IA_facil,20,Victoria,5,Si
7718,IA_medio,17,Derrota,5,Si
7718,IA_dificil,17,Derrota,7,Si
7719,IA_facil,18,Empate,6,Si
7719,IA_medio,18,Empate,7,Si
7719,IA_dificil,17,Derrota,4,Si
7720,IA_facil,20,Derrota,6,Si
7720,IA_medio,21,Victoria,5,Si
7720,IA_dificil,20,Derrota,7,Si
7721,IA_facil,17,Derrota,5,Si
7721,IA_medio,21,Victoria,6,Si
7721,IA_dificil,22,Derrota,5,Si
7722,IA_facil,18,Derrota,6,Si
7722,IA_medio,22,Derrota,6,Si
7722,IA_dificil,21,Victoria,4,Si
7723,IA_facil,17,Empate,6,Si
7723,IA_medio,22,Derrota,5,Si
7723,IA_dificil,17,Empate,4,Si
7724,IA_facil,20,Empate,5,Si
7724,IA_medio,18,Derrota,7,Si
7724,IA_dificil,20,Empate,7,Si
7725,IA_facil,17,Derrota,5,Si
7725,IA_medio,21,Victoria,6,Si
7725,IA_dificil,18,Derrota,6,Si
7726,IA_facil,18,Empate,6,Si
7726,IA_medio,24,Derrota,7,Si
7726,IA_dificil,18,Empate,5,Si
7727,IA_facil,20,Empate,7,Si
7727,IA_medio,20,Empate,8,Si
7727,IA_dificil,24,Derrota,6,Si
7728,IA_facil,20,Empate,4,Si
7728,IA_medio,20,Empate,8,Si
7728,IA_dificil,18,Derrota,6,Si
7729,IA_facil,19,Victoria,5,Si
7729,IA_medio,17,Derrota,7,Si
7729,IA_dificil,22,Derrota,6,Si
7730,IA_facil,17,Derrota,4,Si
7730,IA_medio,22,Derrota,7,Si
7730,IA_dificil,18,Victoria,4,Si
7731,IA_facil,18,Derrota,5,Si
7731,IA_medio,23,Derrota,5,Si
7731,IA_dificil,20,Victoria,6,Si
7732,IA_facil,21,Victoria,6,Si
7732,IA_medio,17,Derrota,4,Si
7732,IA_dificil,20,Derrota,6,Si
7733,IA_facil,17,Victoria,5,Si
7733,IA_medio,24,Derrota,6,Si
7733,IA_dificil,22,Derrota,6,Si
7734,IA_facil,17,Derrota,5,Si
7734,IA_medio,22,Derrota,8,Si
7734,IA_dificil,20,Victoria,8,Si
7735,IA_facil,17,Derrota,7,Si
7735,IA_medio,17,Derrota,4,Si
7735,IA_dificil,18,Victoria,8,Si
7736,IA_facil,18,Derrota,5,Si
7736,IA_medio,21,Victoria,6,Si
7736,IA_dificil,17,Derrota,4,Si
7737,IA_facil,17,Derrota,4,Si
7737,IA_medio,17,Derrota,6,Si
7737,IA_dificil,21,Victoria,5,Si
7738,IA_facil,18,Victoria,4,Si
7738,IA_medio,22,Derrota,7,Si
7738,IA_dificil,17,Derrota,4,Si
7739,IA_facil,21,Victoria,8,Si
7739,IA_medio,18,Derrota,4,Si
7739,IA_dificil,20,Derrota,5,Si
7740,IA_facil,19,Derrota,5,Si
7740,IA_medio,21,Victoria,8,Si
7740,IA_dificil,18,Derrota,4,Si
7741,IA_facil,21,Empate,5,Si
7741,IA_medio,20,Derrota,5,Si
7741,IA_dificil,21,Empate,6,Si
7742,IA_facil,17,Empate,3,Si
7742,IA_medio,17,Empate,6,Si
7742,IA_dificil,17,Empate,8,Si
7743,IA_facil,19,Derrota,5,Si
7743,IA_medio,17,Derrota,4,Si
7743,IA_dificil,21,Victoria,6,Si
7744,IA_facil,18,Victoria,6,Si
7744,IA_medio,22,Derrota,4,Si
7744,IA_dificil,22,Derrota,5,Si
7745,IA_facil,17,Derrota,7,Si
7745,IA_medio,17,Derrota,4,Si
7745,IA_dificil,18,Victoria,4,Si
7746,IA_facil,19,Derrota,6,Si
7746,IA_medio,20,Empate,5,Si
7746,IA_dificil,20,Empate,4,Si
7747,IA_facil,20,Derrota,6,Si
7747,IA_medio,21,Victoria,4,Si
7747,IA_dificil,19,Derrota,7,Si
7748,IA_facil,19,Derrota,6,Si
7748,IA_medio,21,Victoria,6,Si
7748,IA_dificil,18,Derrota,5,Si
7749,IA_facil,22,Derrota,6,Si
7749,IA_medio,22,Derrota,6,Si
7749,IA_dificil,17,Victoria,5,Si
7750,IA_facil,18,Derrota,7,Si
7750,IA_medio,19,Victoria,8,Si
7750,IA_dificil,22,Derrota,7,Si
7751,IA_facil,22,Derrota,5,Si
7751,IA_medio,20,Victoria,5,Si
7751,IA_dificil,18,Derrota,5,Si
7752,IA_facil,17,Victoria,6,Si
7752,IA_medio,25,Derrota,7,Si
7752,IA_dificil,24,Derrota,5,Si
7753,IA_facil,17,Derrota,5,Si
7753,IA_medio,20,Victoria,6,Si
7753,IA_dificil,19,Derrota,6,Si
7754,IA_facil,18,Derrota,6,Si
7754,IA_medio,21,Victoria,7,Si
7754,IA_dificil,20,Derrota,8,Si
7755,IA_facil,18,Derrota,7,Si
7755,IA_medio,18,Derrota,5,Si
7755,IA_dificil,21,Victoria,7,Si
7756,IA_facil,21,Victoria,5,Si
7756,IA_medio,18,Derrota,4,Si
7756,IA_dificil,18,Derrota,5,Si
7757,IA_facil,19,Victoria,5,Si
7757,IA_medio,22,Derrota,6,Si
7757,IA_dificil,17,Derrota,6,Si
7758,IA_facil,17,Derrota,6,Si
7758,IA_medio,21,Empate,6,Si
7758,IA_dificil,21,Empate,5,Si
7759,IA_facil,19,Victoria,5,Si
7759,IA_medio,17,Derrota,7,Si
7759,IA_dificil,17,Derrota,8,Si
7760,IA_facil,18,Victoria,7,Si
7760,IA_medio,25,Derrota,8,Si
7760,IA_dificil,23,Derrota,6,Si
7761,IA_facil,17,Derrota,4,Si
7761,IA_medio,18,Victoria,4,Si
7761,IA_dificil,17,Derrota,7,Si
7762,IA_facil,21,Empate,7,Si
7762,IA_medio,17,Derrota,5,Si
7762,IA_dificil,21,Empate,8,Si
7763,IA_facil,17,Derrota,7,Si
7763,IA_medio,20,Victoria,4,Si
7763,IA_dificil,22,Derrota,6,Si
7764,IA_facil,19,Victoria,5,Si
7764,IA_medio,17,Derrota,6,Si
7764,IA_dificil,17,Derrota,3,Si
7765,IA_facil,18,Derrota,5,Si
7765,IA_medio,18,Derrota,9,Si
7765,IA_dificil,19,Victoria,4,Si
7766,IA_facil,20,Victoria,5,Si
7766,IA_medio,18,Derrota,5,Si
7766,IA_dificil,18,Derrota,4,Si
7767,IA_facil,19,Victoria,7,Si
7767,IA_medio,23,Derrota,8,Si
7767,IA_dificil,22,Derrota,6,Si
7768,IA_facil,19,Derrota,5,Si
7768,IA_medio,20,Victoria,6,Si
7768,IA_dificil,17,Derrota,5,Si
7769,IA_facil,17,Derrota,4,Si
7769,IA_medio,19,Victoria,5,Si
7769,IA_dificil,24,Derrota,7,Si
7770,IA_facil,17,Derrota,5,Si
7770,IA_medio,19,Victoria,6,Si
7770,IA_dificil,24,Derrota,6,Si
7771,IA_facil,17,Victoria,7,Si
7771,IA_medio,22,Derrota,5,Si
7771,IA_dificil,22,Derrota,5,Si
7772,IA_facil,21,Victoria,5,Si
7772,IA_medio,17,Derrota,3,Si
7772,IA_dificil,17,Derrota,6,Si
7773,IA_facil,18,Victoria,6,Si
7773,IA_medio,22,Derrota,7,Si
7773,IA_dificil,25,Derrota,10,Si
7774,IA_facil,17,Victoria,5,Si
7774,IA_medio,22,Derrota,6,Si
7774,IA_dificil,23,Derrota,6,Si
7775,IA_facil,20,Victoria,8,Si
7775,IA_medio,17,Derrota,6,Si
7775,IA_dificil,22,Derrota,5,Si
7776,IA_facil,21,Empate,6,Si
7776,IA_medio,21,Empate,8,Si
7776,IA_dificil,18,Derrota,4,Si
7777,IA_facil,17,Victoria,4,Si
7777,IA_medio,25,Derrota,7,Si
7777,IA_dificil,22,Derrota,6,Si
7778,IA_facil,20,Empate,5,Si
7778,IA_medio,20,Empate,7,Si
7778,IA_dificil,18,Derrota,5,Si
7779,IA_facil,18,Derrota,5,Si
7779,IA_medio,21,Empate,8,Si
7779,IA_dificil,21,Empate,5,Si
7780,IA_facil,17,Derrota,4,Si
7780,IA_medio,21,Victoria,6,Si
7780,IA_dificil,20,Derrota,8,Si
7781,IA_facil,18,Empate,7,Si
7781,IA_medio,18,Empate,6,Si
7781,IA_dificil,23,Derrota,7,Si
7782,IA_facil,20,Empate,5,Si
7782,IA_medio,20,Empate,5,Si
7782,IA_dificil,17,Derrota,5,Si
7783,IA_facil,19,Victoria,4,Si
7783,IA_medio,24,Derrota,7,Si
7783,IA_dificil,23,Derrota,9,Si
7784,IA_facil,17,Derrota,5,Si
7784,IA_medio,20,Empate,6,Si
7784,IA_dificil,20,Empate,4,Si
7785,IA_facil,17,Derrota,6,Si
7785,IA_medio,17,Derrota,4,Si
7785,IA_dificil,18,Victoria,6,Si
7786,IA_facil,18,Derrota,4,Si
7786,IA_medio,19,Victoria,4,Si
7786,IA_dificil,17,Derrota,7,Si
7787,IA_facil,17,Derrota,5,Si
7787,IA_medio,21,Empate,6,Si
7787,IA_dificil,21,Empate,5,Si
7788,IA_facil,18,Derrota,4,Si
7788,IA_medio,19,Derrota,6,Si
7788,IA_dificil,20,Victoria,7,Si
7789,IA_facil,19,Derrota,5,Si
7789,IA_medio,18,Derrota,4,Si
7789,IA_dificil,21,Victoria,6,Si
7790,IA_facil,20,Empate,5,Si
7790,IA_medio,20,Empate,6,Si
7790,IA_dificil,19,Derrota,6,Si
7791,IA_facil,19,Empate,6,Si
7791,IA_medio,19,Empate,6,Si
7791,IA_dificil,17,Derrota,4,Si
7792,IA_facil,17,Derrota,6,Si
7792,IA_medio,24,Derrota,6,Si
7792,IA_dificil,20,Victoria,5,Si
7793,IA_facil,17,Derrota,4,Si
7793,IA_medio,20,Victoria,5,Si
7793,IA_dificil,19,Derrota,4,Si
7794,IA_facil,20,Victoria,4,Si
7794,IA_medio,19,Derrota,6,Si
7794,IA_dificil,17,Derrota,5,Si
7795,IA_facil,17,Derrota,5,Si
7795,IA_medio,23,Derrota,5,Si
7795,IA_dificil,20,Victoria,7,Si
7796,IA_facil,18,Derrota,4,Si
7796,IA_medio,20,Victoria,7,Si
7796,IA_dificil,23,Derrota,8,Si
7797,IA_facil,19,Derrota,5,Si
7797,IA_medio,20,Victoria,5,Si
7797,IA_dificil,17,Derrota,5,Si
7798,IA_facil,18,Derrota,4,Si
7798,IA_medio,22,Derrota,7,Si
7798,IA_dificil,19,Victoria,6,Si
7799,IA_facil,20,Empate,6,Si
7799,IA_medio,20,Empate,5,Si
7799,IA_dificil,18,Derrota,5,Si
7800,IA_facil,20,Empate,7,Si
7800,IA_medio,20,Empate,5,Si
7800,IA_dificil,18,Derrota,5,Si
7801,IA_facil,21,Victoria,6,Si
7801,IA_medio,17,Derrota,6,Si
7801,IA_dificil,18,Derrota,6,Si
7802,IA_facil,17,Derrota,6,Si
7802,IA_medio,18,Derrota,5,Si
7802,IA_dificil,20,Victoria,7,Si
7803,IA_facil,18,Empate,6,Si
7803,IA_medio,22,Derrota,8,Si
7803,IA_dificil,18,Empate,7,Si
7804,IA_facil,19,Derrota,4,Si
7804,IA_medio,20,Victoria,5,Si
7804,IA_dificil,17,Derrota,5,Si
7805,IA_facil,20,Victoria,6,Si
7805,IA_medio,18,Derrota,6,Si
7805,IA_dificil,18,Derrota,5,Si
7806,IA_facil,17,Derrota,4,Si
7806,IA_medio,24,Derrota,9,Si
7806,IA_dificil,18,Victoria,6,Si
7807,IA_facil,17,Derrota,4,Si
7807,IA_medio,17,Derrota,6,Si
7807,IA_dificil,19,Victoria,4,Si
7808,IA_facil,20,Victoria,8,Si
7808,IA_medio,17,Derrota,4,Si
7808,IA_dificil,19,Derrota,4,Si
7809,IA_facil,18,Derrota,4,Si
7809,IA_medio,18,Derrota,5,Si
7809,IA_dificil,19,Victoria,4,Si
7810,IA_facil,21,Victoria,7,Si
7810,IA_medio,24,Derrota,8,Si
7810,IA_dificil,20,Derrota,7,Si
7811,IA_facil,20,Empate,6,Si
7811,IA_medio,20,Empate,5,Si
7811,IA_dificil,20,Empate,5,Si
7812,IA_facil,17,Derrota,5,Si
7812,IA_medio,20,Victoria,7,Si
7812,IA_dificil,18,Derrota,4,Si
7813,IA_facil,19,Victoria,6,Si
7813,IA_medio,18,Derrota,5,Si
7813,IA_dificil,17,Derrota,6,Si
7814,IA_facil,19,Derrota,4,Si
7814,IA_medio,20,Derrota,8,Si
7814,IA_dificil,21,Victoria,8,Si
7815,IA_facil,17,Empate,5,Si
7815,IA_medio,23,Derrota,5,Si
7815,IA_dificil,17,Empate,6,Si
7816,IA_facil,19,Victoria,6,Si
7816,IA_medio,22,Derrota,5,Si
7816,IA_dificil,17,Derrota,6,Si
7817,IA_facil,20,Derrota,4,Si
7817,IA_medio,23,Derrota,8,Si
7817,IA_dificil,21,Victoria,6,Si
7818,IA_facil,17,Derrota,6,Si
7818,IA_medio,21,Victoria,7,Si
7818,IA_dificil,18,Derrota,5,Si
7819,IA_facil,18,Derrota,5,Si
7819,IA_medio,17,Derrota,6,Si
7819,IA_dificil,20,Victoria,6,Si
7820,IA_facil,18,Derrota,5,Si
7820,IA_medio,20,Derrota,5,Si
7820,IA_dificil,21,Victoria,6,Si
7821,IA_facil,17,Derrota,4,Si
7821,IA_medio,18,Victoria,6,Si
7821,IA_dificil,17,Derrota,4,Si
7822,IA_facil,20,Victoria,6,Si
7822,IA_medio,17,Derrota,4,Si
7822,IA_dificil,17,Derrota,5,Si
7823,IA_facil,17,Derrota,4,Si
7823,IA_medio,18,Victoria,6,Si
7823,IA_dificil,17,Derrota,4,Si
7824,IA_facil,22,Derrota,6,Si
7824,IA_medio,17,Empate,5,Si
7824,IA_dificil,17,Empate,4,Si
7825,IA_facil,17,Derrota,5,Si
7825,IA_medio,20,Derrota,7,Si
7825,IA_dificil,21,Victoria,5,Si
7826,IA_facil,19,Derrota,5,Si
7826,IA_medio,20,Victoria,4,Si
7826,IA_dificil,18,Derrota,6,Si
7827,IA_facil,18,Derrota,5,Si
7827,IA_medio,19,Empate,6,Si
7827,IA_dificil,19,Empate,5,Si
7828,IA_facil,17,Empate,9,Si
7828,IA_medio,17,Empate,6,Si
7828,IA_dificil,22,Derrota,6,Si
7829,IA_facil,20,Derrota,4,Si
7829,IA_medio,19,Derrota,4,Si
7829,IA_dificil,21,Victoria,9,Si
7830,IA_facil,18,Derrota,4,Si
7830,IA_medio,22,Derrota,6,Si
7830,IA_dificil,20,Victoria,7,Si
7831,IA_facil,18,Empate,4,Si
7831,IA_medio,17,Derrota,5,Si
7831,IA_dificil,18,Empate,6,Si
7832,IA_facil,19,Victoria,5,Si
7832,IA_medio,23,Derrota,6,Si
7832,IA_dificil,22,Derrota,5,Si
7833,IA_facil,19,Derrota,5,Si
7833,IA_medio,18,Derrota,7,Si
7833,IA_dificil,21,Victoria,5,Si
7834,IA_facil,17,Derrota,4,Si
7834,IA_medio,18,Victoria,4,Si
7834,IA_dificil,17,Derrota,6,Si
7835,IA_facil,21,Victoria,6,Si
7835,IA_medio,20,Derrota,4,Si
7835,IA_dificil,19,Derrota,7,Si
7836,IA_facil,21,Empate,4,Si
7836,IA_medio,19,Derrota,7,Si
7836,IA_dificil,21,Empate,5,Si
7837,IA_facil,21,Empate,6,Si
7837,IA_medio,18,Derrota,6,Si
7837,IA_dificil,21,Empate,6,Si
7838,IA_facil,19,Empate,6,Si
7838,IA_medio,22,Derrota,6,Si
7838,IA_dificil,19,Empate,4,Si
7839,IA_facil,17,Derrota,4,Si
7839,IA_medio,19,Victoria,4,Si
7839,IA_dificil,17,Derrota,4,Si
7840,IA_facil,19,Derrota,5,Si
7840,IA_medio,21,Victoria,5,Si
7840,IA_dificil,23,Derrota,7,Si
7841,IA_facil,17,Derrota,4,Si
7841,IA_medio,18,Empate,8,Si
7841,IA_dificil,18,Empate,3,Si
7842,IA_facil,20,Empate,5,Si
7842,IA_medio,19,Derrota,5,Si
7842,IA_dificil,20,Empate,5,Si
7843,IA_facil,19,Derrota,7,Si
7843,IA_medio,21,Victoria,5,Si
7843,IA_dificil,18,Derrota,5,Si
7844,IA_facil,18,Derrota,6,Si
7844,IA_medio,20,Victoria,6,Si
7844,IA_dificil,18,Derrota,6,Si
7845,IA_facil,17,Derrota,4,Si
7845,IA_medio,17,Derrota,5,Si
7845,IA_dificil,20,Victoria,5,Si
7846,IA_facil,20,Derrota,5,Si
7846,IA_medio,21,Victoria,7,Si
7846,IA_dificil,17,Derrota,5,Si
7847,IA_facil,18,Derrota,6,Si
7847,IA_medio,20,Derrota,5,Si
7847,IA_dificil,21,Victoria,9,Si
7848,IA_facil,18,Derrota,5,Si
7848,IA_medio,19,Empate,8,Si
7848,IA_dificil,19,Empate,8,Si
7849,IA_facil,17,Derrota,4,Si
7849,IA_medio,19,Derrota,4,Si
7849,IA_dificil,21,Victoria,5,Si
7850,IA_facil,17,Derrota,4,Si
7850,IA_medio,19,Victoria,5,Si
7850,IA_dificil,17,Derrota,6,Si
7851,IA_facil,17,Derrota,3,Si
7851,IA_medio,20,Derrota,5,Si
7851,IA_dificil,21,Victoria,6,Si
7852,IA_facil,17,Derrota,7,Si
7852,IA_medio,17,Derrota,7,Si
7852,IA_dificil,21,Victoria,4,Si
7853,IA_facil,17,Derrota,6,Si
7853,IA_medio,17,Derrota,5,Si
7853,IA_dificil,20,Victoria,5,Si
7854,IA_facil,18,Derrota,6,Si
7854,IA_medio,18,Derrota,5,Si
7854,IA_dificil,21,Victoria,5,Si
7855,IA_facil,21,Empate,6,Si
7855,IA_medio,21,Empate,5,Si
7855,IA_dificil,19,Derrota,5,Si
7856,IA_facil,17,Derrota,5,Si
7856,IA_medio,25,Derrota,7,Si
7856,IA_dificil,18,Victoria,4,Si
7857,IA_facil,19,Victoria,5,Si
7857,IA_medio,17,Derrota,5,Si
7857,IA_dificil,18,Derrota,6,Si
7858,IA_facil,21,Victoria,5,Si
7858,IA_medio,22,Derrota,7,Si
7858,IA_dificil,20,Derrota,7,Si
7859,IA_facil,19,Derrota,4,Si
7859,IA_medio,20,Victoria,7,Si
7859,IA_dificil,22,Derrota,7,Si
7860,IA_facil,17,Derrota,4,Si
7860,IA_medio,21,Victoria,5,Si
7860,IA_dificil,18,Derrota,5,Si
7861,IA_facil,22,Derrota,5,Si
7861,IA_medio,20,Victoria,5,Si
7861,IA_dificil,17,Derrota,5,Si
7862,IA_facil,17,Derrota,7,Si
7862,IA_medio,21,Victoria,7,Si
7862,IA_dificil,20,Derrota,7,Si
7863,IA_facil,19,Derrota,6,Si
7863,IA_medio,17,Derrota,5,Si
7863,IA_dificil,20,Victoria,8,Si
7864,IA_facil,18,Derrota,4,Si
7864,IA_medio,17,Derrota,5,Si
7864,IA_dificil,21,Victoria,6,Si
7865,IA_facil,17,Derrota,4,Si
7865,IA_medio,22,Derrota,8,Si
7865,IA_dificil,19,Victoria,5,Si
7866,IA_facil,17,Empate,6,Si
7866,IA_medio,25,Derrota,5,Si
7866,IA_dificil,17,Empate,4,Si
7867,IA_facil,21,Victoria,5,Si
7867,IA_medio,17,Derrota,4,Si
7867,IA_dificil,18,Derrota,5,Si
7868,IA_facil,22,Derrota,6,Si
7868,IA_medio,17,Derrota,6,Si
7868,IA_dificil,18,Victoria,6,Si
7869,IA_facil,17,Derrota,5,Si
7869,IA_medio,21,Empate,5,Si
7869,IA_dificil,21,Empate,7,Si
7870,IA_facil,18,Derrota,5,Si
7870,IA_medio,22,Derrota,5,Si
7870,IA_dificil,21,Victoria,5,Si
7871,IA_facil,17,Empate,6,Si
7871,IA_medio,17,Empate,3,Si
7871,IA_dificil,22,Derrota,6,Si
7872,IA_facil,18,Derrota,4,Si
7872,IA_medio,20,Victoria,4,Si
7872,IA_dificil,22,Derrota,6,Si
7873,IA_facil,21,Victoria,6,Si
7873,IA_medio,17,Derrota,4,Si
7873,IA_dificil,22,Derrota,5,Si
7874,IA_facil,20,Victoria,6,Si
7874,IA_medio,19,Derrota,6,Si
7874,IA_dificil,17,Derrota,3,Si
7875,IA_facil,18,Derrota,5,Si
7875,IA_medio,20,Victoria,6,Si
7875,IA_dificil,23,Derrota,7,Si
7876,IA_facil,18,Derrota,8,Si
7876,IA_medio,21,Victoria,8,Si
7876,IA_dificil,18,Derrota,7,Si
7877,IA_facil,19,Derrota,6,Si
7877,IA_medio,21,Victoria,6,Si
7877,IA_dificil,20,Derrota,5,Si
7878,IA_facil,19,Empate,4,Si
7878,IA_medio,25,Derrota,5,Si
7878,IA_dificil,19,Empate,5,Si
7879,IA_facil,17,Derrota,5,Si
7879,IA_medio,21,Empate,7,Si
7879,IA_dificil,21,Empate,5,Si
7880,IA_facil,19,Derrota,5,Si
7880,IA_medio,21,Victoria,5,Si
7880,IA_dificil,18,Derrota,4,Si
7881,IA_facil,19,Derrota,5,Si
7881,IA_medio,21,Empate,8,Si
7881,IA_dificil,21,Empate,4,Si
7882,IA_facil,21,Victoria,7,Si
7882,IA_medio,23,Derrota,10,Si
7882,IA_dificil,17,Derrota,6,Si
7883,IA_facil,21,Victoria,7,Si
7883,IA_medio,17,Derrota,9,Si
7883,IA_dificil,18,Derrota,5,Si
7884,IA_facil,19,Victoria,5,Si
7884,IA_medio,22,Derrota,6,Si
7884,IA_dificil,18,Derrota,6,Si
7885,IA_facil,19,Derrota,6,Si
7885,IA_medio,19,Derrota,6,Si
7885,IA_dificil,21,Victoria,9,Si
7886,IA_facil,20,Victoria,5,Si
7886,IA_medio,17,Derrota,4,Si
7886,IA_dificil,23,Derrota,6,Si
7887,IA_facil,17,Empate,5,Si
7887,IA_medio,22,Derrota,4,Si
7887,IA_dificil,17,Empate,8,Si
7888,IA_facil,19,Derrota,5,Si
7888,IA_medio,20,Victoria,5,Si
7888,IA_dificil,19,Derrota,6,Si
7889,IA_facil,21,Victoria,6,Si
7889,IA_medio,23,Derrota,7,Si
7889,IA_dificil,19,Derrota,7,Si
7890,IA_facil,22,Derrota,7,Si
7890,IA_medio,22,Derrota,6,Si
7890,IA_dificil,18,Victoria,5,Si
7891,IA_facil,17,Derrota,4,Si
7891,IA_medio,24,Derrota,5,Si
7891,IA_dificil,21,Victoria,7,Si
7892,IA_facil,22,Derrota,4,Si
7892,IA_medio,23,Derrota,5,Si
7892,IA_dificil,23,Derrota,5,Si
7893,IA_facil,21,Empate,6,Si
7893,IA_medio,21,Empate,8,Si
7893,IA_dificil,22,Derrota,4,Si
7894,IA_facil,18,Derrota,5,Si
7894,IA_medio,23,Derrota,5,Si
7894,IA_dificil,21,Victoria,4,Si
7895,IA_facil,19,Victoria,4,Si
7895,IA_medio,18,Derrota,6,Si
7895,IA_dificil,18,Derrota,6,Si
7896,IA_facil,18,Derrota,6,Si
7896,IA_medio,25,Derrota,6,Si
7896,IA_dificil,20,Victoria,7,Si
7897,IA_facil,18,Derrota,5,Si
7897,IA_medio,21,Victoria,5,Si
7897,IA_dificil,17,Derrota,5,Si
7898,IA_facil,18,Derrota,5,Si
7898,IA_medio,21,Victoria,4,Si
7898,IA_dificil,22,Derrota,5,Si
7899,IA_facil,20,Derrota,5,Si
7899,IA_medio,19,Derrota,6,Si
7899,IA_dificil,21,Victoria,6,Si
7900,IA_facil,18,Victoria,4,Si
7900,IA_medio,22,Derrota,5,Si
7900,IA_dificil,17,Derrota,3,Si
7901,IA_facil,18,Empate,4,Si
7901,IA_medio,18,Empate,7,Si
7901,IA_dificil,17,Derrota,5,Si
7902,IA_facil,17,Empate,5,Si
7902,IA_medio,24,Derrota,8,Si
7902,IA_dificil,17,Empate,5,Si
7903,IA_facil,21,Victoria,6,Si
7903,IA_medio,23,Derrota,6,Si
7903,IA_dificil,20,Derrota,5,Si
7904,IA_facil,19,Derrota,5,Si
7904,IA_medio,21,Victoria,7,Si
7904,IA_dificil,18,Derrota,5,Si
7905,IA_facil,20,Empate,6,Si
7905,IA_medio,20,Empate,6,Si
7905,IA_dificil,19,Derrota,5,Si
7906,IA_facil,20,Empate,5,Si
7906,IA_medio,20,Empate,6,Si
7906,IA_dificil,18,Derrota,6,Si
7907,IA_facil,17,Derrota,3,Si
7907,IA_medio,20,Victoria,6,Si
7907,IA_dificil,19,Derrota,5,Si
7908,IA_facil,20,Derrota,5,Si
7908,IA_medio,21,Victoria,6,Si
7908,IA_dificil,18,Derrota,3,Si
7909,IA_facil,18,Derrota,6,Si
7909,IA_medio,17,Derrota,5,Si
7909,IA_dificil,19,Victoria,5,Si
7910,IA_facil,20,Victoria,5,Si
7910,IA_medio,23,Derrota,8,Si
7910,IA_dificil,19,Derrota,5,Si
7911,IA_facil,17,Derrota,4,Si
7911,IA_medio,18,Victoria,7,Si
7911,IA_dificil,17,Derrota,3,Si
7912,IA_facil,19,Victoria,5,Si
7912,IA_medio,22,Derrota,6,Si
7912,IA_dificil,18,Derrota,5,Si
7913,IA_facil,17,Derrota,4,Si
7913,IA_medio,21,Victoria,4,Si
7913,IA_dificil,22,Derrota,5,Si
7914,IA_facil,18,Derrota,5,Si
7914,IA_medio,21,Empate,5,Si
7914,IA_dificil,21,Empate,5,Si
7915,IA_facil,19,Derrota,6,Si
7915,IA_medio,20,Victoria,6,Si
7915,IA_dificil,19,Derrota,5,Si
7916,IA_facil,17,Derrota,5,Si
7916,IA_medio,20,Victoria,5,Si
7916,IA_dificil,23,Derrota,5,Si
7917,IA_facil,21,Victoria,7,Si
7917,IA_medio,18,Derrota,5,Si
7917,IA_dificil,20,Derrota,5,Si
7918,IA_facil,18,Empate,6,Si
7918,IA_medio,17,Derrota,5,Si
7918,IA_dificil,18,Empate,6,Si
7919,IA_facil,20,Empate,5,Si
7919,IA_medio,19,Derrota,4,Si
7919,IA_dificil,20,Empate,6,Si
7920,IA_facil,18,Empate,4,Si
7920,IA_medio,23,Derrota,6,Si
7920,IA_dificil,18,Empate,5,Si
7921,IA_facil,19,Derrota,5,Si
7921,IA_medio,21,Victoria,5,Si
7921,IA_dificil,18,Derrota,4,Si
7922,IA_facil,18,Derrota,6,Si
7922,IA_medio,21,Victoria,5,Si
7922,IA_dificil,17,Derrota,4,Si
7923,IA_facil,17,Derrota,5,Si
7923,IA_medio,20,Empate,6,Si
7923,IA_dificil,20,Empate,7,Si
7924,IA_facil,20,Victoria,6,Si
7924,IA_medio,22,Derrota,5,Si
7924,IA_dificil,18,Derrota,4,Si
7925,IA_facil,20,Victoria,7,Si
7925,IA_medio,17,Derrota,5,Si
7925,IA_dificil,18,Derrota,6,Si
7926,IA_facil,20,Victoria,4,Si
7926,IA_medio,19,Derrota,4,Si
7926,IA_dificil,18,Derrota,5,Si
7927,IA_facil,21,Victoria,5,Si
7927,IA_medio,20,Derrota,5,Si
7927,IA_dificil,20,Derrota,5,Si
7928,IA_facil,21,Victoria,6,Si
7928,IA_medio,20,Derrota,4,Si
7928,IA_dificil,17,Derrota,7,Si
7929,IA_facil,17,Derrota,4,Si
7929,IA_medio,18,Victoria,6,Si
7929,IA_dificil,17,Derrota,6,Si
7930,IA_facil,19,Derrota,4,Si
7930,IA_medio,23,Derrota,8,Si
7930,IA_dificil,21,Victoria,5,Si
7931,IA_facil,17,Derrota,4,Si
7931,IA_medio,19,Victoria,5,Si
7931,IA_dificil,17,Derrota,4,Si
7932,IA_facil,19,Empate,5,Si
7932,IA_medio,18,Derrota,6,Si
7932,IA_dificil,19,Empate,5,Si
7933,IA_facil,18,Derrota,6,Si
7933,IA_medio,24,Derrota,6,Si
7933,IA_dificil,19,Victoria,5,Si
7934,IA_facil,18,Derrota,5,Si
7934,IA_medio,17,Derrota,6,Si
7934,IA_dificil,21,Victoria,4,Si
7935,IA_facil,19,Derrota,8,Si
7935,IA_medio,20,Victoria,7,Si
7935,IA_dificil,17,Derrota,7,Si
7936,IA_facil,21,Victoria,6,Si
7936,IA_medio,18,Derrota,5,Si
7936,IA_dificil,18,Derrota,4,Si
7937,IA_facil,17,Derrota,6,Si
7937,IA_medio,20,Victoria,6,Si
7937,IA_dificil,19,Derrota,4,Si
7938,IA_facil,21,Victoria,6,Si
7938,IA_medio,20,Derrota,5,Si
7938,IA_dificil,17,Derrota,3,Si
7939,IA_facil,17,Derrota,6,Si
7939,IA_medio,23,Derrota,6,Si
7939,IA_dificil,19,Victoria,5,Si
7940,IA_facil,19,Derrota,4,Si
7940,IA_medio,20,Victoria,6,Si
7940,IA_dificil,18,Derrota,4,Si
7941,IA_facil,19,Victoria,4,Si
7941,IA_medio,22,Derrota,6,Si
7941,IA_dificil,17,Derrota,5,Si
7942,IA_facil,18,Empate,5,Si
7942,IA_medio,23,Derrota,7,Si
7942,IA_dificil,18,Empate,7,Si
7943,IA_facil,17,Derrota,7,Si
7943,IA_medio,19,Derrota,4,Si
7943,IA_dificil,20,Victoria,6,Si
7944,IA_facil,18,Derrota,5,Si
7944,IA_medio,22,Derrota,7,Si
7944,IA_dificil,19,Victoria,5,Si
7945,IA_facil,19,Victoria,5,Si
7945,IA_medio,23,Derrota,6,Si
7945,IA_dificil,17,Derrota,4,Si
7946,IA_facil,19,Derrota,6,Si
7946,IA_medio,20,Victoria,6,Si
7946,IA_dificil,18,Derrota,5,Si
7947,IA_facil,17,Derrota,7,Si
7947,IA_medio,20,Derrota,7,Si
7947,IA_dificil,21,Victoria,4,Si
7948,IA_facil,17,Derrota,6,Si
7948,IA_medio,21,Empate,7,Si
7948,IA_dificil,21,Empate,6,Si
7949,IA_facil,19,Empate,5,Si
7949,IA_medio,18,Derrota,8,Si
7949,IA_dificil,19,Empate,6,Si
7950,IA_facil,20,Victoria,7,Si
7950,IA_medio,25,Derrota,8,Si
7950,IA_dificil,17,Derrota,6,Si
7951,IA_facil,22,Derrota,6,Si
7951,IA_medio,20,Empate,5,Si
7951,IA_dificil,20,Empate,5,Si
7952,IA_facil,22,Derrota,7,Si
7952,IA_medio,20,Victoria,5,Si
7952,IA_dificil,17,Derrota,3,Si
7953,IA_facil,22,Derrota,5,Si
7953,IA_medio,23,Derrota,7,Si
7953,IA_dificil,21,Victoria,4,Si
7954,IA_facil,18,Derrota,6,Si
7954,IA_medio,18,Derrota,5,Si
7954,IA_dificil,19,Victoria,6,Si
7955,IA_facil,19,Empate,5,Si
7955,IA_medio,19,Empate,6,Si
7955,IA_dificil,25,Derrota,6,Si
7956,IA_facil,18,Derrota,5,Si
7956,IA_medio,18,Derrota,9,Si
7956,IA_dificil,20,Victoria,5,Si
7957,IA_facil,20,Empate,8,Si
7957,IA_medio,20,Empate,5,Si
7957,IA_dificil,18,Derrota,6,Si
7958,IA_facil,20,Victoria,7,Si
7958,IA_medio,17,Derrota,4,Si
7958,IA_dificil,18,Derrota,4,Si
7959,IA_facil,17,Derrota,6,Si
7959,IA_medio,19,Victoria,6,Si
7959,IA_dificil,17,Derrota,4,Si
7960,IA_facil,17,Empate,7,Si
7960,IA_medio,22,Derrota,6,Si
7960,IA_dificil,17,Empate,3,Si
7961,IA_facil,18,Derrota,6,Si
7961,IA_medio,20,Victoria,6,Si
7961,IA_dificil,18,Derrota,6,Si
7962,IA_facil,22,Derrota,5,Si
7962,IA_medio,23,Derrota,5,Si
7962,IA_dificil,21,Victoria,5,Si
7963,IA_facil,20,Victoria,6,Si
7963,IA_medio,22,Derrota,7,Si
7963,IA_dificil,19,Derrota,9,Si
7964,IA_facil,17,Empate,4,Si
7964,IA_medio,22,Derrota,4,Si
7964,IA_dificil,17,Empate,5,Si
7965,IA_facil,17,Derrota,4,Si
7965,IA_medio,19,Derrota,4,Si
7965,IA_dificil,20,Victoria,6,Si
7966,IA_facil,17,Derrota,4,Si
7966,IA_medio,17,Derrota,5,Si
7966,IA_dificil,19,Victoria,5,Si
7967,IA_facil,21,Victoria,5,Si
7967,IA_medio,20,Derrota,5,Si
7967,IA_dificil,20,Derrota,6,Si
7968,IA_facil,19,Derrota,5,Si
7968,IA_medio,20,Victoria,5,Si
7968,IA_dificil,17,Derrota,6,Si
7969,IA_facil,18,Victoria,4,Si
7969,IA_medio,24,Derrota,7,Si
7969,IA_dificil,17,Derrota,4,Si
7970,IA_facil,18,Derrota,5,Si
7970,IA_medio,20,Victoria,6,Si
7970,IA_dificil,17,Derrota,4,Si
7971,IA_facil,17,Derrota,4,Si
7971,IA_medio,21,Victoria,6,Si
7971,IA_dificil,20,Derrota,4,Si
7972,IA_facil,17,Derrota,4,Si
7972,IA_medio,21,Victoria,9,Si
7972,IA_dificil,19,Derrota,6,Si
7973,IA_facil,17,Derrota,5,Si
7973,IA_medio,20,Empate,6,Si
7973,IA_dificil,20,Empate,6,Si
7974,IA_facil,17,Derrota,4,Si
7974,IA_medio,19,Victoria,4,Si
7974,IA_dificil,17,Derrota,3,Si
7975,IA_facil,19,Derrota,5,Si
7975,IA_medio,21,Empate,7,Si
7975,IA_dificil,21,Empate,6,Si
7976,IA_facil,17,Derrota,7,Si
7976,IA_medio,17,Derrota,5,Si
7976,IA_dificil,21,Victoria,6,Si
7977,IA_facil,20,Victoria,5,Si
7977,IA_medio,22,Derrota,6,Si
7977,IA_dificil,19,Derrota,7,Si
7978,IA_facil,19,Derrota,5,Si
7978,IA_medio,21,Victoria,5,Si
7978,IA_dificil,17,Derrota,5,Si
7979,IA_facil,18,Empate,6,Si
7979,IA_medio,18,Empate,4,Si
7979,IA_dificil,17,Derrota,3,Si
7980,IA_facil,17,Derrota,5,Si
7980,IA_medio,21,Victoria,4,Si
7980,IA_dificil,23,Derrota,8,Si
7981,IA_facil,20,Derrota,4,Si
7981,IA_medio,17,Derrota,4,Si
7981,IA_dificil,21,Victoria,8,Si
7982,IA_facil,17,Derrota,7,Si
7982,IA_medio,20,Empate,5,Si
7982,IA_dificil,20,Empate,6,Si
7983,IA_facil,19,Derrota,4,Si
7983,IA_medio,17,Derrota,5,Si
7983,IA_dificil,21,Victoria,6,Si
7984,IA_facil,18,Derrota,7,Si
7984,IA_medio,25,Derrota,5,Si
7984,IA_dificil,19,Victoria,7,Si
7985,IA_facil,22,Derrota,7,Si
7985,IA_medio,23,Derrota,5,Si
7985,IA_dificil,21,Victoria,5,Si
7986,IA_facil,19,Derrota,5,Si
7986,IA_medio,25,Derrota,6,Si
7986,IA_dificil,21,Victoria,7,Si
7987,IA_facil,19,Derrota,6,Si
7987,IA_medio,18,Derrota,5,Si
7987,IA_dificil,21,Victoria,5,Si
7988,IA_facil,19,Derrota,6,Si
7988,IA_medio,21,Victoria,7,Si
7988,IA_dificil,17,Derrota,5,Si
7989,IA_facil,20,Derrota,8,Si
7989,IA_medio,21,Victoria,5,Si
7989,IA_dificil,22,Derrota,7,Si
7990,IA_facil,18,Victoria,6,Si
7990,IA_medio,23,Derrota,8,Si
7990,IA_dificil,22,Derrota,5,Si
7991,IA_facil,19,Derrota,4,Si
7991,IA_medio,24,Derrota,7,Si
7991,IA_dificil,20,Victoria,7,Si
7992,IA_facil,17,Derrota,6,Si
7992,IA_medio,19,Derrota,7,Si
7992,IA_dificil,21,Victoria,7,Si
7993,IA_facil,19,Derrota,6,Si
7993,IA_medio,17,Derrota,5,Si
7993,IA_dificil,21,Victoria,6,Si
7994,IA_facil,17,Derrota,5,Si
7994,IA_medio,19,Victoria,5,Si
7994,IA_dificil,25,Derrota,5,Si
7995,IA_facil,17,Empate,5,Si
7995,IA_medio,17,Empate,5,Si
7995,IA_dificil,23,Derrota,6,Si
7996,IA_facil,20,Derrota,6,Si
7996,IA_medio,21,Victoria,7,Si
7996,IA_dificil,24,Derrota,7,Si
7997,IA_facil,19,Victoria,5,Si
7997,IA_medio,22,Derrota,7,Si
7997,IA_dificil,24,Derrota,6,Si
7998,IA_facil,18,Victoria,4,Si
7998,IA_medio,22,Derrota,5,Si
7998,IA_dificil,24,Derrota,6,Si
7999,IA_facil,17,Derrota,4,Si
7999,IA_medio,21,Victoria,5,Si
7999,IA_dificil,17,Derrota,7,Si
8000,IA_facil,22,Derrota,6,Si
8000,IA_medio,19,Victoria,5,Si
8000,IA_dificil,23,Derrota,6,Si
8001,IA_facil,18,Derrota,5,Si
8001,IA_medio,22,Derrota,5,Si
8001,IA_dificil,21,Victoria,8,Si
8002,IA_facil,18,Derrota,6,Si
8002,IA_medio,18,Derrota,6,Si
8002,IA_dificil,21,Victoria,6,Si
8003,IA_facil,18,Victoria,7,Si
8003,IA_medio,17,Derrota,4,Si
8003,IA_dificil,22,Derrota,7,Si
8004,IA_facil,17,Derrota,6,Si
8004,IA_medio,22,Derrota,6,Si
8004,IA_dificil,21,Victoria,6,Si
8005,IA_facil,18,Derrota,5,Si
8005,IA_medio,17,Derrota,5,Si
8005,IA_dificil,21,Victoria,6,Si
8006,IA_facil,21,Victoria,5,Si
8006,IA_medio,22,Derrota,6,Si
8006,IA_dificil,20,Derrota,8,Si
8007,IA_facil,19,Victoria,6,Si
8007,IA_medio,18,Derrota,7,Si
8007,IA_dificil,17,Derrota,7,Si
8008,IA_facil,20,Derrota,5,Si
8008,IA_medio,21,Empate,6,Si
8008,IA_dificil,21,Empate,7,Si
8009,IA_facil,20,Derrota,10,Si
8009,IA_medio,19,Derrota,6,Si
8009,IA_dificil,21,Victoria,5,Si
8010,IA_facil,19,Victoria,4,Si
8010,IA_medio,23,Derrota,6,Si
8010,IA_dificil,18,Derrota,5,Si
8011,IA_facil,17,Derrota,6,Si
8011,IA_medio,18,Victoria,6,Si
8011,IA_dificil,17,Derrota,5,Si
8012,IA_facil,21,Victoria,5,Si
8012,IA_medio,20,Derrota,5,Si
8012,IA_dificil,20,Derrota,5,Si
8013,IA_facil,20,Victoria,6,Si
8013,IA_medio,19,Derrota,8,Si
8013,IA_dificil,17,Derrota,5,Si
8014,IA_facil,20,Derrota,5,Si
8014,IA_medio,22,Derrota,6,Si
8014,IA_dificil,21,Victoria,5,Si
8015,IA_facil,17,Empate,5,Si
8015,IA_medio,24,Derrota,5,Si
8015,IA_dificil,17,Empate,5,Si
8016,IA_facil,19,Derrota,5,Si
8016,IA_medio,20,Victoria,6,Si
8016,IA_dificil,18,Derrota,5,Si
8017,IA_facil,17,Derrota,5,Si
8017,IA_medio,20,Victoria,8,Si
8017,IA_dificil,17,Derrota,4,Si
8018,IA_facil,19,Derrota,4,Si
8018,IA_medio,21,Victoria,6,Si
8018,IA_dificil,20,Derrota,5,Si
8019,IA_facil,17,Derrota,4,Si
8019,IA_medio,17,Derrota,5,Si
8019,IA_dificil,21,Victoria,6,Si
8020,IA_facil,17,Derrota,8,Si
8020,IA_medio,17,Derrota,6,Si
8020,IA_dificil,20,Victoria,4,Si
8021,IA_facil,17,Derrota,6,Si
8021,IA_medio,21,Victoria,5,Si
8021,IA_dificil,23,Derrota,6,Si
8022,IA_facil,21,Victoria,6,Si
8022,IA_medio,22,Derrota,6,Si
8022,IA_dificil,18,Derrota,4,Si
8023,IA_facil,18,Derrota,5,Si
8023,IA_medio,21,Victoria,6,Si
8023,IA_dificil,20,Derrota,4,Si
8024,IA_facil,19,Derrota,5,Si
8024,IA_medio,21,Victoria,7,Si
8024,IA_dificil,20,Derrota,5,Si
8025,IA_facil,17,Derrota,4,Si
8025,IA_medio,20,Victoria,4,Si
8025,IA_dificil,19,Derrota,5,Si
8026,IA_facil,17,Derrota,4,Si
8026,IA_medio,19,Victoria,7,Si
8026,IA_dificil,18,Derrota,6,Si
8027,IA_facil,19,Derrota,5,Si
8027,IA_medio,20,Victoria,6,Si
8027,IA_dificil,22,Derrota,6,Si
8028,IA_facil,17,Derrota,5,Si
8028,IA_medio,24,Derrota,6,Si
8028,IA_dificil,20,Victoria,6,Si
8029,IA_facil,22,Derrota,4,Si
8029,IA_medio,17,Victoria,4,Si
8029,IA_dificil,24,Derrota,5,Si
8030,IA_facil,18,Derrota,4,Si
8030,IA_medio,19,Victoria,6,Si
8030,IA_dificil,18,Derrota,4,Si
8031,IA_facil,20,Victoria,7,Si
8031,IA_medio,17,Derrota,5,Si
8031,IA_dificil,19,Derrota,6,Si
8032,IA_facil,19,Derrota,5,Si
8032,IA_medio,24,Derrota,7,Si
8032,IA_dificil,21,Victoria,7,Si
8033,IA_facil,17,Derrota,4,Si
8033,IA_medio,18,Victoria,6,Si
8033,IA_dificil,22,Derrota,5,Si
8034,IA_facil,18,Derrota,5,Si
8034,IA_medio,21,Victoria,5,Si
8034,IA_dificil,20,Derrota,6,Si
8035,IA_facil,19,Empate,7,Si
8035,IA_medio,19,Empate,5,Si
8035,IA_dificil,18,Derrota,7,Si
8036,IA_facil,17,Derrota,5,Si
8036,IA_medio,21,Victoria,5,Si
8036,IA_dificil,20,Derrota,5,Si
8037,IA_facil,18,Derrota,4,Si
8037,IA_medio,20,Victoria,5,Si
8037,IA_dificil,17,Derrota,6,Si
8038,IA_facil,21,Victoria,6,Si
8038,IA_medio,17,Derrota,4,Si
8038,IA_dificil,23,Derrota,6,Si
8039,IA_facil,20,Victoria,4,Si
8039,IA_medio,17,Derrota,4,Si
8039,IA_dificil,22,Derrota,6,Si
8040,IA_facil,17,Derrota,4,Si
8040,IA_medio,21,Empate,8,Si
8040,IA_dificil,21,Empate,5,Si
8041,IA_facil,19,Victoria,4,Si
8041,IA_medio,17,Derrota,6,Si
8041,IA_dificil,18,Derrota,5,Si
8042,IA_facil,20,Derrota,7,Si
8042,IA_medio,21,Victoria,6,Si
8042,IA_dificil,19,Derrota,4,Si
8043,IA_facil,22,Derrota,8,Si
8043,IA_medio,20,Derrota,6,Si
8043,IA_dificil,21,Victoria,6,Si
8044,IA_facil,18,Empate,6,Si
8044,IA_medio,18,Empate,4,Si
8044,IA_dificil,24,Derrota,6,Si
8045,IA_facil,17,Derrota,5,Si
8045,IA_medio,20,Victoria,5,Si
8045,IA_dificil,22,Derrota,6,Si
8046,IA_facil,20,Derrota,6,Si
8046,IA_medio,24,Derrota,6,Si
8046,IA_dificil,21,Victoria,5,Si
8047,IA_facil,22,Derrota,6,Si
8047,IA_medio,20,Victoria,7,Si
8047,IA_dificil,17,Derrota,5,Si
8048,IA_facil,20,Empate,5,Si
8048,IA_medio,20,Empate,6,Si
8048,IA_dificil,17,Derrota,5,Si
8049,IA_facil,20,Derrota,5,Si
8049,IA_medio,22,Derrota,4,Si
8049,IA_dificil,21,Victoria,5,Si
8050,IA_facil,19,Derrota,5,Si
8050,IA_medio,20,Victoria,4,Si
8050,IA_dificil,17,Derrota,6,Si
8051,IA_facil,17,Derrota,5,Si
8051,IA_medio,21,Victoria,6,Si
8051,IA_dificil,23,Derrota,5,Si
8052,IA_facil,20,Empate,6,Si
8052,IA_medio,24,Derrota,5,Si
8052,IA_dificil,20,Empate,6,Si
8053,IA_facil,19,Derrota,4,Si
8053,IA_medio,19,Derrota,4,Si
8053,IA_dificil,21,Victoria,6,Si
8054,IA_facil,19,Derrota,5,Si
8054,IA_medio,20,Derrota,7,Si
8054,IA_dificil,21,Victoria,6,Si
8055,IA_facil,21,Victoria,6,Si
8055,IA_medio,20,Derrota,6,Si
8055,IA_dificil,17,Derrota,5,Si
8056,IA_facil,19,Derrota,6,Si
8056,IA_medio,17,Derrota,4,Si
8056,IA_dificil,20,Victoria,7,Si
8057,IA_facil,18,Derrota,5,Si
8057,IA_medio,20,Victoria,5,Si
8057,IA_dificil,17,Derrota,5,Si
8058,IA_facil,17,Derrota,3,Si
8058,IA_medio,21,Victoria,5,Si
8058,IA_dificil,18,Derrota,5,Si
8059,IA_facil,17,Derrota,6,Si
8059,IA_medio,20,Victoria,5,Si
8059,IA_dificil,22,Derrota,6,Si
8060,IA_facil,20,Derrota,5,Si
8060,IA_medio,21,Victoria,6,Si
8060,IA_dificil,18,Derrota,5,Si
8061,IA_facil,17,Derrota,6,Si
8061,IA_medio,22,Derrota,5,Si
8061,IA_dificil,18,Victoria,5,Si
8062,IA_facil,20,Derrota,5,Si
8062,IA_medio,21,Empate,7,Si
8062,IA_dificil,21,Empate,5,Si
8063,IA_facil,21,Victoria,5,Si
8063,IA_medio,18,Derrota,6,Si
8063,IA_dificil,19,Derrota,7,Si
8064,IA_facil,20,Victoria,6,Si
8064,IA_medio,17,Derrota,7,Si
8064,IA_dificil,19,Derrota,6,Si
8065,IA_facil,18,Derrota,4,Si
8065,IA_medio,17,Derrota,5,Si
8065,IA_dificil,21,Victoria,6,Si
8066,IA_facil,21,Empate,6,Si
8066,IA_medio,20,Derrota,5,Si
8066,IA_dificil,21,Empate,5,Si
8067,IA_facil,20,Victoria,5,Si
8067,IA_medio,18,Derrota,5,Si
8067,IA_dificil,18,Derrota,4,Si
8068,IA_facil,17,Derrota,6,Si
8068,IA_medio,23,Derrota,5,Si
8068,IA_dificil,18,Victoria,3,Si
8069,IA_facil,21,Victoria,4,Si
8069,IA_medio,20,Derrota,8,Si
8069,IA_dificil,22,Derrota,4,Si
8070,IA_facil,17,Derrota,5,Si
8070,IA_medio,20,Victoria,5,Si
8070,IA_dificil,19,Derrota,6,Si
8071,IA_facil,19,Derrota,5,Si
8071,IA_medio,21,Victoria,7,Si
8071,IA_dificil,19,Derrota,5,Si
8072,IA_facil,21,Victoria,7,Si
8072,IA_medio,24,Derrota,7,Si
8072,IA_dificil,22,Derrota,5,Si
8073,IA_facil,19,Victoria,5,Si
8073,IA_medio,22,Derrota,5,Si
8073,IA_dificil,18,Derrota,8,Si
8074,IA_facil,20,Empate,4,Si
8074,IA_medio,20,Empate,7,Si
8074,IA_dificil,19,Derrota,5,Si
8075,IA_facil,19,Derrota,6,Si
8075,IA_medio,20,Victoria,5,Si
8075,IA_dificil,19,Derrota,6,Si
8076,IA_facil,17,Derrota,6,Si
8076,IA_medio,17,Derrota,5,Si
8076,IA_dificil,18,Victoria,6,Si
8077,IA_facil,20,Empate,5,Si
8077,IA_medio,20,Empate,7,Si
8077,IA_dificil,19,Derrota,6,Si
8078,IA_facil,20,Victoria,6,Si
8078,IA_medio,18,Derrota,4,Si
8078,IA_dificil,24,Derrota,5,Si
8079,IA_facil,18,Victoria,4,Si
8079,IA_medio,23,Derrota,8,Si
8079,IA_dificil,22,Derrota,5,Si
8080,IA_facil,19,Derrota,7,Si
8080,IA_medio,17,Derrota,6,Si
8080,IA_dificil,20,Victoria,6,Si
8081,IA_facil,21,Empate,7,Si
8081,IA_medio,22,Derrota,5,Si
8081,IA_dificil,21,Empate,5,Si
8082,IA_facil,18,Victoria,5,Si
8082,IA_medio,17,Derrota,4,Si
8082,IA_dificil,22,Derrota,6,Si
8083,IA_facil,18,Derrota,5,Si
8083,IA_medio,25,Derrota,5,Si
8083,IA_dificil,20,Victoria,5,Si
8084,IA_facil,19,Victoria,6,Si
8084,IA_medio,17,Derrota,4,Si
8084,IA_dificil,18,Derrota,4,Si
8085,IA_facil,18,Empate,5,Si
8085,IA_medio,24,Derrota,5,Si
8085,IA_dificil,18,Empate,7,Si
8086,IA_facil,17,Derrota,4,Si
8086,IA_medio,20,Derrota,5,Si
8086,IA_dificil,21,Victoria,6,Si
8087,IA_facil,21,Empate,5,Si
8087,IA_medio,21,Empate,5,Si
8087,IA_dificil,25,Derrota,6,Si
8088,IA_facil,17,Derrota,5,Si
8088,IA_medio,18,Victoria,7,Si
8088,IA_dificil,17,Derrota,4,Si
8089,IA_facil,18,Derrota,5,Si
8089,IA_medio,19,Derrota,6,Si
8089,IA_dificil,21,Victoria,5,Si
8090,IA_facil,17,Derrota,5,Si
8090,IA_medio,18,Derrota,8,Si
8090,IA_dificil,19,Victoria,8,Si
8091,IA_facil,17,Derrota,4,Si
8091,IA_medio,18,Empate,4,Si
8091,IA_dificil,18,Empate,6,Si
8092,IA_facil,19,Victoria,4,Si
8092,IA_medio,22,Derrota,8,Si
8092,IA_dificil,24,Derrota,9,Si
8093,IA_facil,17,Derrota,4,Si
8093,IA_medio,17,Derrota,4,Si
8093,IA_dificil,18,Victoria,5,Si
8094,IA_facil,18,Victoria,5,Si
8094,IA_medio,17,Derrota,5,Si
8094,IA_dificil,17,Derrota,6,Si
8095,IA_facil,19,Victoria,4,Si
8095,IA_medio,18,Derrota,4,Si
8095,IA_dificil,22,Derrota,8,Si
8096,IA_facil,17,Derrota,7,Si
8096,IA_medio,20,Derrota,7,Si
8096,IA_dificil,21,Victoria,8,Si
8097,IA_facil,17,Derrota,6,Si
8097,IA_medio,19,Victoria,5,Si
8097,IA_dificil,22,Derrota,6,Si
8098,IA_facil,17,Derrota,5,Si
8098,IA_medio,18,Victoria,6,Si
8098,IA_dificil,17,Derrota,5,Si
8099,IA_facil,21,Victoria,5,Si
8099,IA_medio,22,Derrota,6,Si
8099,IA_dificil,18,Derrota,4,Si
8100,IA_facil,21,Empate,6,Si
8100,IA_medio,21,Empate,8,Si
8100,IA_dificil,19,Derrota,7,Si
8101,IA_facil,18,Derrota,6,Si
8101,IA_medio,20,Derrota,7,Si
8101,IA_dificil,21,Victoria,6,Si
8102,IA_facil,19,Victoria,6,Si
8102,IA_medio,18,Derrota,6,Si
8102,IA_dificil,25,Derrota,7,Si
8103,IA_facil,22,Derrota,6,Si
8103,IA_medio,20,Victoria,5,Si
8103,IA_dificil,17,Derrota,5,Si
8104,IA_facil,18,Empate,4,Si
8104,IA_medio,18,Empate,6,Si
8104,IA_dificil,18,Empate,4,Si
8105,IA_facil,18,Victoria,5,Si
8105,IA_medio,17,Derrota,5,Si
8105,IA_dificil,17,Derrota,6,Si
8106,IA_facil,20,Empate,6,Si
8106,IA_medio,20,Empate,6,Si
8106,IA_dificil,19,Derrota,5,Si
8107,IA_facil,17,Derrota,5,Si
8107,IA_medio,19,Empate,5,Si
8107,IA_dificil,19,Empate,5,Si
8108,IA_facil,17,Derrota,5,Si
8108,IA_medio,20,Victoria,6,Si
8108,IA_dificil,18,Derrota,5,Si
8109,IA_facil,20,Empate,5,Si
8109,IA_medio,20,Empate,6,Si
8109,IA_dificil,23,Derrota,4,Si
8110,IA_facil,20,Empate,6,Si
8110,IA_medio,20,Empate,5,Si
8110,IA_dificil,19,Derrota,4,Si
8111,IA_facil,21,Victoria,5,Si
8111,IA_medio,19,Derrota,4,Si
8111,IA_dificil,19,Derrota,4,Si
8112,IA_facil,17,Derrota,6,Si
8112,IA_medio,18,Empate,5,Si
8112,IA_dificil,18,Empate,5,Si
8113,IA_facil,20,Derrota,5,Si
8113,IA_medio,18,Derrota,4,Si
8113,IA_dificil,21,Victoria,5,Si
8114,IA_facil,17,Derrota,4,Si
8114,IA_medio,23,Derrota,5,Si
8114,IA_dificil,19,Victoria,6,Si
8115,IA_facil,17,Derrota,4,Si
8115,IA_medio,21,Victoria,7,Si
8115,IA_dificil,18,Derrota,5,Si
8116,IA_facil,18,Derrota,4,Si
8116,IA_medio,20,Victoria,7,Si
8116,IA_dificil,17,Derrota,6,Si
8117,IA_facil,17,Derrota,4,Si
8117,IA_medio,21,Victoria,7,Si
8117,IA_dificil,20,Derrota,6,Si
8118,IA_facil,17,Derrota,6,Si
8118,IA_medio,19,Derrota,6,Si
8118,IA_dificil,20,Victoria,5,Si
8119,IA_facil,17,Derrota,5,Si
8119,IA_medio,19,Empate,5,Si
8119,IA_dificil,19,Empate,6,Si
8120,IA_facil,19,Derrota,4,Si
8120,IA_medio,21,Victoria,4,Si
8120,IA_dificil,18,Derrota,5,Si
8121,IA_facil,18,Derrota,6,Si
8121,IA_medio,20,Victoria,6,Si
8121,IA_dificil,17,Derrota,5,Si
8122,IA_facil,20,Empate,6,Si
8122,IA_medio,20,Empate,7,Si
8122,IA_dificil,17,Derrota,5,Si
8123,IA_facil,17,Derrota,4,Si
8123,IA_medio,18,Victoria,4,Si
8123,IA_dificil,17,Derrota,5,Si
8124,IA_facil,20,Derrota,4,Si
8124,IA_medio,21,Victoria,6,Si
8124,IA_dificil,17,Derrota,9,Si
8125,IA_facil,21,Victoria,9,Si
8125,IA_medio,18,Derrota,6,Si
8125,IA_dificil,20,Derrota,4,Si
8126,IA_facil,17,Derrota,5,Si
8126,IA_medio,20,Victoria,5,Si
8126,IA_dificil,17,Derrota,5,Si
8127,IA_facil,20,Empate,4,Si
8127,IA_medio,20,Empate,8,Si
8127,IA_dificil,18,Derrota,6,Si
8128,IA_facil,20,Derrota,5,Si
8128,IA_medio,21,Victoria,6,Si
8128,IA_dificil,18,Derrota,3,Si
8129,IA_facil,22,Derrota,6,Si
8129,IA_medio,21,Victoria,5,Si
8129,IA_dificil,17,Derrota,4,Si
8130,IA_facil,17,Derrota,6,Si
8130,IA_medio,20,Victoria,6,Si
8130,IA_dificil,19,Derrota,5,Si
8131,IA_facil,17,Derrota,6,Si
8131,IA_medio,18,Victoria,6,Si
8131,IA_dificil,17,Derrota,4,Si
8132,IA_facil,18,Empate,4,Si
8132,IA_medio,23,Derrota,7,Si
8132,IA_dificil,18,Empate,5,Si
8133,IA_facil,17,Derrota,5,Si
8133,IA_medio,22,Derrota,8,Si
8133,IA_dificil,19,Victoria,6,Si
8134,IA_facil,18,Derrota,4,Si
8134,IA_medio,20,Victoria,5,Si
8134,IA_dificil,23,Derrota,7,Si
8135,IA_facil,18,Derrota,5,Si
8135,IA_medio,18,Derrota,5,Si
8135,IA_dificil,19,Victoria,5,Si
8136,IA_facil,20,Empate,5,Si
8136,IA_medio,25,Derrota,8,Si
8136,IA_dificil,20,Empate,7,Si
8137,IA_facil,19,Empate,6,Si
8137,IA_medio,19,Empate,5,Si
8137,IA_dificil,22,Derrota,4,Si
8138,IA_facil,17,Empate,5,Si
8138,IA_medio,17,Empate,6,Si
8138,IA_dificil,23,Derrota,8,Si
8139,IA_facil,20,Victoria,8,Si
8139,IA_medio,23,Derrota,6,Si
8139,IA_dificil,19,Derrota,7,Si
8140,IA_facil,17,Derrota,4,Si
8140,IA_medio,20,Empate,5,Si
8140,IA_dificil,20,Empate,6,Si
8141,IA_facil,20,Victoria,5,Si
8141,IA_medio,18,Derrota,6,Si
8141,IA_dificil,17,Derrota,4,Si
8142,IA_facil,17,Derrota,4,Si
8142,IA_medio,19,Empate,6,Si
8142,IA_dificil,19,Empate,7,Si
8143,IA_facil,18,Derrota,3,Si
8143,IA_medio,19,Empate,5,Si
8143,IA_dificil,19,Empate,6,Si
8144,IA_facil,18,Derrota,4,Si
8144,IA_medio,17,Derrota,5,Si
8144,IA_dificil,19,Victoria,5,Si
8145,IA_facil,17,Derrota,6,Si
8145,IA_medio,20,Victoria,4,Si
8145,IA_dificil,18,Derrota,5,Si
8146,IA_facil,19,Derrota,5,Si
8146,IA_medio,19,Derrota,5,Si
8146,IA_dificil,21,Victoria,5,Si
8147,IA_facil,19,Victoria,5,Si
8147,IA_medio,18,Derrota,5,Si
8147,IA_dificil,18,Derrota,4,Si
8148,IA_facil,19,Empate,6,Si
8148,IA_medio,22,Derrota,8,Si
8148,IA_dificil,19,Empate,7,Si
8149,IA_facil,17,Empate,7,Si
8149,IA_medio,17,Empate,4,Si
8149,IA_dificil,17,Empate,5,Si
8150,IA_facil,18,Derrota,5,Si
8150,IA_medio,21,Victoria,5,Si
8150,IA_dificil,18,Derrota,5,Si
8151,IA_facil,18,Victoria,5,Si
8151,IA_medio,23,Derrota,6,Si
8151,IA_dificil,22,Derrota,6,Si
8152,IA_facil,17,Empate,5,Si
8152,IA_medio,24,Derrota,5,Si
8152,IA_dificil,17,Empate,3,Si
8153,IA_facil,17,Derrota,4,Si
8153,IA_medio,23,Derrota,9,Si
8153,IA_dificil,19,Victoria,6,Si
8154,IA_facil,21,Victoria,5,Si
8154,IA_medio,17,Derrota,6,Si
8154,IA_dificil,19,Derrota,4,Si
8155,IA_facil,19,Victoria,5,Si
8155,IA_medio,17,Derrota,5,Si
8155,IA_dificil,18,Derrota,5,Si
8156,IA_facil,19,Victoria,5,Si
8156,IA_medio,18,Derrota,4,Si
8156,IA_dificil,24,Derrota,5,Si
8157,IA_facil,18,Derrota,5,Si
8157,IA_medio,21,Victoria,4,Si
8157,IA_dificil,17,Derrota,4,Si
8158,IA_facil,19,Derrota,5,Si
8158,IA_medio,20,Victoria,6,Si
8158,IA_dificil,19,Derrota,7,Si
8159,IA_facil,17,Derrota,5,Si
8159,IA_medio,21,Victoria,7,Si
8159,IA_dificil,17,Derrota,3,Si
8160,IA_facil,18,Victoria,4,Si
8160,IA_medio,22,Derrota,6,Si
8160,IA_dificil,17,Derrota,4,Si
8161,IA_facil,19,Victoria,5,Si
8161,IA_medio,23,Derrota,6,Si
8161,IA_dificil,17,Derrota,7,Si
8162,IA_facil,18,Empate,4,Si
8162,IA_medio,18,Empate,5,Si
8162,IA_dificil,22,Derrota,6,Si
8163,IA_facil,21,Victoria,6,Si
8163,IA_medio,22,Derrota,6,Si
8163,IA_dificil,20,Derrota,6,Si
8164,IA_facil,17,Empate,5,Si
8164,IA_medio,17,Empate,7,Si
8164,IA_dificil,17,Empate,5,Si
8165,IA_facil,17,Derrota,4,Si
8165,IA_medio,19,Empate,5,Si
8165,IA_dificil,19,Empate,5,Si
8166,IA_facil,17,Derrota,6,Si
8166,IA_medio,20,Victoria,7,Si
8166,IA_dificil,17,Derrota,5,Si
8167,IA_facil,17,Victoria,4,Si
8167,IA_medio,23,Derrota,6,Si
8167,IA_dificil,22,Derrota,5,Si
8168,IA_facil,18,Derrota,5,Si
8168,IA_medio,20,Derrota,5,Si
8168,IA_dificil,21,Victoria,4,Si
8169,IA_facil,17,Derrota,4,Si
8169,IA_medio,19,Derrota,7,Si
8169,IA_dificil,20,Victoria,5,Si
8170,IA_facil,19,Victoria,4,Si
8170,IA_medio,17,Derrota,4,Si
8170,IA_dificil,18,Derrota,5,Si
8171,IA_facil,18,Derrota,5,Si
8171,IA_medio,19,Victoria,4,Si
8171,IA_dificil,18,Derrota,5,Si
8172,IA_facil,22,Derrota,7,Si
8172,IA_medio,20,Victoria,8,Si
8172,IA_dificil,17,Derrota,6,Si
8173,IA_facil,17,Empate,5,Si
8173,IA_medio,22,Derrota,4,Si
8173,IA_dificil,17,Empate,5,Si
8174,IA_facil,18,Empate,4,Si
8174,IA_medio,22,Derrota,8,Si
8174,IA_dificil,18,Empate,5,Si
8175,IA_facil,21,Victoria,4,Si
8175,IA_medio,20,Derrota,4,Si
8175,IA_dificil,17,Derrota,4,Si
8176,IA_facil,19,Derrota,6,Si
8176,IA_medio,22,Derrota,6,Si
8176,IA_dificil,20,Victoria,6,Si
8177,IA_facil,17,Victoria,4,Si
8177,IA_medio,24,Derrota,7,Si
8177,IA_dificil,23,Derrota,7,Si
8178,IA_facil,18,Empate,5,Si
8178,IA_medio,17,Derrota,6,Si
8178,IA_dificil,18,Empate,5,Si
8179,IA_facil,20,Empate,5,Si
8179,IA_medio,20,Empate,6,Si
8179,IA_dificil,18,Derrota,4,Si
8180,IA_facil,17,Victoria,4,Si
8180,IA_medio,22,Derrota,5,Si
8180,IA_dificil,23,Derrota,7,Si
8181,IA_facil,17,Empate,4,Si
8181,IA_medio,25,Derrota,7,Si
8181,IA_dificil,17,Empate,6,Si
8182,IA_facil,19,Derrota,4,Si
8182,IA_medio,21,Victoria,5,Si
8182,IA_dificil,18,Derrota,6,Si
8183,IA_facil,21,Victoria,6,Si
8183,IA_medio,19,Derrota,6,Si
8183,IA_dificil,19,Derrota,4,Si
8184,IA_facil,20,Victoria,4,Si
8184,IA_medio,17,Derrota,6,Si
8184,IA_dificil,17,Derrota,5,Si
8185,IA_facil,17,Derrota,4,Si
8185,IA_medio,25,Derrota,7,Si
8185,IA_dificil,18,Victoria,4,Si
8186,IA_facil,17,Derrota,6,Si
8186,IA_medio,23,Derrota,6,Si
8186,IA_dificil,21,Victoria,5,Si
8187,IA_facil,20,Victoria,4,Si
8187,IA_medio,17,Derrota,5,Si
8187,IA_dificil,17,Derrota,5,Si
8188,IA_facil,21,Victoria,7,Si
8188,IA_medio,23,Derrota,8,Si
8188,IA_dificil,17,Derrota,4,Si
8189,IA_facil,17,Derrota,9,Si
8189,IA_medio,17,Derrota,4,Si
8189,IA_dificil,20,Victoria,5,Si
8190,IA_facil,17,Derrota,4,Si
8190,IA_medio,21,Victoria,5,Si
8190,IA_dificil,20,Derrota,5,Si
8191,IA_facil,19,Derrota,6,Si
8191,IA_medio,18,Derrota,5,Si
8191,IA_dificil,21,Victoria,5,Si
8192,IA_facil,20,Empate,4,Si
8192,IA_medio,17,Derrota,5,Si
8192,IA_dificil,20,Empate,6,Si
8193,IA_facil,18,Derrota,5,Si
8193,IA_medio,19,Derrota,7,Si
8193,IA_dificil,21,Victoria,8,Si
8194,IA_facil,17,Victoria,5,Si
8194,IA_medio,23,Derrota,5,Si
8194,IA_dificil,24,Derrota,5,Si
8195,IA_facil,21,Victoria,5,Si
8195,IA_medio,23,Derrota,6,Si
8195,IA_dificil,22,Derrota,6,Si
8196,IA_facil,18,Derrota,5,Si
8196,IA_medio,21,Victoria,6,Si
8196,IA_dificil,22,Derrota,7,Si
8197,IA_facil,19,Derrota,5,Si
8197,IA_medio,21,Victoria,6,Si
8197,IA_dificil,20,Derrota,5,Si
8198,IA_facil,20,Empate,5,Si
8198,IA_medio,22,Derrota,8,Si
8198,IA_dificil,20,Empate,4,Si
8199,IA_facil,22,Derrota,7,Si
8199,IA_medio,20,Victoria,6,Si
8199,IA_dificil,17,Derrota,5,Si
8200,IA_facil,22,Derrota,4,Si
8200,IA_medio,20,Derrota,7,Si
8200,IA_dificil,21,Victoria,6,Si
8201,IA_facil,17,Derrota,3,Si
8201,IA_medio,19,Victoria,6,Si
8201,IA_dificil,17,Derrota,5,Si
8202,IA_facil,19,Derrota,5,Si
8202,IA_medio,20,Empate,5,Si
8202,IA_dificil,20,Empate,7,Si
8203,IA_facil,18,Victoria,7,Si
8203,IA_medio,24,Derrota,6,Si
8203,IA_dificil,17,Derrota,6,Si
8204,IA_facil,17,Derrota,6,Si
8204,IA_medio,17,Derrota,5,Si
8204,IA_dificil,18,Victoria,6,Si
8205,IA_facil,17,Derrota,6,Si
8205,IA_medio,20,Victoria,4,Si
8205,IA_dificil,23,Derrota,6,Si
8206,IA_facil,18,Derrota,5,Si
8206,IA_medio,17,Derrota,5,Si
8206,IA_dificil,20,Victoria,7,Si
8207,IA_facil,19,Empate,6,Si
8207,IA_medio,17,Derrota,4,Si
8207,IA_dificil,19,Empate,5,Si
8208,IA_facil,18,Victoria,5,Si
8208,IA_medio,17,Derrota,6,Si
8208,IA_dificil,17,Derrota,6,Si
8209,IA_facil,20,Victoria,5,Si
8209,IA_medio,22,Derrota,9,Si
8209,IA_dificil,17,Derrota,5,Si
8210,IA_facil,18,Derrota,5,Si
8210,IA_medio,25,Derrota,6,Si
8210,IA_dificil,19,Victoria,5,Si
8211,IA_facil,17,Derrota,4,Si
8211,IA_medio,21,Victoria,7,Si
8211,IA_dificil,18,Derrota,4,Si
8212,IA_facil,19,Derrota,6,Si
8212,IA_medio,17,Derrota,5,Si
8212,IA_dificil,21,Victoria,4,Si
8213,IA_facil,21,Empate,6,Si
8213,IA_medio,21,Empate,6,Si
8213,IA_dificil,20,Derrota,6,Si
8214,IA_facil,19,Derrota,4,Si
8214,IA_medio,21,Victoria,4,Si
8214,IA_dificil,22,Derrota,7,Si
8215,IA_facil,18,Derrota,5,Si
8215,IA_medio,20,Victoria,7,Si
8215,IA_dificil,22,Derrota,5,Si
8216,IA_facil,21,Empate,5,Si
8216,IA_medio,20,Derrota,6,Si
8216,IA_dificil,21,Empate,7,Si
8217,IA_facil,20,Derrota,6,Si
8217,IA_medio,22,Derrota,7,Si
8217,IA_dificil,21,Victoria,7,Si
8218,IA_facil,21,Victoria,6,Si
8218,IA_medio,20,Derrota,8,Si
8218,IA_dificil,24,Derrota,7,Si
8219,IA_facil,18,Empate,5,Si
8219,IA_medio,17,Derrota,5,Si
8219,IA_dificil,18,Empate,5,Si
8220,IA_facil,19,Empate,5,Si
8220,IA_medio,22,Derrota,6,Si
8220,IA_dificil,19,Empate,4,Si
8221,IA_facil,20,Victoria,5,Si
8221,IA_medio,17,Derrota,5,Si
8221,IA_dificil,18,Derrota,5,Si
8222,IA_facil,19,Derrota,6,Si
8222,IA_medio,21,Victoria,4,Si
8222,IA_dificil,22,Derrota,7,Si
8223,IA_facil,18,Derrota,3,Si
8223,IA_medio,24,Derrota,6,Si
8223,IA_dificil,19,Victoria,6,Si
8224,IA_facil,17,Derrota,4,Si
8224,IA_medio,21,Empate,7,Si
8224,IA_dificil,21,Empate,4,Si
8225,IA_facil,18,Derrota,6,Si
8225,IA_medio,23,Derrota,8,Si
8225,IA_dificil,20,Victoria,5,Si
8226,IA_facil,17,Derrota,5,Si
8226,IA_medio,17,Derrota,4,Si
8226,IA_dificil,18,Victoria,5,Si
8227,IA_facil,22,Derrota,6,Si
8227,IA_medio,21,Empate,6,Si
8227,IA_dificil,21,Empate,4,Si
8228,IA_facil,19,Derrota,5,Si
8228,IA_medio,20,Victoria,5,Si
8228,IA_dificil,22,Derrota,7,Si
8229,IA_facil,21,Victoria,5,Si
8229,IA_medio,20,Derrota,6,Si
8229,IA_dificil,20,Derrota,6,Si
8230,IA_facil,17,Empate,4,Si
8230,IA_medio,22,Derrota,6,Si
8230,IA_dificil,17,Empate,5,Si
8231,IA_facil,19,Victoria,6,Si
8231,IA_medio,17,Derrota,6,Si
8231,IA_dificil,17,Derrota,6,Si
8232,IA_facil,20,Empate,6,Si
8232,IA_medio,20,Empate,7,Si
8232,IA_dificil,20,Empate,5,Si
8233,IA_facil,20,Empate,7,Si
8233,IA_medio,20,Empate,9,Si
8233,IA_dificil,19,Derrota,6,Si
8234,IA_facil,18,Derrota,5,Si
8234,IA_medio,20,Victoria,5,Si
8234,IA_dificil,22,Derrota,6,Si
8235,IA_facil,19,Derrota,6,Si
8235,IA_medio,21,Victoria,5,Si
8235,IA_dificil,17,Derrota,6,Si
8236,IA_facil,19,Victoria,8,Si
8236,IA_medio,24,Derrota,5,Si
8236,IA_dificil,18,Derrota,6,Si
8237,IA_facil,22,Derrota,5,Si
8237,IA_medio,22,Derrota,5,Si
8237,IA_dificil,20,Victoria,4,Si
8238,IA_facil,17,Derrota,4,Si
8238,IA_medio,23,Derrota,6,Si
8238,IA_dificil,19,Victoria,7,Si
8239,IA_facil,21,Victoria,6,Si
8239,IA_medio,24,Derrota,6,Si
8239,IA_dificil,19,Derrota,5,Si
8240,IA_facil,18,Derrota,5,Si
8240,IA_medio,19,Derrota,5,Si
8240,IA_dificil,20,Victoria,5,Si
8241,IA_facil,22,Derrota,6,Si
8241,IA_medio,20,Derrota,6,Si
8241,IA_dificil,21,Victoria,5,Si
8242,IA_facil,19,Derrota,6,Si
8242,IA_medio,21,Victoria,5,Si
8242,IA_dificil,19,Derrota,4,Si
8243,IA_facil,17,Derrota,3,Si
8243,IA_medio,19,Derrota,6,Si
8243,IA_dificil,20,Victoria,4,Si
8244,IA_facil,17,Derrota,4,Si
8244,IA_medio,20,Victoria,5,Si
8244,IA_dificil,22,Derrota,5,Si
8245,IA_facil,18,Derrota,6,Si
8245,IA_medio,19,Derrota,6,Si
8245,IA_dificil,20,Victoria,7,Si
8246,IA_facil,20,Victoria,6,Si
8246,IA_medio,19,Derrota,6,Si
8246,IA_dificil,22,Derrota,7,Si
8247,IA_facil,21,Empate,4,Si
8247,IA_medio,21,Empate,5,Si
8247,IA_dificil,20,Derrota,6,Si
8248,IA_facil,19,Victoria,7,Si
8248,IA_medio,17,Derrota,6,Si
8248,IA_dificil,18,Derrota,7,Si
8249,IA_facil,17,Derrota,3,Si
8249,IA_medio,18,Victoria,5,Si
8249,IA_dificil,17,Derrota,5,Si
8250,IA_facil,17,Derrota,6,Si
8250,IA_medio,18,Victoria,6,Si
8250,IA_dificil,22,Derrota,5,Si
8251,IA_facil,19,Derrota,5,Si
8251,IA_medio,21,Victoria,5,Si
8251,IA_dificil,19,Derrota,5,Si
8252,IA_facil,18,Derrota,4,Si
8252,IA_medio,20,Derrota,6,Si
8252,IA_dificil,21,Victoria,7,Si
8253,IA_facil,18,Victoria,5,Si
8253,IA_medio,22,Derrota,7,Si
8253,IA_dificil,22,Derrota,6,Si
8254,IA_facil,17,Derrota,6,Si
8254,IA_medio,22,Derrota,8,Si
8254,IA_dificil,18,Victoria,4,Si
8255,IA_facil,19,Derrota,6,Si
8255,IA_medio,17,Derrota,5,Si
8255,IA_dificil,20,Victoria,6,Si
8256,IA_facil,17,Empate,6,Si
8256,IA_medio,17,Empate,4,Si
8256,IA_dificil,17,Empate,4,Si
8257,IA_facil,21,Empate,5,Si
8257,IA_medio,21,Empate,9,Si
8257,IA_dificil,20,Derrota,5,Si
8258,IA_facil,19,Derrota,6,Si
8258,IA_medio,21,Victoria,5,Si
8258,IA_dificil,19,Derrota,5,Si
8259,IA_facil,17,Derrota,4,Si
8259,IA_medio,19,Derrota,7,Si
8259,IA_dificil,21,Victoria,7,Si
8260,IA_facil,18,Derrota,5,Si
8260,IA_medio,21,Empate,6,Si
8260,IA_dificil,21,Empate,6,Si
8261,IA_facil,21,Victoria,6,Si
8261,IA_medio,20,Derrota,7,Si
8261,IA_dificil,18,Derrota,4,Si
8262,IA_facil,20,Empate,5,Si
8262,IA_medio,17,Derrota,4,Si
8262,IA_dificil,20,Empate,4,Si
8263,IA_facil,20,Derrota,6,Si
8263,IA_medio,21,Victoria,6,Si
8263,IA_dificil,22,Derrota,7,Si
8264,IA_facil,17,Derrota,3,Si
8264,IA_medio,20,Victoria,5,Si
8264,IA_dificil,17,Derrota,6,Si
8265,IA_facil,18,Derrota,5,Si
8265,IA_medio,19,Derrota,7,Si
8265,IA_dificil,20,Victoria,4,Si
8266,IA_facil,17,Derrota,5,Si
8266,IA_medio,21,Victoria,5,Si
8266,IA_dificil,18,Derrota,5,Si
8267,IA_facil,19,Victoria,5,Si
8267,IA_medio,18,Derrota,6,Si
8267,IA_dificil,18,Derrota,6,Si
8268,IA_facil,17,Derrota,4,Si
8268,IA_medio,18,Empate,6,Si
8268,IA_dificil,18,Empate,5,Si
8269,IA_facil,18,Derrota,4,Si
8269,IA_medio,17,Derrota,4,Si
8269,IA_dificil,20,Victoria,4,Si
8270,IA_facil,18,Derrota,4,Si
8270,IA_medio,21,Victoria,7,Si
8270,IA_dificil,19,Derrota,7,Si
8271,IA_facil,18,Empate,6,Si
8271,IA_medio,17,Derrota,4,Si
8271,IA_dificil,18,Empate,5,Si
8272,IA_facil,20,Empate,6,Si
8272,IA_medio,24,Derrota,6,Si
8272,IA_dificil,20,Empate,6,Si
8273,IA_facil,17,Derrota,5,Si
8273,IA_medio,18,Victoria,6,Si
8273,IA_dificil,17,Derrota,5,Si
8274,IA_facil,22,Derrota,5,Si
8274,IA_medio,24,Derrota,6,Si
8274,IA_dificil,20,Victoria,8,Si
8275,IA_facil,18,Derrota,4,Si
8275,IA_medio,20,Derrota,8,Si
8275,IA_dificil,21,Victoria,5,Si
8276,IA_facil,18,Derrota,5,Si
8276,IA_medio,20,Victoria,4,Si
8276,IA_dificil,19,Derrota,5,Si
8277,IA_facil,17,Derrota,5,Si
8277,IA_medio,20,Empate,4,Si
8277,IA_dificil,20,Empate,5,Si
8278,IA_facil,17,Derrota,8,Si
8278,IA_medio,22,Derrota,8,Si
8278,IA_dificil,20,Victoria,5,Si
8279,IA_facil,19,Derrota,7,Si
8279,IA_medio,17,Derrota,4,Si
8279,IA_dificil,21,Victoria,5,Si
8280,IA_facil,17,Derrota,8,Si
8280,IA_medio,18,Derrota,6,Si
8280,IA_dificil,21,Victoria,7,Si
8281,IA_facil,17,Derrota,4,Si
8281,IA_medio,18,Derrota,5,Si
8281,IA_dificil,19,Victoria,7,Si
8282,IA_facil,21,Victoria,4,Si
8282,IA_medio,20,Derrota,5,Si
8282,IA_dificil,18,Derrota,5,Si
8283,IA_facil,17,Derrota,6,Si
8283,IA_medio,22,Derrota,7,Si
8283,IA_dificil,21,Victoria,7,Si
8284,IA_facil,17,Derrota,4,Si
8284,IA_medio,22,Derrota,5,Si
8284,IA_dificil,19,Victoria,9,Si
8285,IA_facil,18,Derrota,6,Si
8285,IA_medio,23,Derrota,5,Si
8285,IA_dificil,21,Victoria,8,Si
8286,IA_facil,18,Derrota,4,Si
8286,IA_medio,17,Derrota,6,Si
8286,IA_dificil,21,Victoria,7,Si
8287,IA_facil,20,Empate,5,Si
8287,IA_medio,20,Empate,5,Si
8287,IA_dificil,19,Derrota,5,Si
8288,IA_facil,19,Derrota,6,Si
8288,IA_medio,20,Victoria,4,Si
8288,IA_dificil,17,Derrota,4,Si
8289,IA_facil,18,Derrota,5,Si
8289,IA_medio,21,Empate,7,Si
8289,IA_dificil,21,Empate,6,Si
8290,IA_facil,18,Victoria,5,Si
8290,IA_medio,17,Derrota,9,Si
8290,IA_dificil,24,Derrota,8,Si
8291,IA_facil,17,Derrota,5,Si
8291,IA_medio,18,Victoria,6,Si
8291,IA_dificil,17,Derrota,4,Si
8292,IA_facil,18,Derrota,4,Si
8292,IA_medio,21,Victoria,6,Si
8292,IA_dificil,18,Derrota,7,Si
8293,IA_facil,17,Derrota,5,Si
8293,IA_medio,24,Derrota,6,Si
8293,IA_dificil,21,Victoria,5,Si
8294,IA_facil,17,Derrota,5,Si
8294,IA_medio,21,Victoria,6,Si
8294,IA_dificil,19,Derrota,4,Si
8295,IA_facil,19,Victoria,5,Si
8295,IA_medio,22,Derrota,6,Si
8295,IA_dificil,23,Derrota,6,Si
8296,IA_facil,21,Victoria,6,Si
8296,IA_medio,24,Derrota,9,Si
8296,IA_dificil,18,Derrota,7,Si
8297,IA_facil,17,Derrota,6,Si
8297,IA_medio,23,Derrota,6,Si
8297,IA_dificil,20,Victoria,6,Si
8298,IA_facil,18,Derrota,5,Si
8298,IA_medio,20,Victoria,7,Si
8298,IA_dificil,19,Derrota,4,Si
8299,IA_facil,21,Victoria,7,Si
8299,IA_medio,20,Derrota,5,Si
8299,IA_dificil,20,Derrota,8,Si
8300,IA_facil,20,Empate,6,Si
8300,IA_medio,20,Empate,5,Si
8300,IA_dificil,20,Empate,6,Si
8301,IA_facil,18,Derrota,5,Si
8301,IA_medio,21,Victoria,6,Si
8301,IA_dificil,19,Derrota,5,Si
8302,IA_facil,21,Victoria,6,Si
8302,IA_medio,22,Derrota,8,Si
8302,IA_dificil,23,Derrota,6,Si
8303,IA_facil,22,Derrota,5,Si
8303,IA_medio,18,Derrota,4,Si
8303,IA_dificil,21,Victoria,6,Si
8304,IA_facil,18,Derrota,7,Si
8304,IA_medio,20,Victoria,7,Si
8304,IA_dificil,19,Derrota,6,Si
8305,IA_facil,17,Derrota,7,Si
8305,IA_medio,20,Derrota,5,Si
8305,IA_dificil,21,Victoria,7,Si
8306,IA_facil,18,Derrota,5,Si
8306,IA_medio,17,Derrota,3,Si
8306,IA_dificil,20,Victoria,6,Si
8307,IA_facil,19,Derrota,5,Si
8307,IA_medio,18,Derrota,6,Si
8307,IA_dificil,20,Victoria,8,Si
8308,IA_facil,17,Empate,3,Si
8308,IA_medio,22,Derrota,4,Si
8308,IA_dificil,17,Empate,4,Si
8309,IA_facil,17,Empate,6,Si
8309,IA_medio,17,Empate,6,Si
8309,IA_dificil,23,Derrota,6,Si
8310,IA_facil,19,Derrota,4,Si
8310,IA_medio,21,Victoria,6,Si
8310,IA_dificil,19,Derrota,5,Si
8311,IA_facil,19,Empate,5,Si
8311,IA_medio,19,Empate,5,Si
8311,IA_dificil,18,Derrota,3,Si
8312,IA_facil,19,Derrota,5,Si
8312,IA_medio,17,Derrota,6,Si
8312,IA_dificil,20,Victoria,6,Si
8313,IA_facil,19,Victoria,5,Si
8313,IA_medio,18,Derrota,4,Si
8313,IA_dificil,24,Derrota,5,Si
8314,IA_facil,19,Derrota,4,Si
8314,IA_medio,22,Derrota,6,Si
8314,IA_dificil,20,Victoria,6,Si
8315,IA_facil,17,Empate,3,Si
8315,IA_medio,17,Empate,7,Si
8315,IA_dificil,17,Empate,3,Si
8316,IA_facil,17,Derrota,5,Si
8316,IA_medio,21,Empate,4,Si
8316,IA_dificil,21,Empate,10,Si
8317,IA_facil,17,Derrota,3,Si
8317,IA_medio,20,Victoria,8,Si
8317,IA_dificil,17,Derrota,6,Si
8318,IA_facil,17,Derrota,5,Si
8318,IA_medio,18,Derrota,5,Si
8318,IA_dificil,19,Victoria,6,Si
8319,IA_facil,17,Derrota,6,Si
8319,IA_medio,17,Derrota,4,Si
8319,IA_dificil,20,Victoria,6,Si
8320,IA_facil,22,Derrota,5,Si
8320,IA_medio,22,Derrota,5,Si
8320,IA_dificil,23,Derrota,6,Si
8321,IA_facil,21,Victoria,5,Si
8321,IA_medio,20,Derrota,5,Si
8321,IA_dificil,20,Derrota,5,Si
8322,IA_facil,17,Derrota,4,Si
8322,IA_medio,23,Derrota,8,Si
8322,IA_dificil,18,Victoria,6,Si
8323,IA_facil,19,Derrota,7,Si
8323,IA_medio,20,Victoria,5,Si
8323,IA_dificil,24,Derrota,7,Si
8324,IA_facil,21,Victoria,7,Si
8324,IA_medio,19,Derrota,4,Si
8324,IA_dificil,23,Derrota,6,Si
8325,IA_facil,18,Derrota,5,Si
8325,IA_medio,19,Victoria,4,Si
8325,IA_dificil,24,Derrota,5,Si
8326,IA_facil,17,Empate,6,Si
8326,IA_medio,17,Empate,6,Si
8326,IA_dificil,22,Derrota,6,Si
8327,IA_facil,17,Derrota,8,Si
8327,IA_medio,19,Empate,7,Si
8327,IA_dificil,19,Empate,5,Si
8328,IA_facil,17,Derrota,5,Si
8328,IA_medio,20,Victoria,5,Si
8328,IA_dificil,17,Derrota,5,Si
8329,IA_facil,19,Victoria,5,Si
8329,IA_medio,17,Derrota,6,Si
8329,IA_dificil,17,Derrota,6,Si
8330,IA_facil,19,Victoria,6,Si
8330,IA_medio,17,Derrota,7,Si
8330,IA_dificil,18,Derrota,5,Si
8331,IA_facil,21,Victoria,7,Si
8331,IA_medio,24,Derrota,5,Si
8331,IA_dificil,20,Derrota,5,Si
8332,IA_facil,18,Derrota,8,Si
8332,IA_medio,18,Derrota,6,Si
8332,IA_dificil,19,Victoria,6,Si
8333,IA_facil,20,Empate,6,Si
8333,IA_medio,20,Empate,6,Si
8333,IA_dificil,18,Derrota,5,Si
8334,IA_facil,18,Derrota,4,Si
8334,IA_medio,20,Victoria,5,Si
8334,IA_dificil,18,Derrota,7,Si
8335,IA_facil,17,Derrota,5,Si
8335,IA_medio,25,Derrota,6,Si
8335,IA_dificil,21,Victoria,5,Si
8336,IA_facil,18,Derrota,4,Si
8336,IA_medio,24,Derrota,6,Si
8336,IA_dificil,19,Victoria,6,Si
8337,IA_facil,22,Derrota,8,Si
8337,IA_medio,20,Victoria,5,Si
8337,IA_dificil,18,Derrota,5,Si
8338,IA_facil,17,Empate,4,Si
8338,IA_medio,22,Derrota,9,Si
8338,IA_dificil,17,Empate,5,Si
8339,IA_facil,17,Derrota,4,Si
8339,IA_medio,20,Empate,7,Si
8339,IA_dificil,20,Empate,5,Si
8340,IA_facil,20,Victoria,6,Si
8340,IA_medio,17,Derrota,7,Si
8340,IA_dificil,17,Derrota,6,Si
8341,IA_facil,21,Victoria,6,Si
8341,IA_medio,19,Derrota,6,Si
8341,IA_dificil,25,Derrota,6,Si
8342,IA_facil,18,Derrota,4,Si
8342,IA_medio,21,Victoria,5,Si
8342,IA_dificil,25,Derrota,8,Si
8343,IA_facil,22,Derrota,6,Si
8343,IA_medio,18,Derrota,3,Si
8343,IA_dificil,20,Victoria,5,Si
8344,IA_facil,18,Derrota,4,Si
8344,IA_medio,19,Empate,8,Si
8344,IA_dificil,19,Empate,4,Si
8345,IA_facil,18,Derrota,4,Si
8345,IA_medio,20,Victoria,9,Si
8345,IA_dificil,18,Derrota,4,Si
8346,IA_facil,17,Derrota,4,Si
8346,IA_medio,22,Derrota,6,Si
8346,IA_dificil,21,Victoria,7,Si
8347,IA_facil,22,Derrota,6,Si
8347,IA_medio,20,Victoria,6,Si
8347,IA_dificil,17,Derrota,5,Si
8348,IA_facil,20,Derrota,5,Si
8348,IA_medio,18,Derrota,5,Si
8348,IA_dificil,21,Victoria,4,Si
8349,IA_facil,19,Empate,5,Si
8349,IA_medio,17,Derrota,5,Si
8349,IA_dificil,19,Empate,5,Si
8350,IA_facil,18,Victoria,4,Si
8350,IA_medio,17,Derrota,4,Si
8350,IA_dificil,17,Derrota,5,Si
8351,IA_facil,18,Derrota,5,Si
8351,IA_medio,21,Empate,6,Si
8351,IA_dificil,21,Empate,5,Si
8352,IA_facil,21,Victoria,7,Si
8352,IA_medio,23,Derrota,7,Si
8352,IA_dificil,19,Derrota,4,Si
8353,IA_facil,17,Empate,5,Si
8353,IA_medio,17,Empate,4,Si
8353,IA_dificil,17,Empate,6,Si
8354,IA_facil,20,Empate,4,Si
8354,IA_medio,20,Empate,6,Si
8354,IA_dificil,19,Derrota,4,Si
8355,IA_facil,21,Victoria,5,Si
8355,IA_medio,20,Derrota,7,Si
8355,IA_dificil,20,Derrota,5,Si
8356,IA_facil,18,Derrota,4,Si
8356,IA_medio,17,Derrota,5,Si
8356,IA_dificil,20,Victoria,7,Si
8357,IA_facil,21,Victoria,7,Si
8357,IA_medio,19,Derrota,5,Si
8357,IA_dificil,20,Derrota,5,Si
8358,IA_facil,19,Empate,5,Si
8358,IA_medio,19,Empate,5,Si
8358,IA_dificil,18,Derrota,4,Si
8359,IA_facil,18,Empate,7,Si
8359,IA_medio,18,Empate,4,Si
8359,IA_dificil,17,Derrota,6,Si
8360,IA_facil,22,Derrota,5,Si
8360,IA_medio,17,Victoria,6,Si
8360,IA_dificil,22,Derrota,5,Si
8361,IA_facil,18,Derrota,5,Si
8361,IA_medio,18,Derrota,5,Si
8361,IA_dificil,21,Victoria,6,Si
8362,IA_facil,19,Derrota,5,Si
8362,IA_medio,21,Victoria,4,Si
8362,IA_dificil,18,Derrota,5,Si
8363,IA_facil,20,Derrota,5,Si
8363,IA_medio,20,Derrota,7,Si
8363,IA_dificil,21,Victoria,7,Si
8364,IA_facil,21,Victoria,5,Si
8364,IA_medio,24,Derrota,8,Si
8364,IA_dificil,19,Derrota,5,Si
8365,IA_facil,19,Derrota,6,Si
8365,IA_medio,21,Victoria,5,Si
8365,IA_dificil,22,Derrota,7,Si
8366,IA_facil,19,Derrota,5,Si
8366,IA_medio,21,Victoria,4,Si
8366,IA_dificil,23,Derrota,6,Si
8367,IA_facil,19,Derrota,5,Si
8367,IA_medio,23,Derrota,7,Si
8367,IA_dificil,21,Victoria,5,Si
8368,IA_facil,17,Derrota,4,Si
8368,IA_medio,23,Derrota,9,Si
8368,IA_dificil,18,Victoria,5,Si
8369,IA_facil,17,Derrota,5,Si
8369,IA_medio,24,Derrota,8,Si
8369,IA_dificil,21,Victoria,5,Si
8370,IA_facil,17,Derrota,5,Si
8370,IA_medio,19,Victoria,6,Si
8370,IA_dificil,17,Derrota,5,Si
8371,IA_facil,20,Victoria,5,Si
8371,IA_medio,24,Derrota,6,Si
8371,IA_dificil,18,Derrota,4,Si
8372,IA_facil,17,Derrota,4,Si
8372,IA_medio,21,Victoria,5,Si
8372,IA_dificil,20,Derrota,5,Si
8373,IA_facil,18,Derrota,5,Si
8373,IA_medio,18,Derrota,4,Si
8373,IA_dificil,19,Victoria,5,Si
8374,IA_facil,19,Empate,4,Si
8374,IA_medio,19,Empate,7,Si
8374,IA_dificil,18,Derrota,7,Si
8375,IA_facil,18,Derrota,5,Si
8375,IA_medio,20,Victoria,7,Si
8375,IA_dificil,18,Derrota,7,Si
8376,IA_facil,18,Derrota,9,Si
8376,IA_medio,18,Derrota,6,Si
8376,IA_dificil,20,Victoria,6,Si
8377,IA_facil,17,Empate,4,Si
8377,IA_medio,17,Empate,5,Si
8377,IA_dificil,17,Empate,4,Si
8378,IA_facil,17,Derrota,5,Si
8378,IA_medio,18,Derrota,7,Si
8378,IA_dificil,20,Victoria,4,Si
8379,IA_facil,18,Derrota,6,Si
8379,IA_medio,18,Derrota,5,Si
8379,IA_dificil,21,Victoria,6,Si
8380,IA_facil,21,Victoria,7,Si
8380,IA_medio,20,Derrota,7,Si
8380,IA_dificil,20,Derrota,7,Si
8381,IA_facil,19,Empate,6,Si
8381,IA_medio,22,Derrota,5,Si
8381,IA_dificil,19,Empate,7,Si
8382,IA_facil,17,Derrota,5,Si
8382,IA_medio,19,Victoria,5,Si
8382,IA_dificil,25,Derrota,8,Si
8383,IA_facil,18,Derrota,5,Si
8383,IA_medio,20,Victoria,6,Si
8383,IA_dificil,19,Derrota,4,Si
8384,IA_facil,19,Derrota,4,Si
8384,IA_medio,20,Derrota,5,Si
8384,IA_dificil,21,Victoria,8,Si
8385,IA_facil,21,Victoria,5,Si
8385,IA_medio,24,Derrota,7,Si
8385,IA_dificil,18,Derrota,4,Si
8386,IA_facil,17,Derrota,4,Si
8386,IA_medio,18,Derrota,5,Si
8386,IA_dificil,20,Victoria,7,Si
8387,IA_facil,17,Derrota,6,Si
8387,IA_medio,18,Derrota,7,Si
8387,IA_dificil,21,Victoria,7,Si
8388,IA_facil,19,Derrota,6,Si
8388,IA_medio,20,Victoria,5,Si
8388,IA_dificil,25,Derrota,7,Si
8389,IA_facil,18,Victoria,5,Si
8389,IA_medio,17,Derrota,3,Si
8389,IA_dificil,22,Derrota,4,Si
8390,IA_facil,19,Derrota,4,Si
8390,IA_medio,19,Derrota,6,Si
8390,IA_dificil,20,Victoria,5,Si
8391,IA_facil,19,Derrota,4,Si
8391,IA_medio,17,Derrota,6,Si
8391,IA_dificil,20,Victoria,7,Si
8392,IA_facil,18,Derrota,5,Si
8392,IA_medio,19,Victoria,5,Si
8392,IA_dificil,24,Derrota,5,Si
8393,IA_facil,17,Derrota,5,Si
8393,IA_medio,23,Derrota,6,Si
8393,IA_dificil,20,Victoria,6,Si
8394,IA_facil,18,Victoria,5,Si
8394,IA_medio,24,Derrota,6,Si
8394,IA_dificil,17,Derrota,5,Si
8395,IA_facil,17,Derrota,6,Si
8395,IA_medio,17,Derrota,6,Si
8395,IA_dificil,20,Victoria,8,Si
8396,IA_facil,18,Derrota,5,Si
8396,IA_medio,18,Derrota,5,Si
8396,IA_dificil,20,Victoria,7,Si
8397,IA_facil,21,Victoria,5,Si
8397,IA_medio,19,Derrota,5,Si
8397,IA_dificil,17,Derrota,5,Si
8398,IA_facil,20,Derrota,5,Si
8398,IA_medio,21,Victoria,6,Si
8398,IA_dificil,19,Derrota,4,Si
8399,IA_facil,18,Derrota,8,Si
8399,IA_medio,20,Derrota,5,Si
8399,IA_dificil,21,Victoria,4,Si
8400,IA_facil,19,Empate,5,Si
8400,IA_medio,19,Empate,6,Si
8400,IA_dificil,19,Empate,4,Si
8401,IA_facil,20,Empate,5,Si
8401,IA_medio,19,Derrota,5,Si
8401,IA_dificil,20,Empate,9,Si
8402,IA_facil,21,Empate,4,Si
8402,IA_medio,21,Empate,5,Si
8402,IA_dificil,21,Empate,4,Si
8403,IA_facil,18,Derrota,5,Si
8403,IA_medio,23,Derrota,5,Si
8403,IA_dificil,20,Victoria,5,Si
8404,IA_facil,17,Derrota,8,Si
8404,IA_medio,18,Empate,6,Si
8404,IA_dificil,18,Empate,4,Si
8405,IA_facil,17,Derrota,4,Si
8405,IA_medio,21,Victoria,5,Si
8405,IA_dificil,20,Derrota,6,Si
8406,IA_facil,19,Derrota,4,Si
8406,IA_medio,20,Victoria,6,Si
8406,IA_dificil,24,Derrota,7,Si
8407,IA_facil,17,Derrota,6,Si
8407,IA_medio,20,Victoria,4,Si
8407,IA_dificil,18,Derrota,4,Si
8408,IA_facil,18,Derrota,5,Si
8408,IA_medio,22,Derrota,5,Si
8408,IA_dificil,21,Victoria,4,Si
8409,IA_facil,17,Derrota,7,Si
8409,IA_medio,19,Derrota,6,Si
8409,IA_dificil,20,Victoria,7,Si
8410,IA_facil,17,Derrota,5,Si
8410,IA_medio,20,Empate,7,Si
8410,IA_dificil,20,Empate,6,Si
8411,IA_facil,20,Empate,4,Si
8411,IA_medio,20,Empate,5,Si
8411,IA_dificil,17,Derrota,4,Si
8412,IA_facil,19,Empate,4,Si
8412,IA_medio,19,Empate,7,Si
8412,IA_dificil,18,Derrota,4,Si
8413,IA_facil,17,Empate,6,Si
8413,IA_medio,25,Derrota,7,Si
8413,IA_dificil,17,Empate,3,Si
8414,IA_facil,20,Victoria,5,Si
8414,IA_medio,18,Derrota,6,Si
8414,IA_dificil,18,Derrota,4,Si
8415,IA_facil,17,Derrota,5,Si
8415,IA_medio,20,Victoria,8,Si
8415,IA_dificil,18,Derrota,6,Si
8416,IA_facil,19,Derrota,5,Si
8416,IA_medio,21,Victoria,7,Si
8416,IA_dificil,17,Derrota,5,Si
8417,IA_facil,18,Derrota,6,Si
8417,IA_medio,21,Empate,6,Si
8417,IA_dificil,21,Empate,7,Si
8418,IA_facil,18,Derrota,7,Si
8418,IA_medio,20,Victoria,7,Si
8418,IA_dificil,19,Derrota,6,Si
8419,IA_facil,21,Empate,4,Si
8419,IA_medio,21,Empate,6,Si
8419,IA_dificil,17,Derrota,6,Si
8420,IA_facil,18,Derrota,6,Si
8420,IA_medio,21,Empate,7,Si
8420,IA_dificil,21,Empate,4,Si
8421,IA_facil,17,Derrota,5,Si
8421,IA_medio,19,Victoria,6,Si
8421,IA_dificil,24,Derrota,5,Si
8422,IA_facil,18,Derrota,8,Si
8422,IA_medio,21,Victoria,6,Si
8422,IA_dificil,20,Derrota,4,Si
8423,IA_facil,21,Victoria,5,Si
8423,IA_medio,25,Derrota,8,Si
8423,IA_dificil,18,Derrota,5,Si
8424,IA_facil,20,Empate,4,Si
8424,IA_medio,23,Derrota,8,Si
8424,IA_dificil,20,Empate,6,Si
8425,IA_facil,18,Derrota,4,Si
8425,IA_medio,21,Victoria,5,Si
8425,IA_dificil,17,Derrota,5,Si
8426,IA_facil,20,Empate,5,Si
8426,IA_medio,20,Empate,4,Si
8426,IA_dificil,20,Empate,5,Si
8427,IA_facil,19,Victoria,6,Si
8427,IA_medio,22,Derrota,5,Si
8427,IA_dificil,22,Derrota,7,Si
8428,IA_facil,20,Empate,5,Si
8428,IA_medio,20,Empate,5,Si
8428,IA_dificil,18,Derrota,6,Si
8429,IA_facil,19,Victoria,4,Si
8429,IA_medio,17,Derrota,5,Si
8429,IA_dificil,18,Derrota,4,Si
8430,IA_facil,18,Derrota,4,Si
8430,IA_medio,19,Victoria,5,Si
8430,IA_dificil,18,Derrota,5,Si
8431,IA_facil,20,Derrota,5,Si
8431,IA_medio,21,Victoria,7,Si
8431,IA_dificil,18,Derrota,4,Si
8432,IA_facil,18,Derrota,5,Si
8432,IA_medio,20,Victoria,5,Si
8432,IA_dificil,19,Derrota,7,Si
8433,IA_facil,21,Victoria,5,Si
8433,IA_medio,22,Derrota,5,Si
8433,IA_dificil,18,Derrota,6,Si
8434,IA_facil,20,Derrota,4,Si
8434,IA_medio,20,Derrota,7,Si
8434,IA_dificil,21,Victoria,7,Si
8435,IA_facil,22,Derrota,7,Si
8435,IA_medio,25,Derrota,5,Si
8435,IA_dificil,18,Victoria,5,Si
8436,IA_facil,20,Victoria,5,Si
8436,IA_medio,24,Derrota,8,Si
8436,IA_dificil,18,Derrota,5,Si
8437,IA_facil,21,Victoria,6,Si
8437,IA_medio,22,Derrota,6,Si
8437,IA_dificil,18,Derrota,3,Si
8438,IA_facil,17,Derrota,5,Si
8438,IA_medio,19,Victoria,4,Si
8438,IA_dificil,17,Derrota,4,Si
8439,IA_facil,17,Derrota,5,Si
8439,IA_medio,18,Victoria,5,Si
8439,IA_dificil,17,Derrota,4,Si
8440,IA_facil,17,Derrota,5,Si
8440,IA_medio,21,Victoria,9,Si
8440,IA_dificil,17,Derrota,7,Si
8441,IA_facil,21,Victoria,6,Si
8441,IA_medio,17,Derrota,4,Si
8441,IA_dificil,20,Derrota,8,Si
8442,IA_facil,19,Derrota,4,Si
8442,IA_medio,21,Victoria,5,Si
8442,IA_dificil,19,Derrota,5,Si
8443,IA_facil,17,Victoria,5,Si
8443,IA_medio,22,Derrota,8,Si
8443,IA_dificil,22,Derrota,6,Si
8444,IA_facil,22,Derrota,5,Si
8444,IA_medio,17,Derrota,6,Si
8444,IA_dificil,18,Victoria,4,Si
8445,IA_facil,22,Derrota,6,Si
8445,IA_medio,18,Empate,6,Si
8445,IA_dificil,18,Empate,4,Si
8446,IA_facil,17,Derrota,5,Si
8446,IA_medio,21,Victoria,6,Si
8446,IA_dificil,17,Derrota,6,Si
8447,IA_facil,17,Derrota,5,Si
8447,IA_medio,17,Derrota,7,Si
8447,IA_dificil,21,Victoria,5,Si
8448,IA_facil,17,Derrota,6,Si
8448,IA_medio,18,Victoria,5,Si
8448,IA_dificil,17,Derrota,6,Si
8449,IA_facil,20,Empate,6,Si
8449,IA_medio,18,Derrota,4,Si
8449,IA_dificil,20,Empate,5,Si
8450,IA_facil,19,Derrota,6,Si
8450,IA_medio,21,Empate,7,Si
8450,IA_dificil,21,Empate,8,Si
8451,IA_facil,18,Derrota,6,Si
8451,IA_medio,20,Empate,9,Si
8451,IA_dificil,20,Empate,4,Si
8452,IA_facil,17,Empate,7,Si
8452,IA_medio,23,Derrota,5,Si
8452,IA_dificil,17,Empate,8,Si
8453,IA_facil,20,Derrota,4,Si
8453,IA_medio,21,Empate,5,Si
8453,IA_dificil,21,Empate,5,Si
8454,IA_facil,19,Victoria,5,Si
8454,IA_medio,24,Derrota,6,Si
8454,IA_dificil,18,Derrota,5,Si
8455,IA_facil,19,Derrota,8,Si
8455,IA_medio,23,Derrota,5,Si
8455,IA_dificil,21,Victoria,7,Si
8456,IA_facil,17,Derrota,5,Si
8456,IA_medio,20,Victoria,4,Si
8456,IA_dificil,23,Derrota,6,Si
8457,IA_facil,18,Derrota,5,Si
8457,IA_medio,21,Victoria,6,Si
8457,IA_dificil,19,Derrota,5,Si
8458,IA_facil,19,Derrota,5,Si
8458,IA_medio,21,Empate,6,Si
8458,IA_dificil,21,Empate,6,Si
8459,IA_facil,19,Derrota,6,Si
8459,IA_medio,20,Victoria,5,Si
8459,IA_dificil,18,Derrota,7,Si
8460,IA_facil,17,Derrota,5,Si
8460,IA_medio,18,Victoria,4,Si
8460,IA_dificil,17,Derrota,3,Si
8461,IA_facil,18,Victoria,7,Si
8461,IA_medio,17,Derrota,6,Si
8461,IA_dificil,22,Derrota,6,Si
8462,IA_facil,20,Victoria,5,Si
8462,IA_medio,17,Derrota,4,Si
8462,IA_dificil,17,Derrota,5,Si
8463,IA_facil,18,Victoria,5,Si
8463,IA_medio,17,Derrota,6,Si
8463,IA_dificil,17,Derrota,5,Si
8464,IA_facil,18,Empate,5,Si
8464,IA_medio,18,Empate,7,Si
8464,IA_dificil,17,Derrota,5,Si
8465,IA_facil,17,Victoria,4,Si
8465,IA_medio,24,Derrota,8,Si
8465,IA_dificil,23,Derrota,6,Si
8466,IA_facil,19,Derrota,5,Si
8466,IA_medio,20,Victoria,7,Si
8466,IA_dificil,17,Derrota,5,Si
8467,IA_facil,19,Victoria,6,Si
8467,IA_medio,23,Derrota,9,Si
8467,IA_dificil,17,Derrota,4,Si
8468,IA_facil,19,Empate,4,Si
8468,IA_medio,18,Derrota,4,Si
8468,IA_dificil,19,Empate,6,Si
8469,IA_facil,17,Derrota,5,Si
8469,IA_medio,17,Derrota,4,Si
8469,IA_dificil,18,Victoria,3,Si
8470,IA_facil,20,Victoria,6,Si
8470,IA_medio,18,Derrota,3,Si
8470,IA_dificil,19,Derrota,6,Si
8471,IA_facil,17,Derrota,6,Si
8471,IA_medio,18,Derrota,4,Si
8471,IA_dificil,21,Victoria,8,Si
8472,IA_facil,19,Derrota,7,Si
8472,IA_medio,20,Victoria,5,Si
8472,IA_dificil,17,Derrota,7,Si
8473,IA_facil,22,Derrota,6,Si
8473,IA_medio,20,Victoria,6,Si
8473,IA_dificil,17,Derrota,4,Si
8474,IA_facil,19,Victoria,5,Si
8474,IA_medio,22,Derrota,6,Si
8474,IA_dificil,17,Derrota,5,Si
8475,IA_facil,18,Derrota,5,Si
8475,IA_medio,21,Victoria,7,Si
8475,IA_dificil,18,Derrota,6,Si
8476,IA_facil,18,Empate,5,Si
8476,IA_medio,18,Empate,5,Si
8476,IA_dificil,18,Empate,7,Si
8477,IA_facil,19,Derrota,5,Si
8477,IA_medio,20,Victoria,4,Si
8477,IA_dificil,17,Derrota,6,Si
8478,IA_facil,17,Derrota,4,Si
8478,IA_medio,21,Empate,7,Si
8478,IA_dificil,21,Empate,5,Si
8479,IA_facil,19,Derrota,5,Si
8479,IA_medio,20,Victoria,6,Si
8479,IA_dificil,19,Derrota,6,Si
8480,IA_facil,20,Derrota,5,Si
8480,IA_medio,21,Victoria,8,Si
8480,IA_dificil,18,Derrota,5,Si
8481,IA_facil,20,Victoria,6,Si
8481,IA_medio,24,Derrota,5,Si
8481,IA_dificil,19,Derrota,5,Si
8482,IA_facil,19,Empate,7,Si
8482,IA_medio,19,Empate,5,Si
8482,IA_dificil,22,Derrota,6,Si
8483,IA_facil,20,Victoria,5,Si
8483,IA_medio,17,Derrota,4,Si
8483,IA_dificil,23,Derrota,6,Si
8484,IA_facil,17,Derrota,6,Si
8484,IA_medio,20,Empate,8,Si
8484,IA_dificil,20,Empate,6,Si
8485,IA_facil,22,Derrota,6,Si
8485,IA_medio,21,Victoria,4,Si
8485,IA_dificil,17,Derrota,5,Si
8486,IA_facil,18,Derrota,3,Si
8486,IA_medio,20,Victoria,5,Si
8486,IA_dificil,19,Derrota,5,Si
8487,IA_facil,19,Victoria,6,Si
8487,IA_medio,23,Derrota,6,Si
8487,IA_dificil,17,Derrota,5,Si
8488,IA_facil,18,Derrota,6,Si
8488,IA_medio,20,Empate,6,Si
8488,IA_dificil,20,Empate,6,Si
8489,IA_facil,17,Empate,6,Si
8489,IA_medio,17,Empate,5,Si
8489,IA_dificil,23,Derrota,5,Si
8490,IA_facil,17,Derrota,5,Si
8490,IA_medio,20,Victoria,4,Si
8490,IA_dificil,19,Derrota,6,Si
8491,IA_facil,17,Derrota,5,Si
8491,IA_medio,21,Victoria,12,Si
8491,IA_dificil,17,Derrota,4,Si
8492,IA_facil,20,Victoria,6,Si
8492,IA_medio,17,Derrota,6,Si
8492,IA_dificil,19,Derrota,7,Si
8493,IA_facil,17,Derrota,6,Si
8493,IA_medio,17,Derrota,5,Si
8493,IA_dificil,21,Victoria,7,Si
8494,IA_facil,19,Derrota,8,Si
8494,IA_medio,20,Victoria,5,Si
8494,IA_dificil,18,Derrota,4,Si
8495,IA_facil,19,Victoria,6,Si
8495,IA_medio,18,Derrota,8,Si
8495,IA_dificil,23,Derrota,5,Si
8496,IA_facil,18,Derrota,5,Si
8496,IA_medio,22,Derrota,6,Si
8496,IA_dificil,19,Victoria,8,Si
8497,IA_facil,18,Derrota,6,Si
8497,IA_medio,20,Victoria,5,Si
8497,IA_dificil,17,Derrota,4,Si
8498,IA_facil,18,Victoria,7,Si
8498,IA_medio,24,Derrota,6,Si
8498,IA_dificil,22,Derrota,6,Si
8499,IA_facil,19,Victoria,5,Si
8499,IA_medio,17,Derrota,6,Si
8499,IA_dificil,17,Derrota,4,Si
8500,IA_facil,18,Derrota,5,Si
8500,IA_medio,17,Derrota,5,Si
8500,IA_dificil,19,Victoria,5,Si
8501,IA_facil,17,Derrota,5,Si
8501,IA_medio,22,Derrota,6,Si
8501,IA_dificil,20,Victoria,7,Si
8502,IA_facil,18,Derrota,4,Si
8502,IA_medio,25,Derrota,6,Si
8502,IA_dificil,20,Victoria,5,Si
8503,IA_facil,19,Derrota,6,Si
8503,IA_medio,23,Derrota,6,Si
8503,IA_dificil,20,Victoria,5,Si
8504,IA_facil,20,Empate,4,Si
8504,IA_medio,18,Derrota,7,Si
8504,IA_dificil,20,Empate,10,Si
8505,IA_facil,17,Derrota,5,Si
8505,IA_medio,20,Victoria,6,Si
8505,IA_dificil,19,Derrota,4,Si
8506,IA_facil,18,Derrota,6,Si
8506,IA_medio,17,Derrota,7,Si
8506,IA_dificil,19,Victoria,5,Si
8507,IA_facil,21,Victoria,5,Si
8507,IA_medio,18,Derrota,6,Si
8507,IA_dificil,17,Derrota,6,Si
8508,IA_facil,19,Derrota,6,Si
8508,IA_medio,21,Victoria,5,Si
8508,IA_dificil,19,Derrota,5,Si
8509,IA_facil,18,Derrota,4,Si
8509,IA_medio,18,Derrota,4,Si
8509,IA_dificil,19,Victoria,5,Si
8510,IA_facil,22,Derrota,10,Si
8510,IA_medio,19,Victoria,6,Si
8510,IA_dificil,18,Derrota,5,Si
8511,IA_facil,17,Derrota,5,Si
8511,IA_medio,20,Victoria,8,Si
8511,IA_dificil,23,Derrota,6,Si
8512,IA_facil,18,Derrota,4,Si
8512,IA_medio,18,Derrota,5,Si
8512,IA_dificil,19,Victoria,4,Si
8513,IA_facil,17,Derrota,4,Si
8513,IA_medio,20,Victoria,6,Si
8513,IA_dificil,17,Derrota,3,Si
8514,IA_facil,20,Derrota,4,Si
8514,IA_medio,19,Derrota,6,Si
8514,IA_dificil,21,Victoria,5,Si
8515,IA_facil,17,Victoria,8,Si
8515,IA_medio,23,Derrota,7,Si
8515,IA_dificil,22,Derrota,5,Si
8516,IA_facil,18,Derrota,5,Si
8516,IA_medio,21,Victoria,6,Si
8516,IA_dificil,17,Derrota,5,Si
8517,IA_facil,19,Derrota,5,Si
8517,IA_medio,20,Victoria,7,Si
8517,IA_dificil,18,Derrota,4,Si
8518,IA_facil,20,Empate,5,Si
8518,IA_medio,20,Empate,8,Si
8518,IA_dificil,17,Derrota,4,Si
8519,IA_facil,17,Derrota,3,Si
8519,IA_medio,24,Derrota,8,Si
8519,IA_dificil,21,Victoria,5,Si
8520,IA_facil,17,Derrota,3,Si
8520,IA_medio,19,Victoria,6,Si
8520,IA_dificil,22,Derrota,6,Si
8521,IA_facil,18,Derrota,5,Si
8521,IA_medio,20,Victoria,6,Si
8521,IA_dificil,19,Derrota,6,Si
8522,IA_facil,17,Derrota,5,Si
8522,IA_medio,17,Derrota,3,Si
8522,IA_dificil,19,Victoria,6,Si
8523,IA_facil,21,Victoria,6,Si
8523,IA_medio,18,Derrota,7,Si
8523,IA_dificil,19,Derrota,5,Si
8524,IA_facil,21,Victoria,7,Si
8524,IA_medio,17,Derrota,5,Si
8524,IA_dificil,18,Derrota,6,Si
8525,IA_facil,18,Derrota,5,Si
8525,IA_medio,20,Victoria,5,Si
8525,IA_dificil,18,Derrota,6,Si
8526,IA_facil,22,Derrota,6,Si
8526,IA_medio,20,Derrota,7,Si
8526,IA_dificil,21,Victoria,8,Si
8527,IA_facil,18,Empate,7,Si
8527,IA_medio,18,Empate,6,Si
8527,IA_dificil,17,Derrota,6,Si
8528,IA_facil,19,Empate,5,Si
8528,IA_medio,19,Empate,5,Si
8528,IA_dificil,19,Empate,4,Si
8529,IA_facil,18,Empate,8,Si
8529,IA_medio,18,Empate,4,Si
8529,IA_dificil,18,Empate,5,Si
8530,IA_facil,18,Derrota,5,Si
8530,IA_medio,20,Victoria,7,Si
8530,IA_dificil,18,Derrota,5,Si
8531,IA_facil,20,Empate,7,Si
8531,IA_medio,20,Empate,8,Si
8531,IA_dificil,20,Empate,4,Si
8532,IA_facil,18,Empate,6,Si
8532,IA_medio,18,Empate,6,Si
8532,IA_dificil,18,Empate,4,Si
8533,IA_facil,20,Victoria,4,Si
8533,IA_medio,17,Derrota,5,Si
8533,IA_dificil,17,Derrota,6,Si
8534,IA_facil,17,Derrota,7,Si
8534,IA_medio,21,Victoria,5,Si
8534,IA_dificil,24,Derrota,5,Si
8535,IA_facil,21,Empate,6,Si
8535,IA_medio,21,Empate,4,Si
8535,IA_dificil,17,Derrota,6,Si
8536,IA_facil,18,Victoria,7,Si
8536,IA_medio,22,Derrota,6,Si
8536,IA_dificil,22,Derrota,5,Si
8537,IA_facil,19,Empate,5,Si
8537,IA_medio,17,Derrota,8,Si
8537,IA_dificil,19,Empate,5,Si
8538,IA_facil,17,Derrota,5,Si
8538,IA_medio,19,Empate,5,Si
8538,IA_dificil,19,Empate,6,Si
8539,IA_facil,18,Empate,6,Si
8539,IA_medio,18,Empate,6,Si
8539,IA_dificil,18,Empate,5,Si
8540,IA_facil,17,Empate,5,Si
8540,IA_medio,24,Derrota,6,Si
8540,IA_dificil,17,Empate,4,Si
8541,IA_facil,19,Derrota,7,Si
8541,IA_medio,20,Empate,6,Si
8541,IA_dificil,20,Empate,5,Si
8542,IA_facil,21,Victoria,7,Si
8542,IA_medio,18,Derrota,4,Si
8542,IA_dificil,17,Derrota,4,Si
8543,IA_facil,18,Derrota,4,Si
8543,IA_medio,21,Victoria,5,Si
8543,IA_dificil,20,Derrota,5,Si
8544,IA_facil,21,Victoria,6,Si
8544,IA_medio,18,Derrota,4,Si
8544,IA_dificil,17,Derrota,6,Si
8545,IA_facil,19,Derrota,5,Si
8545,IA_medio,20,Victoria,5,Si
8545,IA_dificil,17,Derrota,5,Si
8546,IA_facil,17,Derrota,5,Si
8546,IA_medio,17,Derrota,4,Si
8546,IA_dificil,20,Victoria,7,Si
8547,IA_facil,18,Empate,5,Si
8547,IA_medio,18,Empate,5,Si
8547,IA_dificil,17,Derrota,4,Si
8548,IA_facil,20,Derrota,5,Si
8548,IA_medio,19,Derrota,8,Si
8548,IA_dificil,21,Victoria,6,Si
8549,IA_facil,18,Victoria,5,Si
8549,IA_medio,17,Derrota,4,Si
8549,IA_dificil,17,Derrota,6,Si
8550,IA_facil,18,Derrota,5,Si
8550,IA_medio,21,Victoria,5,Si
8550,IA_dificil,23,Derrota,8,Si
8551,IA_facil,17,Victoria,5,Si
8551,IA_medio,23,Derrota,6,Si
8551,IA_dificil,24,Derrota,7,Si
8552,IA_facil,17,Derrota,5,Si
8552,IA_medio,18,Derrota,6,Si
8552,IA_dificil,19,Victoria,5,Si
8553,IA_facil,17,Empate,8,Si
8553,IA_medio,24,Derrota,9,Si
8553,IA_dificil,17,Empate,7,Si
8554,IA_facil,18,Victoria,5,Si
8554,IA_medio,22,Derrota,5,Si
8554,IA_dificil,17,Derrota,4,Si
8555,IA_facil,17,Derrota,4,Si
8555,IA_medio,19,Derrota,6,Si
8555,IA_dificil,20,Victoria,5,Si
8556,IA_facil,20,Derrota,5,Si
8556,IA_medio,23,Derrota,7,Si
8556,IA_dificil,21,Victoria,7,Si
8557,IA_facil,17,Derrota,4,Si
8557,IA_medio,19,Victoria,6,Si
8557,IA_dificil,17,Derrota,4,Si
8558,IA_facil,21,Victoria,4,Si
8558,IA_medio,17,Derrota,3,Si
8558,IA_dificil,17,Derrota,5,Si
8559,IA_facil,18,Derrota,5,Si
8559,IA_medio,20,Victoria,4,Si
8559,IA_dificil,19,Derrota,5,Si
8560,IA_facil,17,Empate,6,Si
8560,IA_medio,22,Derrota,4,Si
8560,IA_dificil,17,Empate,8,Si
8561,IA_facil,20,Victoria,6,Si
8561,IA_medio,22,Derrota,5,Si
8561,IA_dificil,19,Derrota,7,Si
8562,IA_facil,19,Empate,6,Si
8562,IA_medio,19,Empate,4,Si
8562,IA_dificil,17,Derrota,5,Si
8563,IA_facil,17,Derrota,4,Si
8563,IA_medio,19,Empate,9,Si
8563,IA_dificil,19,Empate,4,Si
8564,IA_facil,18,Empate,4,Si
8564,IA_medio,22,Derrota,8,Si
8564,IA_dificil,18,Empate,5,Si
8565,IA_facil,18,Derrota,6,Si
8565,IA_medio,23,Derrota,6,Si
8565,IA_dificil,21,Victoria,7,Si
8566,IA_facil,18,Derrota,6,Si
8566,IA_medio,19,Victoria,5,Si
8566,IA_dificil,17,Derrota,5,Si
8567,IA_facil,17,Derrota,6,Si
8567,IA_medio,20,Victoria,6,Si
8567,IA_dificil,17,Derrota,6,Si
8568,IA_facil,18,Derrota,3,Si
8568,IA_medio,22,Derrota,7,Si
8568,IA_dificil,20,Victoria,5,Si
8569,IA_facil,19,Derrota,5,Si
8569,IA_medio,21,Victoria,5,Si
8569,IA_dificil,19,Derrota,7,Si
8570,IA_facil,17,Empate,4,Si
8570,IA_medio,17,Empate,5,Si
8570,IA_dificil,17,Empate,4,Si
8571,IA_facil,20,Empate,5,Si
8571,IA_medio,17,Derrota,4,Si
8571,IA_dificil,20,Empate,4,Si
8572,IA_facil,20,Empate,5,Si
8572,IA_medio,20,Empate,5,Si
8572,IA_dificil,19,Derrota,5,Si
8573,IA_facil,19,Victoria,8,Si
8573,IA_medio,22,Derrota,5,Si
8573,IA_dificil,17,Derrota,6,Si
8574,IA_facil,19,Empate,6,Si
8574,IA_medio,19,Empate,6,Si
8574,IA_dificil,17,Derrota,4,Si
8575,IA_facil,20,Empate,7,Si
8575,IA_medio,20,Empate,4,Si
8575,IA_dificil,19,Derrota,7,Si
8576,IA_facil,17,Derrota,4,Si
8576,IA_medio,20,Victoria,5,Si
8576,IA_dificil,18,Derrota,5,Si
8577,IA_facil,18,Derrota,7,Si
8577,IA_medio,19,Empate,6,Si
8577,IA_dificil,19,Empate,8,Si
8578,IA_facil,18,Derrota,6,Si
8578,IA_medio,21,Victoria,5,Si
8578,IA_dificil,20,Derrota,6,Si
8579,IA_facil,19,Derrota,5,Si
8579,IA_medio,20,Victoria,8,Si
8579,IA_dificil,18,Derrota,5,Si
8580,IA_facil,17,Derrota,4,Si
8580,IA_medio,19,Derrota,9,Si
8580,IA_dificil,21,Victoria,5,Si
8581,IA_facil,21,Victoria,5,Si
8581,IA_medio,18,Derrota,5,Si
8581,IA_dificil,25,Derrota,8,Si
8582,IA_facil,17,Derrota,4,Si
8582,IA_medio,19,Derrota,5,Si
8582,IA_dificil,21,Victoria,6,Si
8583,IA_facil,20,Victoria,5,Si
8583,IA_medio,25,Derrota,8,Si
8583,IA_dificil,19,Derrota,6,Si
8584,IA_facil,21,Empate,7,Si
8584,IA_medio,21,Empate,6,Si
8584,IA_dificil,17,Derrota,5,Si
8585,IA_facil,20,Victoria,5,Si
8585,IA_medio,19,Derrota,6,Si
8585,IA_dificil,17,Derrota,4,Si
8586,IA_facil,19,Victoria,5,Si
8586,IA_medio,17,Derrota,6,Si
8586,IA_dificil,18,Derrota,7,Si
8587,IA_facil,17,Derrota,6,Si
8587,IA_medio,18,Empate,6,Si
8587,IA_dificil,18,Empate,4,Si
8588,IA_facil,20,Empate,5,Si
8588,IA_medio,20,Empate,6,Si
8588,IA_dificil,18,Derrota,5,Si
8589,IA_facil,17,Derrota,5,Si
8589,IA_medio,19,Derrota,5,Si
8589,IA_dificil,20,Victoria,5,Si
8590,IA_facil,18,Derrota,5,Si
8590,IA_medio,21,Empate,6,Si
8590,IA_dificil,21,Empate,6,Si
8591,IA_facil,19,Derrota,6,Si
8591,IA_medio,20,Derrota,9,Si
8591,IA_dificil,21,Victoria,6,Si
8592,IA_facil,21,Victoria,5,Si
8592,IA_medio,22,Derrota,7,Si
8592,IA_dificil,17,Derrota,4,Si
8593,IA_facil,20,Victoria,4,Si
8593,IA_medio,19,Derrota,5,Si
8593,IA_dificil,17,Derrota,5,Si
8594,IA_facil,18,Empate,6,Si
8594,IA_medio,18,Empate,6,Si
8594,IA_dificil,17,Derrota,4,Si
8595,IA_facil,17,Derrota,6,Si
8595,IA_medio,21,Empate,8,Si
8595,IA_dificil,21,Empate,7,Si
8596,IA_facil,20,Empate,7,Si
8596,IA_medio,23,Derrota,6,Si
8596,IA_dificil,20,Empate,5,Si
8597,IA_facil,20,Derrota,5,Si
8597,IA_medio,19,Derrota,6,Si
8597,IA_dificil,21,Victoria,7,Si
8598,IA_facil,17,Derrota,5,Si
8598,IA_medio,20,Victoria,7,Si
8598,IA_dificil,23,Derrota,6,Si
8599,IA_facil,18,Derrota,7,Si
8599,IA_medio,18,Derrota,4,Si
8599,IA_dificil,20,Victoria,6,Si
8600,IA_facil,18,Victoria,8,Si
8600,IA_medio,17,Derrota,5,Si
8600,IA_dificil,23,Derrota,6,Si
8601,IA_facil,17,Derrota,7,Si
8601,IA_medio,20,Victoria,4,Si
8601,IA_dificil,18,Derrota,9,Si
8602,IA_facil,22,Derrota,9,Si
8602,IA_medio,17,Derrota,5,Si
8602,IA_dificil,18,Victoria,4,Si
8603,IA_facil,18,Derrota,4,Si
8603,IA_medio,17,Derrota,5,Si
8603,IA_dificil,20,Victoria,6,Si
8604,IA_facil,18,Victoria,6,Si
8604,IA_medio,17,Derrota,6,Si
8604,IA_dificil,17,Derrota,3,Si
8605,IA_facil,17,Derrota,4,Si
8605,IA_medio,21,Victoria,7,Si
8605,IA_dificil,20,Derrota,8,Si
8606,IA_facil,22,Derrota,6,Si
8606,IA_medio,23,Derrota,6,Si
8606,IA_dificil,22,Derrota,6,Si
8607,IA_facil,17,Derrota,5,Si
8607,IA_medio,20,Empate,4,Si
8607,IA_dificil,20,Empate,5,Si
8608,IA_facil,17,Derrota,6,Si
8608,IA_medio,20,Empate,6,Si
8608,IA_dificil,20,Empate,5,Si
8609,IA_facil,21,Empate,7,Si
8609,IA_medio,21,Empate,7,Si
8609,IA_dificil,23,Derrota,5,Si
8610,IA_facil,21,Victoria,4,Si
8610,IA_medio,19,Derrota,6,Si
8610,IA_dificil,18,Derrota,6,Si
8611,IA_facil,21,Victoria,5,Si
8611,IA_medio,17,Derrota,4,Si
8611,IA_dificil,23,Derrota,6,Si
8612,IA_facil,17,Derrota,6,Si
8612,IA_medio,22,Derrota,5,Si
8612,IA_dificil,19,Victoria,5,Si
8613,IA_facil,22,Derrota,7,Si
8613,IA_medio,18,Derrota,7,Si
8613,IA_dificil,20,Victoria,5,Si
8614,IA_facil,19,Derrota,7,Si
8614,IA_medio,21,Victoria,6,Si
8614,IA_dificil,22,Derrota,7,Si
8615,IA_facil,18,Derrota,5,Si
8615,IA_medio,17,Derrota,4,Si
8615,IA_dificil,19,Victoria,6,Si
8616,IA_facil,19,Derrota,5,Si
8616,IA_medio,21,Victoria,6,Si
8616,IA_dificil,19,Derrota,6,Si
8617,IA_facil,20,Derrota,5,Si
8617,IA_medio,21,Victoria,6,Si
8617,IA_dificil,22,Derrota,6,Si
8618,IA_facil,20,Victoria,5,Si
8618,IA_medio,25,Derrota,5,Si
8618,IA_dificil,19,Derrota,4,Si
8619,IA_facil,19,Derrota,7,Si
8619,IA_medio,18,Derrota,4,Si
8619,IA_dificil,21,Victoria,6,Si
8620,IA_facil,19,Derrota,5,Si
8620,IA_medio,19,Derrota,4,Si
8620,IA_dificil,20,Victoria,6,Si
8621,IA_facil,19,Derrota,4,Si
8621,IA_medio,20,Victoria,4,Si
8621,IA_dificil,19,Derrota,5,Si
8622,IA_facil,19,Derrota,4,Si
8622,IA_medio,20,Victoria,7,Si
8622,IA_dificil,18,Derrota,5,Si
8623,IA_facil,19,Empate,7,Si
8623,IA_medio,19,Empate,7,Si
8623,IA_dificil,17,Derrota,4,Si
8624,IA_facil,20,Victoria,6,Si
8624,IA_medio,17,Derrota,4,Si
8624,IA_dificil,17,Derrota,4,Si
8625,IA_facil,18,Derrota,6,Si
8625,IA_medio,17,Derrota,4,Si
8625,IA_dificil,20,Victoria,4,Si
8626,IA_facil,20,Empate,10,Si
8626,IA_medio,20,Empate,7,Si
8626,IA_dificil,19,Derrota,5,Si
8627,IA_facil,17,Empate,3,Si
8627,IA_medio,17,Empate,4,Si
8627,IA_dificil,23,Derrota,5,Si
8628,IA_facil,21,Victoria,5,Si
8628,IA_medio,22,Derrota,5,Si
8628,IA_dificil,17,Derrota,6,Si
8629,IA_facil,19,Empate,5,Si
8629,IA_medio,17,Derrota,5,Si
8629,IA_dificil,19,Empate,4,Si
8630,IA_facil,18,Derrota,8,Si
8630,IA_medio,20,Derrota,6,Si
8630,IA_dificil,21,Victoria,5,Si
8631,IA_facil,20,Victoria,5,Si
8631,IA_medio,19,Derrota,5,Si
8631,IA_dificil,19,Derrota,6,Si
8632,IA_facil,20,Victoria,6,Si
8632,IA_medio,17,Derrota,3,Si
8632,IA_dificil,17,Derrota,5,Si
8633,IA_facil,20,Empate,5,Si
8633,IA_medio,25,Derrota,6,Si
8633,IA_dificil,20,Empate,5,Si
8634,IA_facil,22,Derrota,6,Si
8634,IA_medio,19,Derrota,6,Si
8634,IA_dificil,20,Victoria,6,Si
8635,IA_facil,20,Victoria,5,Si
8635,IA_medio,23,Derrota,6,Si
8635,IA_dificil,19,Derrota,5,Si
8636,IA_facil,19,Derrota,6,Si
8636,IA_medio,19,Derrota,8,Si
8636,IA_dificil,21,Victoria,6,Si
8637,IA_facil,17,Derrota,6,Si
8637,IA_medio,21,Victoria,7,Si
8637,IA_dificil,22,Derrota,6,Si
8638,IA_facil,21,Victoria,6,Si
8638,IA_medio,19,Derrota,4,Si
8638,IA_dificil,22,Derrota,6,Si
8639,IA_facil,17,Derrota,9,Si
8639,IA_medio,22,Derrota,5,Si
8639,IA_dificil,20,Victoria,7,Si
8640,IA_facil,21,Victoria,7,Si
8640,IA_medio,19,Derrota,6,Si
8640,IA_dificil,19,Derrota,8,Si
8641,IA_facil,19,Derrota,4,Si
8641,IA_medio,23,Derrota,4,Si
8641,IA_dificil,20,Victoria,5,Si
8642,IA_facil,18,Derrota,5,Si
8642,IA_medio,20,Victoria,4,Si
8642,IA_dificil,22,Derrota,4,Si
8643,IA_facil,21,Victoria,7,Si
8643,IA_medio,24,Derrota,5,Si
8643,IA_dificil,20,Derrota,4,Si
8644,IA_facil,20,Empate,5,Si
8644,IA_medio,18,Derrota,5,Si
8644,IA_dificil,20,Empate,4,Si
8645,IA_facil,19,Derrota,6,Si
8645,IA_medio,20,Victoria,6,Si
8645,IA_dificil,17,Derrota,6,Si
8646,IA_facil,18,Derrota,4,Si
8646,IA_medio,20,Victoria,6,Si
8646,IA_dificil,18,Derrota,4,Si
8647,IA_facil,18,Empate,8,Si
8647,IA_medio,18,Empate,6,Si
8647,IA_dificil,24,Derrota,7,Si
8648,IA_facil,17,Derrota,7,Si
8648,IA_medio,18,Victoria,4,Si
8648,IA_dificil,17,Derrota,4,Si
8649,IA_facil,17,Derrota,5,Si
8649,IA_medio,21,Victoria,5,Si
8649,IA_dificil,18,Derrota,8,Si
8650,IA_facil,18,Derrota,6,Si
8650,IA_medio,20,Derrota,6,Si
8650,IA_dificil,21,Victoria,6,Si
8651,IA_facil,20,Victoria,5,Si
8651,IA_medio,18,Derrota,5,Si
8651,IA_dificil,17,Derrota,6,Si
8652,IA_facil,17,Derrota,5,Si
8652,IA_medio,20,Victoria,5,Si
8652,IA_dificil,24,Derrota,8,Si
8653,IA_facil,22,Derrota,5,Si
8653,IA_medio,23,Derrota,5,Si
8653,IA_dificil,20,Victoria,7,Si
8654,IA_facil,19,Empate,5,Si
8654,IA_medio,19,Empate,6,Si
8654,IA_dificil,25,Derrota,7,Si
8655,IA_facil,20,Derrota,5,Si
8655,IA_medio,25,Derrota,8,Si
8655,IA_dificil,21,Victoria,6,Si
8656,IA_facil,17,Derrota,5,Si
8656,IA_medio,18,Empate,7,Si
8656,IA_dificil,18,Empate,6,Si
8657,IA_facil,20,Victoria,6,Si
8657,IA_medio,23,Derrota,5,Si
8657,IA_dificil,19,Derrota,6,Si
8658,IA_facil,18,Empate,5,Si
8658,IA_medio,17,Derrota,4,Si
8658,IA_dificil,18,Empate,5,Si
8659,IA_facil,19,Victoria,5,Si
8659,IA_medio,25,Derrota,7,Si
8659,IA_dificil,18,Derrota,4,Si
8660,IA_facil,17,Derrota,6,Si
8660,IA_medio,24,Derrota,6,Si
8660,IA_dificil,20,Victoria,6,Si
8661,IA_facil,19,Empate,5,Si
8661,IA_medio,19,Empate,6,Si
8661,IA_dificil,23,Derrota,6,Si
8662,IA_facil,21,Empate,7,Si
8662,IA_medio,20,Derrota,5,Si
8662,IA_dificil,21,Empate,5,Si
8663,IA_facil,22,Derrota,6,Si
8663,IA_medio,17,Derrota,6,Si
8663,IA_dificil,21,Victoria,6,Si
8664,IA_facil,17,Derrota,7,Si
8664,IA_medio,24,Derrota,7,Si
8664,IA_dificil,21,Victoria,4,Si
8665,IA_facil,18,Derrota,5,Si
8665,IA_medio,17,Derrota,6,Si
8665,IA_dificil,20,Victoria,5,Si
8666,IA_facil,20,Empate,4,Si
8666,IA_medio,20,Empate,7,Si
8666,IA_dificil,19,Derrota,6,Si
8667,IA_facil,21,Empate,7,Si
8667,IA_medio,21,Empate,5,Si
8667,IA_dificil,18,Derrota,6,Si
8668,IA_facil,19,Empate,6,Si
8668,IA_medio,19,Empate,5,Si
8668,IA_dificil,18,Derrota,5,Si
8669,IA_facil,17,Victoria,6,Si
8669,IA_medio,22,Derrota,7,Si
8669,IA_dificil,23,Derrota,5,Si
8670,IA_facil,20,Empate,5,Si
8670,IA_medio,20,Empate,5,Si
8670,IA_dificil,18,Derrota,4,Si
8671,IA_facil,18,Derrota,4,Si
8671,IA_medio,20,Victoria,6,Si
8671,IA_dificil,19,Derrota,5,Si
8672,IA_facil,18,Derrota,5,Si
8672,IA_medio,19,Victoria,5,Si
8672,IA_dificil,25,Derrota,7,Si
8673,IA_facil,20,Victoria,6,Si
8673,IA_medio,19,Derrota,4,Si
8673,IA_dificil,17,Derrota,6,Si
8674,IA_facil,18,Derrota,5,Si
8674,IA_medio,21,Victoria,7,Si
8674,IA_dificil,18,Derrota,5,Si
8675,IA_facil,18,Derrota,6,Si
8675,IA_medio,21,Empate,6,Si
8675,IA_dificil,21,Empate,6,Si
8676,IA_facil,21,Victoria,6,Si
8676,IA_medio,18,Derrota,4,Si
8676,IA_dificil,17,Derrota,4,Si
8677,IA_facil,18,Derrota,4,Si
8677,IA_medio,21,Victoria,6,Si
8677,IA_dificil,18,Derrota,5,Si
8678,IA_facil,20,Empate,8,Si
8678,IA_medio,20,Empate,6,Si
8678,IA_dificil,17,Derrota,5,Si
8679,IA_facil,20,Derrota,7,Si
8679,IA_medio,21,Victoria,8,Si
8679,IA_dificil,19,Derrota,5,Si
8680,IA_facil,20,Victoria,5,Si
8680,IA_medio,22,Derrota,8,Si
8680,IA_dificil,18,Derrota,4,Si
8681,IA_facil,17,Derrota,4,Si
8681,IA_medio,21,Victoria,7,Si
8681,IA_dificil,17,Derrota,5,Si
8682,IA_facil,17,Derrota,3,Si
8682,IA_medio,19,Victoria,4,Si
8682,IA_dificil,18,Derrota,4,Si
8683,IA_facil,17,Derrota,6,Si
8683,IA_medio,19,Victoria,5,Si
8683,IA_dificil,22,Derrota,6,Si
8684,IA_facil,17,Derrota,5,Si
8684,IA_medio,21,Empate,6,Si
8684,IA_dificil,21,Empate,7,Si
8685,IA_facil,21,Victoria,5,Si
8685,IA_medio,23,Derrota,8,Si
8685,IA_dificil,17,Derrota,6,Si
8686,IA_facil,17,Derrota,5,Si
8686,IA_medio,25,Derrota,6,Si
8686,IA_dificil,20,Victoria,6,Si
8687,IA_facil,17,Derrota,5,Si
8687,IA_medio,19,Victoria,6,Si
8687,IA_dificil,18,Derrota,7,Si
8688,IA_facil,22,Derrota,6,Si
8688,IA_medio,20,Victoria,9,Si
8688,IA_dificil,19,Derrota,4,Si
8689,IA_facil,20,Derrota,6,Si
8689,IA_medio,21,Victoria,7,Si
8689,IA_dificil,22,Derrota,7,Si
8690,IA_facil,19,Derrota,5,Si
8690,IA_medio,17,Derrota,3,Si
8690,IA_dificil,20,Victoria,4,Si
8691,IA_facil,21,Victoria,7,Si
8691,IA_medio,23,Derrota,5,Si
8691,IA_dificil,23,Derrota,6,Si
8692,IA_facil,17,Derrota,5,Si
8692,IA_medio,20,Victoria,6,Si
8692,IA_dificil,19,Derrota,5,Si
8693,IA_facil,17,Derrota,4,Si
8693,IA_medio,25,Derrota,8,Si
8693,IA_dificil,18,Victoria,5,Si
8694,IA_facil,21,Victoria,6,Si
8694,IA_medio,18,Derrota,6,Si
8694,IA_dificil,20,Derrota,5,Si
8695,IA_facil,17,Empate,7,Si
8695,IA_medio,23,Derrota,5,Si
8695,IA_dificil,17,Empate,6,Si
8696,IA_facil,22,Derrota,6,Si
8696,IA_medio,20,Empate,6,Si
8696,IA_dificil,20,Empate,5,Si
8697,IA_facil,19,Empate,5,Si
8697,IA_medio,18,Derrota,4,Si
8697,IA_dificil,19,Empate,5,Si
8698,IA_facil,19,Victoria,6,Si
8698,IA_medio,18,Derrota,5,Si
8698,IA_dificil,24,Derrota,6,Si
8699,IA_facil,17,Derrota,6,Si
8699,IA_medio,20,Victoria,6,Si
8699,IA_dificil,17,Derrota,6,Si
8700,IA_facil,20,Victoria,7,Si
8700,IA_medio,23,Derrota,6,Si
8700,IA_dificil,23,Derrota,9,Si
8701,IA_facil,17,Derrota,4,Si
8701,IA_medio,17,Derrota,7,Si
8701,IA_dificil,19,Victoria,6,Si
8702,IA_facil,17,Derrota,5,Si
8702,IA_medio,22,Derrota,6,Si
8702,IA_dificil,18,Victoria,5,Si
8703,IA_facil,17,Derrota,4,Si
8703,IA_medio,22,Derrota,6,Si
8703,IA_dificil,19,Victoria,6,Si
8704,IA_facil,21,Victoria,7,Si
8704,IA_medio,19,Derrota,5,Si
8704,IA_dificil,22,Derrota,5,Si
8705,IA_facil,17,Derrota,6,Si
8705,IA_medio,23,Derrota,6,Si
8705,IA_dificil,19,Victoria,5,Si
8706,IA_facil,19,Derrota,5,Si
8706,IA_medio,17,Derrota,5,Si
8706,IA_dificil,21,Victoria,5,Si
8707,IA_facil,18,Derrota,5,Si
8707,IA_medio,21,Empate,6,Si
8707,IA_dificil,21,Empate,4,Si
8708,IA_facil,20,Derrota,8,Si
8708,IA_medio,21,Victoria,6,Si
8708,IA_dificil,17,Derrota,5,Si
8709,IA_facil,18,Derrota,5,Si
8709,IA_medio,20,Victoria,8,Si
8709,IA_dificil,22,Derrota,6,Si
8710,IA_facil,17,Derrota,4,Si
8710,IA_medio,22,Derrota,8,Si
8710,IA_dificil,19,Victoria,5,Si
8711,IA_facil,20,Victoria,7,Si
8711,IA_medio,17,Derrota,4,Si
8711,IA_dificil,19,Derrota,5,Si
8712,IA_facil,19,Victoria,5,Si
8712,IA_medio,17,Derrota,3,Si
8712,IA_dificil,18,Derrota,5,Si
8713,IA_facil,18,Derrota,4,Si
8713,IA_medio,20,Victoria,5,Si
8713,IA_dificil,17,Derrota,3,Si
8714,IA_facil,17,Empate,6,Si
8714,IA_medio,22,Derrota,6,Si
8714,IA_dificil,17,Empate,6,Si
8715,IA_facil,21,Victoria,8,Si
8715,IA_medio,23,Derrota,6,Si
8715,IA_dificil,17,Derrota,4,Si
8716,IA_facil,19,Empate,4,Si
8716,IA_medio,25,Derrota,8,Si
8716,IA_dificil,19,Empate,10,Si
8717,IA_facil,17,Victoria,6,Si
8717,IA_medio,22,Derrota,5,Si
8717,IA_dificil,22,Derrota,5,Si
8718,IA_facil,22,Derrota,6,Si
8718,IA_medio,23,Derrota,7,Si
8718,IA_dificil,23,Derrota,6,Si
8719,IA_facil,18,Derrota,5,Si
8719,IA_medio,19,Victoria,6,Si
8719,IA_dificil,17,Derrota,5,Si
8720,IA_facil,20,Victoria,5,Si
8720,IA_medio,22,Derrota,5,Si
8720,IA_dificil,24,Derrota,7,Si
8721,IA_facil,18,Derrota,4,Si
8721,IA_medio,22,Derrota,5,Si
8721,IA_dificil,21,Victoria,7,Si
8722,IA_facil,19,Victoria,4,Si
8722,IA_medio,17,Derrota,5,Si
8722,IA_dificil,22,Derrota,7,Si
8723,IA_facil,17,Derrota,4,Si
8723,IA_medio,19,Empate,4,Si
8723,IA_dificil,19,Empate,5,Si
8724,IA_facil,18,Derrota,5,Si
8724,IA_medio,20,Empate,5,Si
8724,IA_dificil,20,Empate,8,Si
8725,IA_facil,17,Derrota,6,Si
8725,IA_medio,17,Derrota,6,Si
8725,IA_dificil,20,Victoria,4,Si
8726,IA_facil,19,Derrota,5,Si
8726,IA_medio,18,Derrota,5,Si
8726,IA_dificil,20,Victoria,4,Si
8727,IA_facil,17,Empate,5,Si
8727,IA_medio,22,Derrota,4,Si
8727,IA_dificil,17,Empate,7,Si
8728,IA_facil,19,Victoria,5,Si
8728,IA_medio,22,Derrota,6,Si
8728,IA_dificil,17,Derrota,6,Si
8729,IA_facil,19,Derrota,6,Si
8729,IA_medio,24,Derrota,6,Si
8729,IA_dificil,21,Victoria,7,Si
8730,IA_facil,20,Empate,5,Si
8730,IA_medio,22,Derrota,6,Si
8730,IA_dificil,20,Empate,5,Si
8731,IA_facil,20,Victoria,6,Si
8731,IA_medio,23,Derrota,4,Si
8731,IA_dificil,19,Derrota,5,Si
8732,IA_facil,18,Derrota,8,Si
8732,IA_medio,21,Empate,6,Si
8732,IA_dificil,21,Empate,4,Si
8733,IA_facil,18,Derrota,6,Si
8733,IA_medio,17,Derrota,4,Si
8733,IA_dificil,21,Victoria,6,Si
8734,IA_facil,20,Victoria,7,Si
8734,IA_medio,19,Derrota,4,Si
8734,IA_dificil,17,Derrota,5,Si
8735,IA_facil,20,Victoria,6,Si
8735,IA_medio,18,Derrota,5,Si
8735,IA_dificil,18,Derrota,4,Si
8736,IA_facil,18,Victoria,5,Si
8736,IA_medio,22,Derrota,7,Si
8736,IA_dificil,17,Derrota,6,Si
8737,IA_facil,17,Derrota,6,Si
8737,IA_medio,20,Victoria,4,Si
8737,IA_dificil,17,Derrota,6,Si
8738,IA_facil,19,Victoria,4,Si
8738,IA_medio,23,Derrota,8,Si
8738,IA_dificil,18,Derrota,5,Si
8739,IA_facil,17,Derrota,6,Si
8739,IA_medio,18,Victoria,5,Si
8739,IA_dificil,23,Derrota,7,Si
8740,IA_facil,19,Victoria,5,Si
8740,IA_medio,17,Derrota,4,Si
8740,IA_dificil,17,Derrota,5,Si
8741,IA_facil,19,Empate,4,Si
8741,IA_medio,19,Empate,8,Si
8741,IA_dificil,23,Derrota,5,Si
8742,IA_facil,19,Derrota,5,Si
8742,IA_medio,21,Victoria,6,Si
8742,IA_dificil,19,Derrota,7,Si
8743,IA_facil,19,Derrota,5,Si
8743,IA_medio,21,Empate,5,Si
8743,IA_dificil,21,Empate,4,Si
8744,IA_facil,17,Derrota,7,Si
8744,IA_medio,18,Derrota,7,Si
8744,IA_dificil,21,Victoria,5,Si
8745,IA_facil,18,Derrota,5,Si
8745,IA_medio,17,Derrota,4,Si
8745,IA_dificil,20,Victoria,4,Si
8746,IA_facil,19,Derrota,4,Si
8746,IA_medio,24,Derrota,7,Si
8746,IA_dificil,21,Victoria,7,Si
8747,IA_facil,20,Derrota,9,Si
8747,IA_medio,19,Derrota,6,Si
8747,IA_dificil,21,Victoria,5,Si
8748,IA_facil,20,Derrota,5,Si
8748,IA_medio,20,Derrota,4,Si
8748,IA_dificil,21,Victoria,5,Si
8749,IA_facil,19,Derrota,5,Si
8749,IA_medio,23,Derrota,8,Si
8749,IA_dificil,20,Victoria,6,Si
8750,IA_facil,18,Derrota,4,Si
8750,IA_medio,22,Derrota,6,Si
8750,IA_dificil,20,Victoria,6,Si
8751,IA_facil,18,Derrota,6,Si
8751,IA_medio,25,Derrota,8,Si
8751,IA_dificil,21,Victoria,5,Si
8752,IA_facil,20,Victoria,5,Si
8752,IA_medio,19,Derrota,4,Si
8752,IA_dificil,18,Derrota,3,Si
8753,IA_facil,19,Victoria,5,Si
8753,IA_medio,17,Derrota,7,Si
8753,IA_dificil,17,Derrota,3,Si
8754,IA_facil,20,Victoria,5,Si
8754,IA_medio,23,Derrota,7,Si
8754,IA_dificil,18,Derrota,6,Si
8755,IA_facil,22,Derrota,7,Si
8755,IA_medio,18,Derrota,5,Si
8755,IA_dificil,20,Victoria,5,Si
8756,IA_facil,17,Derrota,4,Si
8756,IA_medio,21,Victoria,8,Si
8756,IA_dificil,22,Derrota,10,Si
8757,IA_facil,20,Empate,5,Si
8757,IA_medio,17,Derrota,6,Si
8757,IA_dificil,20,Empate,5,Si
8758,IA_facil,17,Derrota,4,Si
8758,IA_medio,21,Victoria,6,Si
8758,IA_dificil,17,Derrota,6,Si
8759,IA_facil,20,Derrota,5,Si
8759,IA_medio,20,Derrota,5,Si
8759,IA_dificil,21,Victoria,6,Si
8760,IA_facil,18,Derrota,6,Si
8760,IA_medio,22,Derrota,6,Si
8760,IA_dificil,21,Victoria,6,Si
8761,IA_facil,21,Victoria,6,Si
8761,IA_medio,19,Derrota,5,Si
8761,IA_dificil,20,Derrota,7,Si
8762,IA_facil,17,Derrota,6,Si
8762,IA_medio,18,Empate,4,Si
8762,IA_dificil,18,Empate,5,Si
8763,IA_facil,22,Derrota,6,Si
8763,IA_medio,21,Victoria,5,Si
8763,IA_dificil,18,Derrota,6,Si
8764,IA_facil,18,Derrota,6,Si
8764,IA_medio,18,Derrota,8,Si
8764,IA_dificil,20,Victoria,6,Si
8765,IA_facil,20,Empate,4,Si
8765,IA_medio,20,Empate,6,Si
8765,IA_dificil,19,Derrota,4,Si
8766,IA_facil,21,Victoria,6,Si
8766,IA_medio,19,Derrota,5,Si
8766,IA_dificil,23,Derrota,5,Si
8767,IA_facil,17,Derrota,5,Si
8767,IA_medio,20,Victoria,5,Si
8767,IA_dificil,23,Derrota,7,Si
8768,IA_facil,18,Victoria,6,Si
8768,IA_medio,17,Derrota,6,Si
8768,IA_dificil,17,Derrota,4,Si
8769,IA_facil,17,Derrota,7,Si
8769,IA_medio,19,Victoria,6,Si
8769,IA_dificil,17,Derrota,6,Si
8770,IA_facil,18,Derrota,6,Si
8770,IA_medio,18,Derrota,4,Si
8770,IA_dificil,19,Victoria,4,Si
8771,IA_facil,17,Empate,6,Si
8771,IA_medio,17,Empate,5,Si
8771,IA_dificil,17,Empate,5,Si
8772,IA_facil,18,Derrota,5,Si
8772,IA_medio,20,Victoria,8,Si
8772,IA_dificil,17,Derrota,4,Si
8773,IA_facil,21,Victoria,5,Si
8773,IA_medio,19,Derrota,6,Si
8773,IA_dificil,20,Derrota,5,Si
8774,IA_facil,17,Derrota,4,Si
8774,IA_medio,20,Victoria,5,Si
8774,IA_dificil,19,Derrota,4,Si
8775,IA_facil,22,Derrota,6,Si
8775,IA_medio,20,Victoria,4,Si
8775,IA_dificil,19,Derrota,6,Si
8776,IA_facil,20,Empate,7,Si
8776,IA_medio,18,Derrota,4,Si
8776,IA_dificil,20,Empate,6,Si
8777,IA_facil,19,Derrota,5,Si
8777,IA_medio,18,Derrota,4,Si
8777,IA_dificil,20,Victoria,7,Si
8778,IA_facil,17,Empate,6,Si
8778,IA_medio,17,Empate,5,Si
8778,IA_dificil,17,Empate,5,Si
8779,IA_facil,19,Victoria,4,Si
8779,IA_medio,17,Derrota,5,Si
8779,IA_dificil,17,Derrota,6,Si
8780,IA_facil,22,Derrota,5,Si
8780,IA_medio,20,Victoria,6,Si
8780,IA_dificil,17,Derrota,4,Si
8781,IA_facil,20,Derrota,7,Si
8781,IA_medio,19,Derrota,4,Si
8781,IA_dificil,21,Victoria,6,Si
8782,IA_facil,19,Empate,8,Si
8782,IA_medio,17,Derrota,4,Si
8782,IA_dificil,19,Empate,7,Si
8783,IA_facil,21,Victoria,4,Si
8783,IA_medio,24,Derrota,6,Si
8783,IA_dificil,19,Derrota,4,Si
8784,IA_facil,17,Derrota,4,Si
8784,IA_medio,19,Derrota,6,Si
8784,IA_dificil,20,Victoria,6,Si
8785,IA_facil,19,Empate,5,Si
8785,IA_medio,19,Empate,5,Si
8785,IA_dificil,17,Derrota,5,Si
8786,IA_facil,19,Victoria,5,Si
8786,IA_medio,17,Derrota,4,Si
8786,IA_dificil,17,Derrota,5,Si
8787,IA_facil,19,Derrota,5,Si
8787,IA_medio,19,Derrota,7,Si
8787,IA_dificil,21,Victoria,5,Si
8788,IA_facil,17,Derrota,5,Si
8788,IA_medio,17,Derrota,6,Si
8788,IA_dificil,19,Victoria,5,Si
8789,IA_facil,19,Empate,4,Si
8789,IA_medio,19,Empate,5,Si
8789,IA_dificil,18,Derrota,4,Si
8790,IA_facil,17,Derrota,4,Si
8790,IA_medio,21,Victoria,8,Si
8790,IA_dificil,17,Derrota,7,Si
8791,IA_facil,18,Derrota,8,Si
8791,IA_medio,20,Victoria,5,Si
8791,IA_dificil,18,Derrota,5,Si
8792,IA_facil,20,Derrota,6,Si
8792,IA_medio,21,Victoria,6,Si
8792,IA_dificil,17,Derrota,6,Si
8793,IA_facil,18,Victoria,5,Si
8793,IA_medio,22,Derrota,7,Si
8793,IA_dificil,17,Derrota,5,Si
8794,IA_facil,17,Derrota,6,Si
8794,IA_medio,18,Victoria,4,Si
8794,IA_dificil,22,Derrota,7,Si
8795,IA_facil,18,Empate,6,Si
8795,IA_medio,18,Empate,6,Si
8795,IA_dificil,17,Derrota,6,Si
8796,IA_facil,19,Derrota,4,Si
8796,IA_medio,20,Victoria,5,Si
8796,IA_dificil,22,Derrota,7,Si
8797,IA_facil,22,Derrota,6,Si
8797,IA_medio,20,Empate,5,Si
8797,IA_dificil,20,Empate,4,Si
8798,IA_facil,19,Victoria,6,Si
8798,IA_medio,25,Derrota,6,Si
8798,IA_dificil,22,Derrota,5,Si
8799,IA_facil,20,Empate,5,Si
8799,IA_medio,20,Empate,7,Si
8799,IA_dificil,17,Derrota,6,Si
8800,IA_facil,21,Victoria,7,Si
8800,IA_medio,19,Derrota,5,Si
8800,IA_dificil,19,Derrota,5,Si
8801,IA_facil,20,Victoria,5,Si
8801,IA_medio,18,Derrota,5,Si
8801,IA_dificil,17,Derrota,6,Si
8802,IA_facil,19,Victoria,5,Si
8802,IA_medio,23,Derrota,6,Si
8802,IA_dificil,18,Derrota,5,Si
8803,IA_facil,20,Victoria,5,Si
8803,IA_medio,17,Derrota,6,Si
8803,IA_dificil,17,Derrota,5,Si
8804,IA_facil,17,Derrota,5,Si
8804,IA_medio,20,Derrota,5,Si
8804,IA_dificil,21,Victoria,5,Si
8805,IA_facil,20,Derrota,4,Si
8805,IA_medio,21,Victoria,6,Si
8805,IA_dificil,18,Derrota,6,Si
8806,IA_facil,17,Derrota,3,Si
8806,IA_medio,18,Derrota,7,Si
8806,IA_dificil,20,Victoria,7,Si
8807,IA_facil,22,Derrota,4,Si
8807,IA_medio,22,Derrota,5,Si
8807,IA_dificil,18,Victoria,6,Si
8808,IA_facil,18,Derrota,6,Si
8808,IA_medio,19,Derrota,5,Si
8808,IA_dificil,21,Victoria,6,Si
8809,IA_facil,20,Victoria,5,Si
8809,IA_medio,17,Derrota,8,Si
8809,IA_dificil,17,Derrota,5,Si
8810,IA_facil,17,Derrota,6,Si
8810,IA_medio,20,Victoria,8,Si
8810,IA_dificil,22,Derrota,8,Si
8811,IA_facil,18,Derrota,4,Si
8811,IA_medio,22,Derrota,5,Si
8811,IA_dificil,20,Victoria,7,Si
8812,IA_facil,22,Derrota,6,Si
8812,IA_medio,19,Victoria,6,Si
8812,IA_dificil,17,Derrota,8,Si
8813,IA_facil,21,Empate,4,Si
8813,IA_medio,17,Derrota,7,Si
8813,IA_dificil,21,Empate,6,Si
8814,IA_facil,22,Derrota,6,Si
8814,IA_medio,20,Victoria,5,Si
8814,IA_dificil,18,Derrota,6,Si
8815,IA_facil,20,Empate,8,Si
8815,IA_medio,20,Empate,5,Si
8815,IA_dificil,17,Derrota,7,Si
8816,IA_facil,17,Derrota,4,Si
8816,IA_medio,19,Derrota,6,Si
8816,IA_dificil,21,Victoria,5,Si
8817,IA_facil,19,Derrota,5,Si
8817,IA_medio,20,Derrota,6,Si
8817,IA_dificil,21,Victoria,6,Si
8818,IA_facil,22,Derrota,6,Si
8818,IA_medio,18,Derrota,4,Si
8818,IA_dificil,21,Victoria,5,Si
8819,IA_facil,17,Empate,5,Si
8819,IA_medio,17,Empate,5,Si
8819,IA_dificil,23,Derrota,7,Si
8820,IA_facil,17,Derrota,4,Si
8820,IA_medio,22,Derrota,4,Si
8820,IA_dificil,18,Victoria,6,Si
8821,IA_facil,18,Derrota,4,Si
8821,IA_medio,20,Empate,6,Si
8821,IA_dificil,20,Empate,4,Si
8822,IA_facil,19,Derrota,6,Si
8822,IA_medio,21,Victoria,4,Si
8822,IA_dificil,20,Derrota,6,Si
8823,IA_facil,18,Derrota,6,Si
8823,IA_medio,20,Victoria,6,Si
8823,IA_dificil,18,Derrota,4,Si
8824,IA_facil,19,Derrota,7,Si
8824,IA_medio,21,Victoria,7,Si
8824,IA_dificil,24,Derrota,8,Si
8825,IA_facil,18,Empate,6,Si
8825,IA_medio,18,Empate,4,Si
8825,IA_dificil,17,Derrota,4,Si
8826,IA_facil,17,Derrota,4,Si
8826,IA_medio,19,Empate,5,Si
8826,IA_dificil,19,Empate,4,Si
8827,IA_facil,22,Derrota,5,Si
8827,IA_medio,20,Victoria,5,Si
8827,IA_dificil,18,Derrota,5,Si
8828,IA_facil,18,Derrota,4,Si
8828,IA_medio,19,Derrota,6,Si
8828,IA_dificil,20,Victoria,5,Si
8829,IA_facil,20,Victoria,4,Si
8829,IA_medio,22,Derrota,7,Si
8829,IA_dificil,17,Derrota,6,Si
8830,IA_facil,22,Derrota,5,Si
8830,IA_medio,19,Derrota,4,Si
8830,IA_dificil,21,Victoria,4,Si
8831,IA_facil,18,Derrota,5,Si
8831,IA_medio,20,Victoria,7,Si
8831,IA_dificil,22,Derrota,8,Si
8832,IA_facil,18,Victoria,4,Si
8832,IA_medio,17,Derrota,4,Si
8832,IA_dificil,17,Derrota,5,Si
8833,IA_facil,18,Derrota,8,Si
8833,IA_medio,21,Victoria,4,Si
8833,IA_dificil,19,Derrota,5,Si
8834,IA_facil,17,Derrota,7,Si
8834,IA_medio,20,Victoria,8,Si
8834,IA_dificil,17,Derrota,3,Si
8835,IA_facil,21,Empate,6,Si
8835,IA_medio,21,Empate,5,Si
8835,IA_dificil,20,Derrota,6,Si
8836,IA_facil,20,Empate,5,Si
8836,IA_medio,20,Empate,7,Si
8836,IA_dificil,20,Empate,6,Si
8837,IA_facil,17,Victoria,4,Si
8837,IA_medio,22,Derrota,5,Si
8837,IA_dificil,22,Derrota,8,Si
8838,IA_facil,20,Victoria,6,Si
8838,IA_medio,22,Derrota,6,Si
8838,IA_dificil,19,Derrota,4,Si
8839,IA_facil,18,Derrota,5,Si
8839,IA_medio,21,Empate,8,Si
8839,IA_dificil,21,Empate,4,Si
8840,IA_facil,19,Empate,5,Si
8840,IA_medio,19,Empate,5,Si
8840,IA_dificil,17,Derrota,4,Si
8841,IA_facil,18,Derrota,5,Si
8841,IA_medio,21,Victoria,6,Si
8841,IA_dificil,22,Derrota,6,Si
8842,IA_facil,18,Derrota,5,Si
8842,IA_medio,21,Victoria,5,Si
8842,IA_dificil,23,Derrota,5,Si
8843,IA_facil,17,Derrota,5,Si
8843,IA_medio,21,Victoria,5,Si
8843,IA_dificil,17,Derrota,5,Si
8844,IA_facil,17,Empate,6,Si
8844,IA_medio,17,Empate,10,Si
8844,IA_dificil,17,Empate,5,Si
8845,IA_facil,18,Derrota,4,Si
8845,IA_medio,18,Derrota,5,Si
8845,IA_dificil,19,Victoria,5,Si
8846,IA_facil,18,Derrota,4,Si
8846,IA_medio,21,Victoria,5,Si
8846,IA_dificil,17,Derrota,4,Si
8847,IA_facil,18,Victoria,5,Si
8847,IA_medio,24,Derrota,5,Si
8847,IA_dificil,17,Derrota,3,Si
8848,IA_facil,17,Empate,6,Si
8848,IA_medio,23,Derrota,7,Si
8848,IA_dificil,17,Empate,7,Si
8849,IA_facil,21,Victoria,5,Si
8849,IA_medio,20,Derrota,5,Si
8849,IA_dificil,19,Derrota,4,Si
8850,IA_facil,20,Empate,5,Si
8850,IA_medio,20,Empate,5,Si
8850,IA_dificil,19,Derrota,6,Si
8851,IA_facil,18,Derrota,4,Si
8851,IA_medio,18,Derrota,6,Si
8851,IA_dificil,20,Victoria,5,Si
8852,IA_facil,18,Derrota,5,Si
8852,IA_medio,18,Derrota,6,Si
8852,IA_dificil,20,Victoria,6,Si
8853,IA_facil,19,Victoria,6,Si
8853,IA_medio,17,Derrota,5,Si
8853,IA_dificil,17,Derrota,5,Si
8854,IA_facil,20,Empate,4,Si
8854,IA_medio,20,Empate,4,Si
8854,IA_dificil,19,Derrota,7,Si
8855,IA_facil,17,Derrota,6,Si
8855,IA_medio,17,Derrota,3,Si
8855,IA_dificil,20,Victoria,5,Si
8856,IA_facil,20,Derrota,5,Si
8856,IA_medio,22,Derrota,5,Si
8856,IA_dificil,21,Victoria,5,Si
8857,IA_facil,17,Derrota,6,Si
8857,IA_medio,17,Derrota,7,Si
8857,IA_dificil,21,Victoria,6,Si
8858,IA_facil,17,Derrota,5,Si
8858,IA_medio,18,Derrota,5,Si
8858,IA_dificil,19,Victoria,5,Si
8859,IA_facil,17,Derrota,5,Si
8859,IA_medio,20,Victoria,4,Si
8859,IA_dificil,22,Derrota,7,Si
8860,IA_facil,17,Derrota,5,Si
8860,IA_medio,21,Victoria,4,Si
8860,IA_dificil,23,Derrota,5,Si
8861,IA_facil,17,Derrota,4,Si
8861,IA_medio,21,Victoria,8,Si
8861,IA_dificil,17,Derrota,3,Si
8862,IA_facil,21,Victoria,6,Si
8862,IA_medio,17,Derrota,4,Si
8862,IA_dificil,17,Derrota,4,Si
8863,IA_facil,17,Derrota,4,Si
8863,IA_medio,20,Empate,5,Si
8863,IA_dificil,20,Empate,5,Si
8864,IA_facil,18,Empate,5,Si
8864,IA_medio,22,Derrota,6,Si
8864,IA_dificil,18,Empate,6,Si
8865,IA_facil,18,Derrota,5,Si
8865,IA_medio,17,Derrota,5,Si
8865,IA_dificil,20,Victoria,5,Si
8866,IA_facil,17,Derrota,4,Si
8866,IA_medio,20,Derrota,5,Si
8866,IA_dificil,21,Victoria,7,Si
8867,IA_facil,19,Derrota,5,Si
8867,IA_medio,20,Victoria,7,Si
8867,IA_dificil,17,Derrota,5,Si
8868,IA_facil,17,Derrota,7,Si
8868,IA_medio,18,Victoria,6,Si
8868,IA_dificil,17,Derrota,4,Si
8869,IA_facil,18,Derrota,6,Si
8869,IA_medio,20,Derrota,5,Si
8869,IA_dificil,21,Victoria,5,Si
8870,IA_facil,17,Derrota,7,Si
8870,IA_medio,18,Empate,6,Si
8870,IA_dificil,18,Empate,5,Si
8871,IA_facil,17,Derrota,5,Si
8871,IA_medio,21,Victoria,5,Si
8871,IA_dificil,22,Derrota,7,Si
8872,IA_facil,21,Victoria,7,Si
8872,IA_medio,25,Derrota,7,Si
8872,IA_dificil,19,Derrota,4,Si
8873,IA_facil,20,Derrota,6,Si
8873,IA_medio,24,Derrota,8,Si
8873,IA_dificil,21,Victoria,7,Si
8874,IA_facil,20,Victoria,6,Si
8874,IA_medio,23,Derrota,6,Si
8874,IA_dificil,22,Derrota,7,Si
8875,IA_facil,21,Victoria,6,Si
8875,IA_medio,19,Derrota,6,Si
8875,IA_dificil,20,Derrota,6,Si
8876,IA_facil,17,Derrota,5,Si
8876,IA_medio,21,Victoria,8,Si
8876,IA_dificil,17,Derrota,4,Si
8877,IA_facil,18,Victoria,4,Si
8877,IA_medio,17,Derrota,4,Si
8877,IA_dificil,17,Derrota,5,Si
8878,IA_facil,17,Derrota,6,Si
8878,IA_medio,18,Derrota,6,Si
8878,IA_dificil,20,Victoria,5,Si
8879,IA_facil,19,Empate,5,Si
8879,IA_medio,17,Derrota,5,Si
8879,IA_dificil,19,Empate,6,Si
8880,IA_facil,22,Derrota,6,Si
8880,IA_medio,19,Empate,6,Si
8880,IA_dificil,19,Empate,5,Si
8881,IA_facil,21,Empate,6,Si
8881,IA_medio,21,Empate,5,Si
8881,IA_dificil,21,Empate,6,Si
8882,IA_facil,22,Derrota,4,Si
8882,IA_medio,20,Derrota,6,Si
8882,IA_dificil,21,Victoria,5,Si
8883,IA_facil,20,Victoria,6,Si
8883,IA_medio,23,Derrota,6,Si
8883,IA_dificil,19,Derrota,8,Si
8884,IA_facil,17,Empate,4,Si
8884,IA_medio,17,Empate,4,Si
8884,IA_dificil,17,Empate,4,Si
8885,IA_facil,22,Derrota,5,Si
8885,IA_medio,19,Empate,6,Si
8885,IA_dificil,19,Empate,7,Si
8886,IA_facil,19,Victoria,4,Si
8886,IA_medio,22,Derrota,5,Si
8886,IA_dificil,17,Derrota,5,Si
8887,IA_facil,22,Derrota,4,Si
8887,IA_medio,19,Victoria,7,Si
8887,IA_dificil,18,Derrota,4,Si
8888,IA_facil,21,Victoria,7,Si
8888,IA_medio,20,Derrota,6,Si
8888,IA_dificil,20,Derrota,5,Si
8889,IA_facil,19,Victoria,5,Si
8889,IA_medio,17,Derrota,4,Si
8889,IA_dificil,18,Derrota,6,Si
8890,IA_facil,22,Derrota,5,Si
8890,IA_medio,17,Empate,4,Si
8890,IA_dificil,17,Empate,6,Si
8891,IA_facil,18,Victoria,7,Si
8891,IA_medio,24,Derrota,6,Si
8891,IA_dificil,17,Derrota,4,Si
8892,IA_facil,18,Derrota,8,Si
8892,IA_medio,20,Victoria,6,Si
8892,IA_dificil,18,Derrota,4,Si
8893,IA_facil,17,Derrota,3,Si
8893,IA_medio,19,Victoria,4,Si
8893,IA_dificil,18,Derrota,7,Si
8894,IA_facil,19,Derrota,6,Si
8894,IA_medio,23,Derrota,9,Si
8894,IA_dificil,21,Victoria,5,Si
8895,IA_facil,20,Empate,5,Si
8895,IA_medio,22,Derrota,5,Si
8895,IA_dificil,20,Empate,7,Si
8896,IA_facil,18,Derrota,4,Si
8896,IA_medio,20,Victoria,5,Si
8896,IA_dificil,18,Derrota,5,Si
8897,IA_facil,17,Empate,6,Si
8897,IA_medio,22,Derrota,7,Si
8897,IA_dificil,17,Empate,7,Si
8898,IA_facil,20,Empate,4,Si
8898,IA_medio,20,Empate,6,Si
8898,IA_dificil,19,Derrota,7,Si
8899,IA_facil,21,Victoria,7,Si
8899,IA_medio,22,Derrota,5,Si
8899,IA_dificil,19,Derrota,4,Si
8900,IA_facil,21,Victoria,6,Si
8900,IA_medio,20,Derrota,6,Si
8900,IA_dificil,19,Derrota,6,Si
8901,IA_facil,17,Derrota,5,Si
8901,IA_medio,20,Victoria,5,Si
8901,IA_dificil,23,Derrota,7,Si
8902,IA_facil,17,Empate,4,Si
8902,IA_medio,22,Derrota,4,Si
8902,IA_dificil,17,Empate,5,Si
8903,IA_facil,18,Derrota,5,Si
8903,IA_medio,19,Victoria,6,Si
8903,IA_dificil,17,Derrota,5,Si
8904,IA_facil,17,Derrota,4,Si
8904,IA_medio,24,Derrota,7,Si
8904,IA_dificil,19,Victoria,4,Si
8905,IA_facil,18,Victoria,5,Si
8905,IA_medio,23,Derrota,7,Si
8905,IA_dificil,22,Derrota,8,Si
8906,IA_facil,21,Empate,6,Si
8906,IA_medio,20,Derrota,6,Si
8906,IA_dificil,21,Empate,6,Si
8907,IA_facil,18,Derrota,6,Si
8907,IA_medio,21,Victoria,6,Si
8907,IA_dificil,20,Derrota,5,Si
8908,IA_facil,17,Derrota,4,Si
8908,IA_medio,20,Victoria,4,Si
8908,IA_dificil,18,Derrota,6,Si
8909,IA_facil,18,Derrota,5,Si
8909,IA_medio,20,Empate,5,Si
8909,IA_dificil,20,Empate,7,Si
8910,IA_facil,20,Victoria,4,Si
8910,IA_medio,17,Derrota,5,Si
8910,IA_dificil,18,Derrota,6,Si
8911,IA_facil,18,Derrota,4,Si
8911,IA_medio,18,Derrota,6,Si
8911,IA_dificil,20,Victoria,5,Si
8912,IA_facil,19,Derrota,5,Si
8912,IA_medio,20,Victoria,4,Si
8912,IA_dificil,17,Derrota,5,Si
8913,IA_facil,18,Empate,4,Si
8913,IA_medio,18,Empate,6,Si
8913,IA_dificil,22,Derrota,6,Si
8914,IA_facil,19,Derrota,5,Si
8914,IA_medio,20,Victoria,6,Si
8914,IA_dificil,18,Derrota,6,Si
8915,IA_facil,20,Empate,5,Si
8915,IA_medio,20,Empate,4,Si
8915,IA_dificil,18,Derrota,7,Si
8916,IA_facil,19,Empate,5,Si
8916,IA_medio,22,Derrota,7,Si
8916,IA_dificil,19,Empate,6,Si
8917,IA_facil,18,Derrota,5,Si
8917,IA_medio,20,Victoria,6,Si
8917,IA_dificil,19,Derrota,6,Si
8918,IA_facil,18,Victoria,4,Si
8918,IA_medio,22,Derrota,8,Si
8918,IA_dificil,23,Derrota,9,Si
8919,IA_facil,17,Derrota,5,Si
8919,IA_medio,20,Victoria,5,Si
8919,IA_dificil,18,Derrota,6,Si
8920,IA_facil,18,Derrota,5,Si
8920,IA_medio,22,Derrota,6,Si
8920,IA_dificil,20,Victoria,5,Si
8921,IA_facil,19,Victoria,8,Si
8921,IA_medio,25,Derrota,7,Si
8921,IA_dificil,17,Derrota,4,Si
8922,IA_facil,17,Derrota,5,Si
8922,IA_medio,19,Victoria,5,Si
8922,IA_dificil,17,Derrota,5,Si
8923,IA_facil,18,Derrota,7,Si
8923,IA_medio,22,Derrota,6,Si
8923,IA_dificil,19,Victoria,8,Si
8924,IA_facil,17,Derrota,5,Si
8924,IA_medio,17,Derrota,6,Si
8924,IA_dificil,19,Victoria,5,Si
8925,IA_facil,22,Derrota,5,Si
8925,IA_medio,20,Derrota,4,Si
8925,IA_dificil,21,Victoria,6,Si
8926,IA_facil,18,Derrota,6,Si
8926,IA_medio,20,Empate,8,Si
8926,IA_dificil,20,Empate,6,Si
8927,IA_facil,20,Victoria,6,Si
8927,IA_medio,18,Derrota,4,Si
8927,IA_dificil,17,Derrota,8,Si
8928,IA_facil,20,Derrota,5,Si
8928,IA_medio,20,Derrota,6,Si
8928,IA_dificil,21,Victoria,7,Si
8929,IA_facil,19,Empate,6,Si
8929,IA_medio,22,Derrota,6,Si
8929,IA_dificil,19,Empate,8,Si
8930,IA_facil,18,Empate,7,Si
8930,IA_medio,17,Derrota,7,Si
8930,IA_dificil,18,Empate,7,Si
8931,IA_facil,21,Empate,6,Si
8931,IA_medio,22,Derrota,6,Si
8931,IA_dificil,21,Empate,7,Si
8932,IA_facil,18,Victoria,8,Si
8932,IA_medio,23,Derrota,7,Si
8932,IA_dificil,17,Derrota,7,Si
8933,IA_facil,20,Victoria,5,Si
8933,IA_medio,18,Derrota,5,Si
8933,IA_dificil,19,Derrota,5,Si
8934,IA_facil,22,Derrota,8,Si
8934,IA_medio,20,Victoria,4,Si
8934,IA_dificil,17,Derrota,5,Si
8935,IA_facil,21,Victoria,7,Si
8935,IA_medio,24,Derrota,6,Si
8935,IA_dificil,20,Derrota,5,Si
8936,IA_facil,20,Victoria,6,Si
8936,IA_medio,25,Derrota,7,Si
8936,IA_dificil,19,Derrota,9,Si
8937,IA_facil,17,Derrota,5,Si
8937,IA_medio,17,Derrota,6,Si
8937,IA_dificil,19,Victoria,6,Si
8938,IA_facil,17,Derrota,6,Si
8938,IA_medio,17,Derrota,6,Si
8938,IA_dificil,20,Victoria,4,Si
8939,IA_facil,17,Derrota,5,Si
8939,IA_medio,19,Victoria,8,Si
8939,IA_dificil,22,Derrota,4,Si
8940,IA_facil,22,Derrota,5,Si
8940,IA_medio,21,Empate,7,Si
8940,IA_dificil,21,Empate,8,Si
8941,IA_facil,19,Derrota,6,Si
8941,IA_medio,21,Victoria,4,Si
8941,IA_dificil,22,Derrota,7,Si
8942,IA_facil,22,Derrota,5,Si
8942,IA_medio,19,Victoria,7,Si
8942,IA_dificil,17,Derrota,5,Si
8943,IA_facil,17,Derrota,5,Si
8943,IA_medio,19,Victoria,5,Si
8943,IA_dificil,18,Derrota,5,Si
8944,IA_facil,18,Derrota,5,Si
8944,IA_medio,19,Victoria,7,Si
8944,IA_dificil,24,Derrota,6,Si
8945,IA_facil,17,Derrota,6,Si
8945,IA_medio,17,Derrota,4,Si
8945,IA_dificil,20,Victoria,5,Si
8946,IA_facil,21,Empate,5,Si
8946,IA_medio,19,Derrota,6,Si
8946,IA_dificil,21,Empate,5,Si
8947,IA_facil,20,Victoria,4,Si
8947,IA_medio,25,Derrota,5,Si
8947,IA_dificil,18,Derrota,5,Si
8948,IA_facil,18,Empate,7,Si
8948,IA_medio,17,Derrota,6,Si
8948,IA_dificil,18,Empate,7,Si
8949,IA_facil,20,Derrota,6,Si
8949,IA_medio,21,Victoria,6,Si
8949,IA_dificil,20,Derrota,6,Si
8950,IA_facil,22,Derrota,5,Si
8950,IA_medio,23,Derrota,6,Si
8950,IA_dificil,17,Victoria,5,Si
8951,IA_facil,21,Victoria,5,Si
8951,IA_medio,18,Derrota,4,Si
8951,IA_dificil,19,Derrota,7,Si
8952,IA_facil,21,Empate,6,Si
8952,IA_medio,21,Empate,6,Si
8952,IA_dificil,21,Empate,5,Si
8953,IA_facil,18,Derrota,8,Si
8953,IA_medio,17,Derrota,7,Si
8953,IA_dificil,21,Victoria,5,Si
8954,IA_facil,20,Empate,7,Si
8954,IA_medio,20,Empate,5,Si
8954,IA_dificil,19,Derrota,5,Si
8955,IA_facil,20,Empate,9,Si
8955,IA_medio,19,Derrota,5,Si
8955,IA_dificil,20,Empate,4,Si
8956,IA_facil,22,Derrota,6,Si
8956,IA_medio,21,Victoria,5,Si
8956,IA_dificil,20,Derrota,7,Si
8957,IA_facil,17,Derrota,8,Si
8957,IA_medio,20,Victoria,6,Si
8957,IA_dificil,17,Derrota,7,Si
8958,IA_facil,17,Derrota,6,Si
8958,IA_medio,18,Derrota,6,Si
8958,IA_dificil,19,Victoria,7,Si
8959,IA_facil,18,Derrota,4,Si
8959,IA_medio,20,Empate,5,Si
8959,IA_dificil,20,Empate,6,Si
8960,IA_facil,18,Victoria,5,Si
8960,IA_medio,23,Derrota,7,Si
8960,IA_dificil,17,Derrota,4,Si
8961,IA_facil,17,Derrota,4,Si
8961,IA_medio,17,Derrota,6,Si
8961,IA_dificil,19,Victoria,4,Si
8962,IA_facil,21,Empate,7,Si
8962,IA_medio,21,Empate,6,Si
8962,IA_dificil,21,Empate,5,Si
8963,IA_facil,20,Derrota,6,Si
8963,IA_medio,21,Empate,8,Si
8963,IA_dificil,21,Empate,6,Si
8964,IA_facil,20,Victoria,7,Si
8964,IA_medio,19,Derrota,8,Si
8964,IA_dificil,19,Derrota,5,Si
8965,IA_facil,17,Derrota,6,Si
8965,IA_medio,19,Empate,6,Si
8965,IA_dificil,19,Empate,5,Si
8966,IA_facil,20,Empate,4,Si
8966,IA_medio,20,Empate,5,Si
8966,IA_dificil,22,Derrota,6,Si
8967,IA_facil,18,Derrota,6,Si
8967,IA_medio,21,Victoria,7,Si
8967,IA_dificil,22,Derrota,5,Si
8968,IA_facil,20,Victoria,5,Si
8968,IA_medio,19,Derrota,6,Si
8968,IA_dificil,18,Derrota,8,Si
8969,IA_facil,17,Derrota,6,Si
8969,IA_medio,18,Empate,6,Si
8969,IA_dificil,18,Empate,4,Si
8970,IA_facil,19,Victoria,5,Si
8970,IA_medio,24,Derrota,7,Si
8970,IA_dificil,17,Derrota,5,Si
8971,IA_facil,18,Empate,5,Si
8971,IA_medio,22,Derrota,5,Si
8971,IA_dificil,18,Empate,6,Si
8972,IA_facil,17,Derrota,5,Si
8972,IA_medio,20,Victoria,4,Si
8972,IA_dificil,17,Derrota,5,Si
8973,IA_facil,20,Victoria,5,Si
8973,IA_medio,18,Derrota,6,Si
8973,IA_dificil,19,Derrota,5,Si
8974,IA_facil,19,Derrota,5,Si
8974,IA_medio,21,Victoria,5,Si
8974,IA_dificil,18,Derrota,8,Si
8975,IA_facil,18,Empate,7,Si
8975,IA_medio,22,Derrota,4,Si
8975,IA_dificil,18,Empate,6,Si
8976,IA_facil,21,Victoria,6,Si
8976,IA_medio,17,Derrota,4,Si
8976,IA_dificil,18,Derrota,6,Si
8977,IA_facil,21,Victoria,7,Si
8977,IA_medio,18,Derrota,4,Si
8977,IA_dificil,18,Derrota,7,Si
8978,IA_facil,18,Derrota,6,Si
8978,IA_medio,18,Derrota,6,Si
8978,IA_dificil,20,Victoria,7,Si
8979,IA_facil,22,Derrota,8,Si
8979,IA_medio,17,Empate,4,Si
8979,IA_dificil,17,Empate,5,Si
8980,IA_facil,17,Derrota,4,Si
8980,IA_medio,22,Derrota,4,Si
8980,IA_dificil,19,Victoria,6,Si
8981,IA_facil,17,Derrota,6,Si
8981,IA_medio,21,Victoria,5,Si
8981,IA_dificil,17,Derrota,5,Si
8982,IA_facil,22,Derrota,7,Si
8982,IA_medio,19,Empate,4,Si
8982,IA_dificil,19,Empate,6,Si
8983,IA_facil,17,Victoria,6,Si
8983,IA_medio,23,Derrota,6,Si
8983,IA_dificil,22,Derrota,8,Si
8984,IA_facil,19,Derrota,8,Si
8984,IA_medio,20,Victoria,6,Si
8984,IA_dificil,18,Derrota,5,Si
8985,IA_facil,18,Derrota,8,Si
8985,IA_medio,25,Derrota,7,Si
8985,IA_dificil,20,Victoria,6,Si
8986,IA_facil,18,Derrota,4,Si
8986,IA_medio,22,Derrota,6,Si
8986,IA_dificil,19,Victoria,8,Si
8987,IA_facil,18,Derrota,5,Si
8987,IA_medio,18,Derrota,5,Si
8987,IA_dificil,19,Victoria,5,Si
8988,IA_facil,19,Empate,6,Si
8988,IA_medio,22,Derrota,5,Si
8988,IA_dificil,19,Empate,6,Si
8989,IA_facil,19,Derrota,6,Si
8989,IA_medio,21,Victoria,7,Si
8989,IA_dificil,18,Derrota,6,Si
8990,IA_facil,17,Derrota,5,Si
8990,IA_medio,19,Victoria,5,Si
8990,IA_dificil,18,Derrota,4,Si
8991,IA_facil,18,Derrota,5,Si
8991,IA_medio,20,Victoria,6,Si
8991,IA_dificil,17,Derrota,4,Si
8992,IA_facil,18,Derrota,4,Si
8992,IA_medio,20,Victoria,5,Si
8992,IA_dificil,17,Derrota,5,Si
8993,IA_facil,17,Victoria,5,Si
8993,IA_medio,24,Derrota,6,Si
8993,IA_dificil,24,Derrota,9,Si
8994,IA_facil,18,Empate,4,Si
8994,IA_medio,18,Empate,4,Si
8994,IA_dificil,17,Derrota,4,Si
8995,IA_facil,20,Derrota,7,Si
8995,IA_medio,21,Empate,5,Si
8995,IA_dificil,21,Empate,7,Si
8996,IA_facil,19,Victoria,6,Si
8996,IA_medio,17,Derrota,5,Si
8996,IA_dificil,18,Derrota,5,Si
8997,IA_facil,22,Derrota,8,Si
8997,IA_medio,20,Victoria,4,Si
8997,IA_dificil,18,Derrota,6,Si
8998,IA_facil,17,Derrota,6,Si
8998,IA_medio,22,Derrota,9,Si
8998,IA_dificil,19,Victoria,4,Si
8999,IA_facil,17,Derrota,5,Si
8999,IA_medio,19,Derrota,7,Si
8999,IA_dificil,21,Victoria,7,Si
9000,IA_facil,17,Derrota,4,Si
9000,IA_medio,18,Empate,4,Si
9000,IA_dificil,18,Empate,5,Si
9001,IA_facil,21,Empate,5,Si
9001,IA_medio,20,Derrota,6,Si
9001,IA_dificil,21,Empate,7,Si
9002,IA_facil,21,Victoria,5,Si
9002,IA_medio,22,Derrota,5,Si
9002,IA_dificil,18,Derrota,4,Si
9003,IA_facil,19,Derrota,5,Si
9003,IA_medio,20,Victoria,7,Si
9003,IA_dificil,18,Derrota,5,Si
9004,IA_facil,17,Derrota,4,Si
9004,IA_medio,21,Victoria,5,Si
9004,IA_dificil,17,Derrota,5,Si
9005,IA_facil,17,Derrota,6,Si
9005,IA_medio,20,Victoria,6,Si
9005,IA_dificil,18,Derrota,5,Si
9006,IA_facil,20,Derrota,5,Si
9006,IA_medio,21,Empate,8,Si
9006,IA_dificil,21,Empate,6,Si
9007,IA_facil,19,Victoria,4,Si
9007,IA_medio,22,Derrota,5,Si
9007,IA_dificil,18,Derrota,4,Si
9008,IA_facil,18,Victoria,7,Si
9008,IA_medio,17,Derrota,6,Si
9008,IA_dificil,22,Derrota,7,Si
9009,IA_facil,17,Derrota,6,Si
9009,IA_medio,18,Derrota,4,Si
9009,IA_dificil,21,Victoria,6,Si
9010,IA_facil,18,Empate,6,Si
9010,IA_medio,22,Derrota,5,Si
9010,IA_dificil,18,Empate,5,Si
9011,IA_facil,18,Derrota,7,Si
9011,IA_medio,24,Derrota,7,Si
9011,IA_dificil,21,Victoria,5,Si
9012,IA_facil,17,Derrota,5,Si
9012,IA_medio,17,Derrota,5,Si
9012,IA_dificil,20,Victoria,6,Si
9013,IA_facil,19,Derrota,6,Si
9013,IA_medio,23,Derrota,7,Si
9013,IA_dificil,21,Victoria,8,Si
9014,IA_facil,18,Empate,6,Si
9014,IA_medio,18,Empate,5,Si
9014,IA_dificil,22,Derrota,7,Si
9015,IA_facil,22,Derrota,6,Si
9015,IA_medio,21,Victoria,7,Si
9015,IA_dificil,20,Derrota,6,Si
9016,IA_facil,18,Derrota,6,Si
9016,IA_medio,20,Victoria,6,Si
9016,IA_dificil,17,Derrota,7,Si
9017,IA_facil,17,Derrota,5,Si
9017,IA_medio,23,Derrota,6,Si
9017,IA_dificil,18,Victoria,6,Si
9018,IA_facil,21,Victoria,6,Si
9018,IA_medio,20,Derrota,6,Si
9018,IA_dificil,17,Derrota,4,Si
9019,IA_facil,19,Derrota,7,Si
9019,IA_medio,22,Derrota,7,Si
9019,IA_dificil,20,Victoria,5,Si
9020,IA_facil,18,Derrota,4,Si
9020,IA_medio,23,Derrota,6,Si
9020,IA_dificil,21,Victoria,6,Si
9021,IA_facil,19,Derrota,6,Si
9021,IA_medio,21,Empate,7,Si
9021,IA_dificil,21,Empate,4,Si
9022,IA_facil,17,Derrota,4,Si
9022,IA_medio,22,Derrota,6,Si
9022,IA_dificil,20,Victoria,6,Si
9023,IA_facil,20,Empate,5,Si
9023,IA_medio,23,Derrota,6,Si
9023,IA_dificil,20,Empate,5,Si
9024,IA_facil,20,Empate,5,Si
9024,IA_medio,22,Derrota,7,Si
9024,IA_dificil,20,Empate,5,Si
9025,IA_facil,18,Derrota,4,Si
9025,IA_medio,22,Derrota,7,Si
9025,IA_dificil,21,Victoria,8,Si
9026,IA_facil,19,Victoria,5,Si
9026,IA_medio,17,Derrota,6,Si
9026,IA_dificil,17,Derrota,4,Si
9027,IA_facil,22,Derrota,5,Si
9027,IA_medio,18,Victoria,4,Si
9027,IA_dificil,23,Derrota,6,Si
9028,IA_facil,17,Derrota,4,Si
9028,IA_medio,24,Derrota,6,Si
9028,IA_dificil,21,Victoria,6,Si
9029,IA_facil,18,Derrota,8,Si
9029,IA_medio,20,Victoria,7,Si
9029,IA_dificil,19,Derrota,5,Si
9030,IA_facil,19,Derrota,5,Si
9030,IA_medio,22,Derrota,5,Si
9030,IA_dificil,20,Victoria,6,Si
9031,IA_facil,19,Derrota,6,Si
9031,IA_medio,21,Victoria,5,Si
9031,IA_dificil,22,Derrota,5,Si
9032,IA_facil,17,Derrota,5,Si
9032,IA_medio,19,Derrota,6,Si
9032,IA_dificil,20,Victoria,6,Si
9033,IA_facil,17,Derrota,5,Si
9033,IA_medio,19,Victoria,5,Si
9033,IA_dificil,17,Derrota,4,Si
9034,IA_facil,17,Derrota,3,Si
9034,IA_medio,21,Victoria,5,Si
9034,IA_dificil,22,Derrota,7,Si
9035,IA_facil,19,Derrota,9,Si
9035,IA_medio,20,Derrota,8,Si
9035,IA_dificil,21,Victoria,6,Si
9036,IA_facil,18,Derrota,5,Si
9036,IA_medio,21,Victoria,7,Si
9036,IA_dificil,22,Derrota,6,Si
9037,IA_facil,17,Empate,4,Si
9037,IA_medio,17,Empate,6,Si
9037,IA_dificil,17,Empate,5,Si
9038,IA_facil,21,Empate,6,Si
9038,IA_medio,22,Derrota,6,Si
9038,IA_dificil,21,Empate,9,Si
9039,IA_facil,19,Empate,6,Si
9039,IA_medio,19,Empate,4,Si
9039,IA_dificil,19,Empate,5,Si
9040,IA_facil,19,Derrota,6,Si
9040,IA_medio,23,Derrota,5,Si
9040,IA_dificil,21,Victoria,6,Si
9041,IA_facil,17,Derrota,5,Si
9041,IA_medio,23,Derrota,8,Si
9041,IA_dificil,20,Victoria,8,Si
9042,IA_facil,21,Victoria,6,Si
9042,IA_medio,20,Derrota,4,Si
9042,IA_dificil,20,Derrota,6,Si
9043,IA_facil,20,Empate,6,Si
9043,IA_medio,20,Empate,6,Si
9043,IA_dificil,20,Empate,6,Si
9044,IA_facil,18,Victoria,6,Si
9044,IA_medio,23,Derrota,5,Si
9044,IA_dificil,17,Derrota,3,Si
9045,IA_facil,22,Derrota,5,Si
9045,IA_medio,18,Empate,4,Si
9045,IA_dificil,18,Empate,4,Si
9046,IA_facil,17,Derrota,4,Si
9046,IA_medio,23,Derrota,7,Si
9046,IA_dificil,18,Victoria,7,Si
9047,IA_facil,17,Derrota,4,Si
9047,IA_medio,20,Victoria,6,Si
9047,IA_dificil,23,Derrota,6,Si
9048,IA_facil,18,Victoria,6,Si
9048,IA_medio,22,Derrota,6,Si
9048,IA_dificil,23,Derrota,5,Si
9049,IA_facil,20,Derrota,5,Si
9049,IA_medio,21,Victoria,6,Si
9049,IA_dificil,22,Derrota,5,Si
9050,IA_facil,19,Victoria,6,Si
9050,IA_medio,25,Derrota,6,Si
9050,IA_dificil,18,Derrota,5,Si
9051,IA_facil,17,Derrota,4,Si
9051,IA_medio,19,Victoria,5,Si
9051,IA_dificil,22,Derrota,6,Si
9052,IA_facil,18,Victoria,5,Si
9052,IA_medio,23,Derrota,6,Si
9052,IA_dificil,17,Derrota,4,Si
9053,IA_facil,18,Derrota,4,Si
9053,IA_medio,19,Derrota,6,Si
9053,IA_dificil,20,Victoria,6,Si
9054,IA_facil,18,Derrota,5,Si
9054,IA_medio,18,Derrota,4,Si
9054,IA_dificil,21,Victoria,5,Si
9055,IA_facil,19,Empate,7,Si
9055,IA_medio,19,Empate,6,Si
9055,IA_dificil,18,Derrota,5,Si
9056,IA_facil,19,Empate,7,Si
9056,IA_medio,22,Derrota,6,Si
9056,IA_dificil,19,Empate,7,Si
9057,IA_facil,18,Derrota,4,Si
9057,IA_medio,17,Derrota,4,Si
9057,IA_dificil,21,Victoria,6,Si
9058,IA_facil,18,Derrota,5,Si
9058,IA_medio,17,Derrota,7,Si
9058,IA_dificil,21,Victoria,8,Si
9059,IA_facil,17,Derrota,6,Si
9059,IA_medio,21,Victoria,7,Si
9059,IA_dificil,24,Derrota,5,Si
9060,IA_facil,17,Derrota,7,Si
9060,IA_medio,21,Victoria,6,Si
9060,IA_dificil,22,Derrota,6,Si
9061,IA_facil,17,Derrota,6,Si
9061,IA_medio,21,Empate,5,Si
9061,IA_dificil,21,Empate,6,Si
9062,IA_facil,18,Derrota,4,Si
9062,IA_medio,22,Derrota,7,Si
9062,IA_dificil,19,Victoria,5,Si
9063,IA_facil,17,Derrota,5,Si
9063,IA_medio,22,Derrota,5,Si
9063,IA_dificil,18,Victoria,5,Si
9064,IA_facil,21,Victoria,5,Si
9064,IA_medio,19,Derrota,5,Si
9064,IA_dificil,20,Derrota,5,Si
9065,IA_facil,17,Derrota,4,Si
9065,IA_medio,20,Victoria,7,Si
9065,IA_dificil,17,Derrota,6,Si
9066,IA_facil,21,Victoria,5,Si
9066,IA_medio,19,Derrota,5,Si
9066,IA_dificil,18,Derrota,4,Si
9067,IA_facil,21,Victoria,4,Si
9067,IA_medio,22,Derrota,4,Si
9067,IA_dificil,22,Derrota,8,Si
9068,IA_facil,18,Derrota,6,Si
9068,IA_medio,19,Derrota,6,Si
9068,IA_dificil,21,Victoria,6,Si
9069,IA_facil,17,Derrota,6,Si
9069,IA_medio,21,Victoria,6,Si
9069,IA_dificil,18,Derrota,6,Si
9070,IA_facil,18,Empate,3,Si
9070,IA_medio,24,Derrota,5,Si
9070,IA_dificil,18,Empate,6,Si
9071,IA_facil,17,Derrota,6,Si
9071,IA_medio,24,Derrota,8,Si
9071,IA_dificil,19,Victoria,7,Si
9072,IA_facil,18,Derrota,4,Si
9072,IA_medio,21,Victoria,7,Si
9072,IA_dificil,18,Derrota,8,Si
9073,IA_facil,20,Empate,5,Si
9073,IA_medio,20,Empate,6,Si
9073,IA_dificil,20,Empate,7,Si
9074,IA_facil,17,Derrota,5,Si
9074,IA_medio,20,Victoria,6,Si
9074,IA_dificil,17,Derrota,5,Si
9075,IA_facil,17,Derrota,7,Si
9075,IA_medio,22,Derrota,7,Si
9075,IA_dificil,21,Victoria,4,Si
9076,IA_facil,18,Derrota,4,Si
9076,IA_medio,20,Victoria,4,Si
9076,IA_dificil,18,Derrota,5,Si
9077,IA_facil,18,Derrota,5,Si
9077,IA_medio,20,Victoria,4,Si
9077,IA_dificil,23,Derrota,5,Si
9078,IA_facil,18,Derrota,5,Si
9078,IA_medio,18,Derrota,5,Si
9078,IA_dificil,20,Victoria,7,Si
9079,IA_facil,18,Derrota,5,Si
9079,IA_medio,17,Derrota,4,Si
9079,IA_dificil,20,Victoria,5,Si
9080,IA_facil,20,Victoria,5,Si
9080,IA_medio,19,Derrota,5,Si
9080,IA_dificil,19,Derrota,4,Si
9081,IA_facil,20,Derrota,5,Si
9081,IA_medio,21,Victoria,6,Si
9081,IA_dificil,20,Derrota,7,Si
9082,IA_facil,17,Derrota,5,Si
9082,IA_medio,19,Victoria,5,Si
9082,IA_dificil,18,Derrota,6,Si
9083,IA_facil,17,Derrota,5,Si
9083,IA_medio,18,Derrota,5,Si
9083,IA_dificil,21,Victoria,6,Si
9084,IA_facil,17,Derrota,4,Si
9084,IA_medio,25,Derrota,5,Si
9084,IA_dificil,19,Victoria,6,Si
9085,IA_facil,17,Derrota,5,Si
9085,IA_medio,21,Empate,6,Si
9085,IA_dificil,21,Empate,5,Si
9086,IA_facil,20,Victoria,5,Si
9086,IA_medio,19,Derrota,6,Si
9086,IA_dificil,19,Derrota,8,Si
9087,IA_facil,18,Derrota,5,Si
9087,IA_medio,19,Empate,7,Si
9087,IA_dificil,19,Empate,5,Si
9088,IA_facil,18,Derrota,6,Si
9088,IA_medio,24,Derrota,7,Si
9088,IA_dificil,19,Victoria,5,Si
9089,IA_facil,18,Derrota,4,Si
9089,IA_medio,19,Derrota,9,Si
9089,IA_dificil,21,Victoria,7,Si
9090,IA_facil,17,Derrota,4,Si
9090,IA_medio,17,Derrota,5,Si
9090,IA_dificil,19,Victoria,6,Si
9091,IA_facil,19,Victoria,5,Si
9091,IA_medio,17,Derrota,7,Si
9091,IA_dificil,17,Derrota,5,Si
9092,IA_facil,17,Derrota,7,Si
9092,IA_medio,18,Derrota,6,Si
9092,IA_dificil,21,Victoria,6,Si
9093,IA_facil,17,Derrota,4,Si
9093,IA_medio,17,Derrota,4,Si
9093,IA_dificil,19,Victoria,4,Si
9094,IA_facil,20,Derrota,4,Si
9094,IA_medio,21,Victoria,7,Si
9094,IA_dificil,18,Derrota,4,Si
9095,IA_facil,18,Derrota,6,Si
9095,IA_medio,21,Empate,7,Si
9095,IA_dificil,21,Empate,6,Si
9096,IA_facil,18,Victoria,5,Si
9096,IA_medio,22,Derrota,4,Si
9096,IA_dificil,17,Derrota,5,Si
9097,IA_facil,18,Derrota,5,Si
9097,IA_medio,19,Victoria,5,Si
9097,IA_dificil,18,Derrota,6,Si
9098,IA_facil,19,Victoria,6,Si
9098,IA_medio,17,Derrota,5,Si
9098,IA_dificil,18,Derrota,6,Si
9099,IA_facil,21,Victoria,6,Si
9099,IA_medio,20,Derrota,5,Si
9099,IA_dificil,19,Derrota,6,Si
9100,IA_facil,17,Derrota,5,Si
9100,IA_medio,20,Victoria,6,Si
9100,IA_dificil,19,Derrota,6,Si
9101,IA_facil,19,Derrota,4,Si
9101,IA_medio,20,Empate,5,Si
9101,IA_dificil,20,Empate,5,Si
9102,IA_facil,19,Derrota,4,Si
9102,IA_medio,20,Victoria,6,Si
9102,IA_dificil,17,Derrota,5,Si
9103,IA_facil,22,Derrota,7,Si
9103,IA_medio,22,Derrota,7,Si
9103,IA_dificil,21,Victoria,6,Si
9104,IA_facil,21,Victoria,6,Si
9104,IA_medio,17,Derrota,5,Si
9104,IA_dificil,17,Derrota,5,Si
9105,IA_facil,22,Derrota,5,Si
9105,IA_medio,21,Victoria,5,Si
9105,IA_dificil,18,Derrota,4,Si
9106,IA_facil,17,Derrota,4,Si
9106,IA_medio,18,Victoria,5,Si
9106,IA_dificil,17,Derrota,4,Si
9107,IA_facil,19,Victoria,6,Si
9107,IA_medio,17,Derrota,4,Si
9107,IA_dificil,22,Derrota,4,Si
9108,IA_facil,19,Victoria,7,Si
9108,IA_medio,17,Derrota,5,Si
9108,IA_dificil,17,Derrota,5,Si
9109,IA_facil,22,Derrota,6,Si
9109,IA_medio,18,Empate,7,Si
9109,IA_dificil,18,Empate,6,Si
9110,IA_facil,17,Derrota,6,Si
9110,IA_medio,19,Victoria,6,Si
9110,IA_dificil,17,Derrota,5,Si
9111,IA_facil,18,Derrota,5,Si
9111,IA_medio,24,Derrota,7,Si
9111,IA_dificil,21,Victoria,4,Si
9112,IA_facil,20,Empate,6,Si
9112,IA_medio,18,Derrota,4,Si
9112,IA_dificil,20,Empate,6,Si
9113,IA_facil,20,Derrota,4,Si
9113,IA_medio,25,Derrota,6,Si
9113,IA_dificil,21,Victoria,8,Si
9114,IA_facil,19,Empate,7,Si
9114,IA_medio,19,Empate,4,Si
9114,IA_dificil,17,Derrota,6,Si
9115,IA_facil,17,Derrota,7,Si
9115,IA_medio,21,Victoria,4,Si
9115,IA_dificil,19,Derrota,5,Si
9116,IA_facil,21,Victoria,7,Si
9116,IA_medio,17,Derrota,3,Si
9116,IA_dificil,17,Derrota,5,Si
9117,IA_facil,18,Derrota,5,Si
9117,IA_medio,20,Victoria,8,Si
9117,IA_dificil,17,Derrota,6,Si
9118,IA_facil,20,Derrota,6,Si
9118,IA_medio,21,Victoria,7,Si
9118,IA_dificil,20,Derrota,7,Si
9119,IA_facil,17,Derrota,6,Si
9119,IA_medio,19,Victoria,6,Si
9119,IA_dificil,18,Derrota,4,Si
9120,IA_facil,17,Derrota,4,Si
9120,IA_medio,19,Derrota,6,Si
9120,IA_dificil,20,Victoria,6,Si
9121,IA_facil,18,Derrota,5,Si
9121,IA_medio,21,Victoria,7,Si
9121,IA_dificil,19,Derrota,4,Si
9122,IA_facil,19,Empate,4,Si
9122,IA_medio,17,Derrota,4,Si
9122,IA_dificil,19,Empate,6,Si
9123,IA_facil,17,Derrota,7,Si
9123,IA_medio,19,Victoria,5,Si
9123,IA_dificil,17,Derrota,4,Si
9124,IA_facil,17,Victoria,6,Si
9124,IA_medio,22,Derrota,4,Si
9124,IA_dificil,24,Derrota,6,Si
9125,IA_facil,17,Derrota,5,Si
9125,IA_medio,21,Victoria,6,Si
9125,IA_dificil,19,Derrota,8,Si
9126,IA_facil,19,Victoria,4,Si
9126,IA_medio,17,Derrota,7,Si
9126,IA_dificil,18,Derrota,5,Si
9127,IA_facil,18,Derrota,5,Si
9127,IA_medio,20,Victoria,5,Si
9127,IA_dificil,19,Derrota,5,Si
9128,IA_facil,19,Derrota,5,Si
9128,IA_medio,21,Empate,7,Si
9128,IA_dificil,21,Empate,5,Si
9129,IA_facil,19,Victoria,7,Si
9129,IA_medio,22,Derrota,6,Si
9129,IA_dificil,18,Derrota,5,Si
9130,IA_facil,18,Empate,9,Si
9130,IA_medio,18,Empate,4,Si
9130,IA_dificil,18,Empate,5,Si
9131,IA_facil,18,Derrota,4,Si
9131,IA_medio,20,Empate,9,Si
9131,IA_dificil,20,Empate,6,Si
9132,IA_facil,20,Victoria,5,Si
9132,IA_medio,17,Derrota,6,Si
9132,IA_dificil,19,Derrota,4,Si
9133,IA_facil,20,Derrota,4,Si
9133,IA_medio,21,Victoria,7,Si
9133,IA_dificil,20,Derrota,4,Si
9134,IA_facil,17,Victoria,5,Si
9134,IA_medio,22,Derrota,7,Si
9134,IA_dificil,22,Derrota,5,Si
9135,IA_facil,20,Victoria,7,Si
9135,IA_medio,24,Derrota,4,Si
9135,IA_dificil,19,Derrota,5,Si
9136,IA_facil,21,Victoria,6,Si
9136,IA_medio,19,Derrota,5,Si
9136,IA_dificil,22,Derrota,6,Si
9137,IA_facil,20,Empate,6,Si
9137,IA_medio,19,Derrota,7,Si
9137,IA_dificil,20,Empate,6,Si
9138,IA_facil,21,Victoria,6,Si
9138,IA_medio,17,Derrota,5,Si
9138,IA_dificil,19,Derrota,6,Si
9139,IA_facil,19,Derrota,5,Si
9139,IA_medio,21,Victoria,4,Si
9139,IA_dificil,20,Derrota,5,Si
9140,IA_facil,17,Derrota,5,Si
9140,IA_medio,21,Victoria,7,Si
9140,IA_dificil,19,Derrota,5,Si
9141,IA_facil,19,Victoria,5,Si
9141,IA_medio,24,Derrota,6,Si
9141,IA_dificil,22,Derrota,5,Si
9142,IA_facil,17,Derrota,5,Si
9142,IA_medio,22,Derrota,6,Si
9142,IA_dificil,19,Victoria,5,Si
9143,IA_facil,20,Victoria,5,Si
9143,IA_medio,19,Derrota,6,Si
9143,IA_dificil,23,Derrota,8,Si
9144,IA_facil,22,Derrota,6,Si
9144,IA_medio,20,Victoria,6,Si
9144,IA_dificil,18,Derrota,4,Si
9145,IA_facil,18,Derrota,5,Si
9145,IA_medio,20,Victoria,5,Si
9145,IA_dificil,18,Derrota,4,Si
9146,IA_facil,22,Derrota,5,Si
9146,IA_medio,21,Victoria,8,Si
9146,IA_dificil,20,Derrota,6,Si
9147,IA_facil,21,Victoria,5,Si
9147,IA_medio,20,Derrota,5,Si
9147,IA_dificil,19,Derrota,4,Si
9148,IA_facil,20,Empate,5,Si
9148,IA_medio,20,Empate,6,Si
9148,IA_dificil,22,Derrota,6,Si
9149,IA_facil,19,Derrota,4,Si
9149,IA_medio,21,Empate,6,Si
9149,IA_dificil,21,Empate,7,Si
9150,IA_facil,18,Victoria,5,Si
9150,IA_medio,17,Derrota,4,Si
9150,IA_dificil,17,Derrota,4,Si
9151,IA_facil,21,Victoria,6,Si
9151,IA_medio,20,Derrota,8,Si
9151,IA_dificil,20,Derrota,9,Si
9152,IA_facil,18,Empate,6,Si
9152,IA_medio,23,Derrota,7,Si
9152,IA_dificil,18,Empate,4,Si
9153,IA_facil,17,Empate,7,Si
9153,IA_medio,17,Empate,3,Si
9153,IA_dificil,17,Empate,5,Si
9154,IA_facil,19,Derrota,7,Si
9154,IA_medio,21,Victoria,5,Si
9154,IA_dificil,18,Derrota,6,Si
9155,IA_facil,18,Derrota,5,Si
9155,IA_medio,21,Victoria,6,Si
9155,IA_dificil,17,Derrota,3,Si
9156,IA_facil,21,Victoria,5,Si
9156,IA_medio,20,Derrota,6,Si
9156,IA_dificil,17,Derrota,6,Si
9157,IA_facil,18,Derrota,5,Si
9157,IA_medio,21,Victoria,4,Si
9157,IA_dificil,19,Derrota,5,Si
9158,IA_facil,21,Empate,4,Si
9158,IA_medio,21,Empate,4,Si
9158,IA_dificil,20,Derrota,6,Si
9159,IA_facil,17,Derrota,5,Si
9159,IA_medio,17,Derrota,5,Si
9159,IA_dificil,18,Victoria,6,Si
9160,IA_facil,20,Empate,7,Si
9160,IA_medio,20,Empate,8,Si
9160,IA_dificil,20,Empate,6,Si
9161,IA_facil,20,Derrota,5,Si
9161,IA_medio,21,Victoria,7,Si
9161,IA_dificil,20,Derrota,5,Si
9162,IA_facil,17,Derrota,5,Si
9162,IA_medio,18,Empate,3,Si
9162,IA_dificil,18,Empate,5,Si
9163,IA_facil,21,Empate,6,Si
9163,IA_medio,21,Empate,8,Si
9163,IA_dificil,19,Derrota,5,Si
9164,IA_facil,18,Derrota,6,Si
9164,IA_medio,25,Derrota,7,Si
9164,IA_dificil,20,Victoria,5,Si
9165,IA_facil,22,Derrota,5,Si
9165,IA_medio,17,Empate,5,Si
9165,IA_dificil,17,Empate,5,Si
9166,IA_facil,17,Derrota,7,Si
9166,IA_medio,20,Victoria,6,Si
9166,IA_dificil,18,Derrota,4,Si
9167,IA_facil,22,Derrota,8,Si
9167,IA_medio,20,Victoria,6,Si
9167,IA_dificil,22,Derrota,6,Si
9168,IA_facil,22,Derrota,8,Si
9168,IA_medio,20,Victoria,5,Si
9168,IA_dificil,17,Derrota,4,Si
9169,IA_facil,17,Derrota,4,Si
9169,IA_medio,18,Victoria,6,Si
9169,IA_dificil,17,Derrota,4,Si
9170,IA_facil,17,Derrota,3,Si
9170,IA_medio,18,Derrota,5,Si
9170,IA_dificil,20,Victoria,6,Si
9171,IA_facil,17,Derrota,7,Si
9171,IA_medio,22,Derrota,7,Si
9171,IA_dificil,18,Victoria,5,Si
9172,IA_facil,19,Victoria,5,Si
9172,IA_medio,17,Derrota,6,Si
9172,IA_dificil,18,Derrota,5,Si
9173,IA_facil,17,Derrota,6,Si
9173,IA_medio,19,Derrota,7,Si
9173,IA_dificil,21,Victoria,6,Si
9174,IA_facil,21,Empate,6,Si
9174,IA_medio,20,Derrota,5,Si
9174,IA_dificil,21,Empate,5,Si
9175,IA_facil,18,Empate,7,Si
9175,IA_medio,18,Empate,5,Si
9175,IA_dificil,17,Derrota,3,Si
9176,IA_facil,21,Victoria,7,Si
9176,IA_medio,20,Derrota,6,Si
9176,IA_dificil,17,Derrota,4,Si
9177,IA_facil,17,Derrota,4,Si
9177,IA_medio,21,Victoria,9,Si
9177,IA_dificil,22,Derrota,6,Si
9178,IA_facil,18,Derrota,5,Si
9178,IA_medio,22,Derrota,5,Si
9178,IA_dificil,21,Victoria,5,Si
9179,IA_facil,22,Derrota,6,Si
9179,IA_medio,23,Derrota,5,Si
9179,IA_dificil,17,Victoria,7,Si
9180,IA_facil,18,Derrota,6,Si
9180,IA_medio,19,Victoria,5,Si
9180,IA_dificil,17,Derrota,7,Si
9181,IA_facil,18,Derrota,5,Si
9181,IA_medio,21,Victoria,5,Si
9181,IA_dificil,18,Derrota,4,Si
9182,IA_facil,18,Derrota,6,Si
9182,IA_medio,23,Derrota,6,Si
9182,IA_dificil,19,Victoria,6,Si
9183,IA_facil,18,Derrota,3,Si
9183,IA_medio,17,Derrota,7,Si
9183,IA_dificil,21,Victoria,7,Si
9184,IA_facil,19,Derrota,4,Si
9184,IA_medio,20,Victoria,5,Si
9184,IA_dificil,24,Derrota,7,Si
9185,IA_facil,19,Derrota,5,Si
9185,IA_medio,21,Victoria,4,Si
9185,IA_dificil,20,Derrota,4,Si
9186,IA_facil,21,Empate,5,Si
9186,IA_medio,22,Derrota,5,Si
9186,IA_dificil,21,Empate,5,Si
9187,IA_facil,18,Victoria,7,Si
9187,IA_medio,22,Derrota,6,Si
9187,IA_dificil,17,Derrota,6,Si
9188,IA_facil,19,Empate,5,Si
9188,IA_medio,19,Empate,7,Si
9188,IA_dificil,17,Derrota,6,Si
9189,IA_facil,20,Victoria,7,Si
9189,IA_medio,18,Derrota,6,Si
9189,IA_dificil,22,Derrota,6,Si
9190,IA_facil,18,Derrota,6,Si
9190,IA_medio,20,Victoria,5,Si
9190,IA_dificil,17,Derrota,4,Si
9191,IA_facil,19,Derrota,4,Si
9191,IA_medio,21,Victoria,6,Si
9191,IA_dificil,17,Derrota,6,Si
9192,IA_facil,20,Empate,6,Si
9192,IA_medio,20,Empate,5,Si
9192,IA_dificil,18,Derrota,7,Si
9193,IA_facil,19,Victoria,5,Si
9193,IA_medio,23,Derrota,4,Si
9193,IA_dificil,22,Derrota,7,Si
9194,IA_facil,20,Empate,6,Si
9194,IA_medio,19,Derrota,6,Si
9194,IA_dificil,20,Empate,7,Si
9195,IA_facil,19,Victoria,5,Si
9195,IA_medio,24,Derrota,9,Si
9195,IA_dificil,18,Derrota,8,Si
9196,IA_facil,20,Empate,5,Si
9196,IA_medio,20,Empate,5,Si
9196,IA_dificil,18,Derrota,6,Si
9197,IA_facil,18,Empate,5,Si
9197,IA_medio,18,Empate,5,Si
9197,IA_dificil,22,Derrota,6,Si
9198,IA_facil,22,Derrota,5,Si
9198,IA_medio,21,Victoria,7,Si
9198,IA_dificil,19,Derrota,6,Si
9199,IA_facil,18,Victoria,4,Si
9199,IA_medio,24,Derrota,9,Si
9199,IA_dificil,22,Derrota,7,Si
9200,IA_facil,20,Derrota,5,Si
9200,IA_medio,21,Victoria,5,Si
9200,IA_dificil,19,Derrota,4,Si
9201,IA_facil,17,Derrota,6,Si
9201,IA_medio,17,Derrota,7,Si
9201,IA_dificil,18,Victoria,6,Si
9202,IA_facil,20,Victoria,4,Si
9202,IA_medio,18,Derrota,5,Si
9202,IA_dificil,17,Derrota,7,Si
9203,IA_facil,17,Derrota,3,Si
9203,IA_medio,19,Victoria,5,Si
9203,IA_dificil,17,Derrota,4,Si
9204,IA_facil,20,Victoria,6,Si
9204,IA_medio,19,Derrota,7,Si
9204,IA_dificil,19,Derrota,5,Si
9205,IA_facil,17,Derrota,5,Si
9205,IA_medio,20,Victoria,6,Si
9205,IA_dificil,17,Derrota,4,Si
9206,IA_facil,17,Derrota,4,Si
9206,IA_medio,21,Victoria,4,Si
9206,IA_dificil,25,Derrota,6,Si
9207,IA_facil,22,Derrota,6,Si
9207,IA_medio,17,Empate,4,Si
9207,IA_dificil,17,Empate,5,Si
9208,IA_facil,20,Derrota,5,Si
9208,IA_medio,21,Victoria,4,Si
9208,IA_dificil,19,Derrota,6,Si
9209,IA_facil,19,Derrota,6,Si
9209,IA_medio,20,Empate,4,Si
9209,IA_dificil,20,Empate,6,Si
9210,IA_facil,18,Derrota,5,Si
9210,IA_medio,21,Victoria,7,Si
9210,IA_dificil,24,Derrota,9,Si
9211,IA_facil,18,Derrota,5,Si
9211,IA_medio,21,Victoria,6,Si
9211,IA_dificil,17,Derrota,4,Si
9212,IA_facil,21,Victoria,6,Si
9212,IA_medio,23,Derrota,8,Si
9212,IA_dificil,17,Derrota,4,Si
9213,IA_facil,17,Derrota,6,Si
9213,IA_medio,23,Derrota,6,Si
9213,IA_dificil,19,Victoria,6,Si
9214,IA_facil,18,Derrota,5,Si
9214,IA_medio,18,Derrota,5,Si
9214,IA_dificil,21,Victoria,8,Si
9215,IA_facil,19,Derrota,6,Si
9215,IA_medio,20,Victoria,6,Si
9215,IA_dificil,18,Derrota,6,Si
9216,IA_facil,19,Derrota,5,Si
9216,IA_medio,18,Derrota,5,Si
9216,IA_dificil,20,Victoria,5,Si
9217,IA_facil,21,Victoria,5,Si
9217,IA_medio,24,Derrota,8,Si
9217,IA_dificil,20,Derrota,7,Si
9218,IA_facil,17,Derrota,7,Si
9218,IA_medio,23,Derrota,6,Si
9218,IA_dificil,21,Victoria,5,Si
9219,IA_facil,18,Derrota,4,Si
9219,IA_medio,20,Derrota,6,Si
9219,IA_dificil,21,Victoria,4,Si
9220,IA_facil,17,Derrota,4,Si
9220,IA_medio,23,Derrota,6,Si
9220,IA_dificil,19,Victoria,4,Si
9221,IA_facil,20,Empate,6,Si
9221,IA_medio,20,Empate,5,Si
9221,IA_dificil,22,Derrota,7,Si
9222,IA_facil,17,Derrota,5,Si
9222,IA_medio,22,Derrota,5,Si
9222,IA_dificil,18,Victoria,5,Si
9223,IA_facil,17,Derrota,4,Si
9223,IA_medio,19,Empate,4,Si
9223,IA_dificil,19,Empate,5,Si
9224,IA_facil,22,Derrota,6,Si
9224,IA_medio,21,Empate,7,Si
9224,IA_dificil,21,Empate,5,Si
9225,IA_facil,17,Derrota,7,Si
9225,IA_medio,23,Derrota,5,Si
9225,IA_dificil,18,Victoria,7,Si
9226,IA_facil,20,Victoria,6,Si
9226,IA_medio,22,Derrota,6,Si
9226,IA_dificil,19,Derrota,6,Si
9227,IA_facil,18,Derrota,6,Si
9227,IA_medio,17,Derrota,6,Si
9227,IA_dificil,19,Victoria,5,Si
9228,IA_facil,18,Derrota,7,Si
9228,IA_medio,24,Derrota,6,Si
9228,IA_dificil,20,Victoria,5,Si
9229,IA_facil,17,Derrota,4,Si
9229,IA_medio,19,Victoria,8,Si
9229,IA_dificil,18,Derrota,3,Si
9230,IA_facil,20,Victoria,4,Si
9230,IA_medio,19,Derrota,7,Si
9230,IA_dificil,17,Derrota,5,Si
9231,IA_facil,17,Derrota,4,Si
9231,IA_medio,18,Derrota,5,Si
9231,IA_dificil,19,Victoria,4,Si
9232,IA_facil,18,Derrota,5,Si
9232,IA_medio,20,Empate,5,Si
9232,IA_dificil,20,Empate,5,Si
9233,IA_facil,17,Derrota,4,Si
9233,IA_medio,22,Derrota,7,Si
9233,IA_dificil,19,Victoria,7,Si
9234,IA_facil,19,Derrota,6,Si
9234,IA_medio,19,Derrota,5,Si
9234,IA_dificil,20,Victoria,4,Si
9235,IA_facil,21,Victoria,6,Si
9235,IA_medio,22,Derrota,6,Si
9235,IA_dificil,20,Derrota,6,Si
9236,IA_facil,18,Derrota,5,Si
9236,IA_medio,18,Derrota,7,Si
9236,IA_dificil,19,Victoria,8,Si
9237,IA_facil,18,Derrota,8,Si
9237,IA_medio,22,Derrota,8,Si
9237,IA_dificil,21,Victoria,5,Si
9238,IA_facil,17,Derrota,5,Si
9238,IA_medio,20,Empate,5,Si
9238,IA_dificil,20,Empate,7,Si
9239,IA_facil,19,Victoria,5,Si
9239,IA_medio,22,Derrota,5,Si
9239,IA_dificil,18,Derrota,5,Si
9240,IA_facil,19,Victoria,6,Si
9240,IA_medio,23,Derrota,6,Si
9240,IA_dificil,22,Derrota,7,Si
9241,IA_facil,17,Derrota,4,Si
9241,IA_medio,19,Derrota,5,Si
9241,IA_dificil,20,Victoria,4,Si
9242,IA_facil,17,Derrota,5,Si
9242,IA_medio,23,Derrota,5,Si
9242,IA_dificil,18,Victoria,6,Si
9243,IA_facil,18,Derrota,4,Si
9243,IA_medio,21,Victoria,6,Si
9243,IA_dificil,20,Derrota,4,Si
9244,IA_facil,20,Empate,6,Si
9244,IA_medio,20,Empate,6,Si
9244,IA_dificil,17,Derrota,6,Si
9245,IA_facil,21,Victoria,6,Si
9245,IA_medio,22,Derrota,5,Si
9245,IA_dificil,17,Derrota,5,Si
9246,IA_facil,18,Derrota,4,Si
9246,IA_medio,22,Derrota,5,Si
9246,IA_dificil,21,Victoria,6,Si
9247,IA_facil,20,Victoria,4,Si
9247,IA_medio,18,Derrota,4,Si
9247,IA_dificil,19,Derrota,5,Si
9248,IA_facil,19,Victoria,6,Si
9248,IA_medio,22,Derrota,5,Si
9248,IA_dificil,17,Derrota,4,Si
9249,IA_facil,18,Derrota,6,Si
9249,IA_medio,17,Derrota,4,Si
9249,IA_dificil,19,Victoria,6,Si
9250,IA_facil,18,Victoria,7,Si
9250,IA_medio,17,Derrota,6,Si
9250,IA_dificil,17,Derrota,6,Si
9251,IA_facil,17,Derrota,6,Si
9251,IA_medio,21,Victoria,4,Si
9251,IA_dificil,18,Derrota,6,Si
9252,IA_facil,17,Victoria,7,Si
9252,IA_medio,22,Derrota,6,Si
9252,IA_dificil,22,Derrota,10,Si
9253,IA_facil,18,Empate,4,Si
9253,IA_medio,17,Derrota,5,Si
9253,IA_dificil,18,Empate,7,Si
9254,IA_facil,19,Derrota,7,Si
9254,IA_medio,18,Derrota,8,Si
9254,IA_dificil,20,Victoria,4,Si
9255,IA_facil,18,Derrota,6,Si
9255,IA_medio,19,Victoria,4,Si
9255,IA_dificil,18,Derrota,5,Si
9256,IA_facil,20,Derrota,6,Si
9256,IA_medio,21,Empate,8,Si
9256,IA_dificil,21,Empate,4,Si
9257,IA_facil,20,Empate,5,Si
9257,IA_medio,17,Derrota,4,Si
9257,IA_dificil,20,Empate,8,Si
9258,IA_facil,19,Empate,5,Si
9258,IA_medio,19,Empate,5,Si
9258,IA_dificil,19,Empate,6,Si
9259,IA_facil,21,Victoria,6,Si
9259,IA_medio,17,Derrota,6,Si
9259,IA_dificil,17,Derrota,4,Si
9260,IA_facil,17,Derrota,4,Si
9260,IA_medio,19,Empate,5,Si
9260,IA_dificil,19,Empate,6,Si
9261,IA_facil,18,Derrota,5,Si
9261,IA_medio,20,Victoria,7,Si
9261,IA_dificil,18,Derrota,7,Si
9262,IA_facil,17,Derrota,5,Si
9262,IA_medio,19,Derrota,7,Si
9262,IA_dificil,20,Victoria,5,Si
9263,IA_facil,17,Derrota,7,Si
9263,IA_medio,19,Derrota,6,Si
9263,IA_dificil,20,Victoria,5,Si
9264,IA_facil,22,Derrota,6,Si
9264,IA_medio,17,Empate,4,Si
9264,IA_dificil,17,Empate,6,Si
9265,IA_facil,19,Derrota,6,Si
9265,IA_medio,23,Derrota,5,Si
9265,IA_dificil,21,Victoria,5,Si
9266,IA_facil,19,Derrota,6,Si
9266,IA_medio,20,Derrota,7,Si
9266,IA_dificil,21,Victoria,7,Si
9267,IA_facil,19,Derrota,5,Si
9267,IA_medio,18,Derrota,4,Si
9267,IA_dificil,20,Victoria,5,Si
9268,IA_facil,20,Victoria,7,Si
9268,IA_medio,22,Derrota,8,Si
9268,IA_dificil,18,Derrota,5,Si
9269,IA_facil,19,Victoria,8,Si
9269,IA_medio,17,Derrota,4,Si
9269,IA_dificil,18,Derrota,5,Si
9270,IA_facil,17,Derrota,6,Si
9270,IA_medio,20,Empate,6,Si
9270,IA_dificil,20,Empate,5,Si
9271,IA_facil,20,Victoria,5,Si
9271,IA_medio,22,Derrota,7,Si
9271,IA_dificil,22,Derrota,6,Si
9272,IA_facil,17,Derrota,7,Si
9272,IA_medio,22,Derrota,5,Si
9272,IA_dificil,18,Victoria,4,Si
9273,IA_facil,17,Derrota,4,Si
9273,IA_medio,19,Empate,5,Si
9273,IA_dificil,19,Empate,5,Si
9274,IA_facil,17,Derrota,5,Si
9274,IA_medio,20,Derrota,6,Si
9274,IA_dificil,21,Victoria,6,Si
9275,IA_facil,21,Empate,7,Si
9275,IA_medio,17,Derrota,6,Si
9275,IA_dificil,21,Empate,6,Si
9276,IA_facil,19,Empate,5,Si
9276,IA_medio,19,Empate,7,Si
9276,IA_dificil,22,Derrota,8,Si
9277,IA_facil,18,Derrota,6,Si
9277,IA_medio,20,Victoria,8,Si
9277,IA_dificil,17,Derrota,5,Si
9278,IA_facil,22,Derrota,6,Si
9278,IA_medio,21,Victoria,6,Si
9278,IA_dificil,22,Derrota,6,Si
9279,IA_facil,19,Victoria,5,Si
9279,IA_medio,18,Derrota,5,Si
9279,IA_dificil,18,Derrota,5,Si
9280,IA_facil,22,Derrota,6,Si
9280,IA_medio,23,Derrota,7,Si
9280,IA_dificil,18,Victoria,4,Si
9281,IA_facil,17,Derrota,6,Si
9281,IA_medio,17,Derrota,5,Si
9281,IA_dificil,20,Victoria,7,Si
9282,IA_facil,22,Derrota,5,Si
9282,IA_medio,23,Derrota,6,Si
9282,IA_dificil,21,Victoria,7,Si
9283,IA_facil,17,Derrota,4,Si
9283,IA_medio,18,Derrota,5,Si
9283,IA_dificil,20,Victoria,4,Si
9284,IA_facil,21,Victoria,6,Si
9284,IA_medio,20,Derrota,5,Si
9284,IA_dificil,20,Derrota,6,Si
9285,IA_facil,19,Derrota,5,Si
9285,IA_medio,20,Victoria,4,Si
9285,IA_dificil,24,Derrota,7,Si
9286,IA_facil,21,Victoria,5,Si
9286,IA_medio,23,Derrota,6,Si
9286,IA_dificil,19,Derrota,4,Si
9287,IA_facil,18,Derrota,8,Si
9287,IA_medio,23,Derrota,5,Si
9287,IA_dificil,21,Victoria,6,Si
9288,IA_facil,17,Derrota,4,Si
9288,IA_medio,20,Victoria,6,Si
9288,IA_dificil,24,Derrota,5,Si
9289,IA_facil,21,Victoria,6,Si
9289,IA_medio,25,Derrota,6,Si
9289,IA_dificil,19,Derrota,4,Si
9290,IA_facil,22,Derrota,8,Si
9290,IA_medio,20,Victoria,6,Si
9290,IA_dificil,19,Derrota,4,Si
9291,IA_facil,20,Derrota,4,Si
9291,IA_medio,21,Victoria,6,Si
9291,IA_dificil,18,Derrota,5,Si
9292,IA_facil,21,Empate,8,Si
9292,IA_medio,20,Derrota,5,Si
9292,IA_dificil,21,Empate,6,Si
9293,IA_facil,17,Derrota,4,Si
9293,IA_medio,19,Victoria,5,Si
9293,IA_dificil,18,Derrota,5,Si
9294,IA_facil,19,Derrota,4,Si
9294,IA_medio,20,Victoria,6,Si
9294,IA_dificil,19,Derrota,7,Si
9295,IA_facil,19,Victoria,6,Si
9295,IA_medio,24,Derrota,6,Si
9295,IA_dificil,18,Derrota,6,Si
9296,IA_facil,17,Derrota,4,Si
9296,IA_medio,18,Derrota,7,Si
9296,IA_dificil,19,Victoria,5,Si
9297,IA_facil,17,Derrota,7,Si
9297,IA_medio,20,Victoria,5,Si
9297,IA_dificil,23,Derrota,8,Si
9298,IA_facil,17,Derrota,4,Si
9298,IA_medio,18,Victoria,4,Si
9298,IA_dificil,22,Derrota,7,Si
9299,IA_facil,17,Derrota,4,Si
9299,IA_medio,21,Victoria,7,Si
9299,IA_dificil,18,Derrota,4,Si
9300,IA_facil,19,Derrota,4,Si
9300,IA_medio,20,Victoria,7,Si
9300,IA_dificil,18,Derrota,5,Si
9301,IA_facil,18,Derrota,4,Si
9301,IA_medio,20,Victoria,6,Si
9301,IA_dificil,22,Derrota,5,Si
9302,IA_facil,21,Victoria,4,Si
9302,IA_medio,19,Derrota,5,Si
9302,IA_dificil,17,Derrota,7,Si
9303,IA_facil,17,Empate,4,Si
9303,IA_medio,23,Derrota,5,Si
9303,IA_dificil,17,Empate,6,Si
9304,IA_facil,20,Victoria,5,Si
9304,IA_medio,19,Derrota,4,Si
9304,IA_dificil,17,Derrota,7,Si
9305,IA_facil,17,Derrota,5,Si
9305,IA_medio,18,Empate,6,Si
9305,IA_dificil,18,Empate,5,Si
9306,IA_facil,20,Victoria,6,Si
9306,IA_medio,23,Derrota,8,Si
9306,IA_dificil,19,Derrota,5,Si
9307,IA_facil,19,Derrota,5,Si
9307,IA_medio,21,Victoria,6,Si
9307,IA_dificil,17,Derrota,7,Si
9308,IA_facil,20,Derrota,6,Si
9308,IA_medio,21,Victoria,7,Si
9308,IA_dificil,17,Derrota,4,Si
9309,IA_facil,21,Victoria,6,Si
9309,IA_medio,20,Derrota,6,Si
9309,IA_dificil,23,Derrota,7,Si
9310,IA_facil,19,Derrota,5,Si
9310,IA_medio,18,Derrota,6,Si
9310,IA_dificil,21,Victoria,8,Si
9311,IA_facil,17,Derrota,5,Si
9311,IA_medio,22,Derrota,6,Si
9311,IA_dificil,21,Victoria,7,Si
9312,IA_facil,19,Derrota,5,Si
9312,IA_medio,17,Derrota,4,Si
9312,IA_dificil,20,Victoria,7,Si
9313,IA_facil,20,Victoria,5,Si
9313,IA_medio,19,Derrota,6,Si
9313,IA_dificil,17,Derrota,5,Si
9314,IA_facil,17,Derrota,7,Si
9314,IA_medio,20,Victoria,5,Si
9314,IA_dificil,17,Derrota,4,Si
9315,IA_facil,18,Derrota,6,Si
9315,IA_medio,17,Derrota,5,Si
9315,IA_dificil,21,Victoria,7,Si
9316,IA_facil,19,Derrota,5,Si
9316,IA_medio,23,Derrota,6,Si
9316,IA_dificil,21,Victoria,6,Si
9317,IA_facil,18,Derrota,5,Si
9317,IA_medio,21,Victoria,5,Si
9317,IA_dificil,19,Derrota,4,Si
9318,IA_facil,22,Derrota,6,Si
9318,IA_medio,21,Victoria,6,Si
9318,IA_dificil,19,Derrota,5,Si
9319,IA_facil,19,Empate,5,Si
9319,IA_medio,18,Derrota,6,Si
9319,IA_dificil,19,Empate,6,Si
9320,IA_facil,18,Derrota,5,Si
9320,IA_medio,19,Empate,4,Si
9320,IA_dificil,19,Empate,6,Si
9321,IA_facil,18,Derrota,7,Si
9321,IA_medio,21,Victoria,6,Si
9321,IA_dificil,17,Derrota,5,Si
9322,IA_facil,20,Empate,4,Si
9322,IA_medio,20,Empate,6,Si
9322,IA_dificil,19,Derrota,5,Si
9323,IA_facil,18,Victoria,5,Si
9323,IA_medio,25,Derrota,6,Si
9323,IA_dificil,17,Derrota,4,Si
9324,IA_facil,20,Victoria,6,Si
9324,IA_medio,22,Derrota,7,Si
9324,IA_dificil,18,Derrota,7,Si
9325,IA_facil,17,Derrota,6,Si
9325,IA_medio,22,Derrota,5,Si
9325,IA_dificil,21,Victoria,6,Si
9326,IA_facil,18,Empate,4,Si
9326,IA_medio,18,Empate,6,Si
9326,IA_dificil,22,Derrota,5,Si
9327,IA_facil,17,Derrota,3,Si
9327,IA_medio,18,Victoria,5,Si
9327,IA_dificil,22,Derrota,8,Si
9328,IA_facil,18,Derrota,5,Si
9328,IA_medio,24,Derrota,6,Si
9328,IA_dificil,19,Victoria,6,Si
9329,IA_facil,21,Victoria,4,Si
9329,IA_medio,18,Derrota,4,Si
9329,IA_dificil,19,Derrota,6,Si
9330,IA_facil,18,Derrota,4,Si
9330,IA_medio,20,Victoria,5,Si
9330,IA_dificil,17,Derrota,6,Si
9331,IA_facil,17,Derrota,7,Si
9331,IA_medio,18,Victoria,8,Si
9331,IA_dificil,22,Derrota,6,Si
9332,IA_facil,18,Derrota,6,Si
9332,IA_medio,21,Victoria,4,Si
9332,IA_dificil,18,Derrota,3,Si
9333,IA_facil,20,Derrota,4,Si
9333,IA_medio,21,Victoria,5,Si
9333,IA_dificil,17,Derrota,5,Si
9334,IA_facil,17,Derrota,3,Si
9334,IA_medio,20,Derrota,4,Si
9334,IA_dificil,21,Victoria,5,Si
9335,IA_facil,21,Victoria,7,Si
9335,IA_medio,25,Derrota,6,Si
9335,IA_dificil,22,Derrota,7,Si
9336,IA_facil,18,Derrota,4,Si
9336,IA_medio,19,Derrota,5,Si
9336,IA_dificil,20,Victoria,5,Si
9337,IA_facil,18,Derrota,5,Si
9337,IA_medio,23,Derrota,5,Si
9337,IA_dificil,21,Victoria,5,Si
9338,IA_facil,20,Victoria,8,Si
9338,IA_medio,23,Derrota,6,Si
9338,IA_dificil,18,Derrota,7,Si
9339,IA_facil,22,Derrota,5,Si
9339,IA_medio,18,Empate,5,Si
9339,IA_dificil,18,Empate,7,Si
9340,IA_facil,18,Empate,4,Si
9340,IA_medio,18,Empate,5,Si
9340,IA_dificil,18,Empate,4,Si
9341,IA_facil,21,Victoria,6,Si
9341,IA_medio,20,Derrota,6,Si
9341,IA_dificil,17,Derrota,8,Si
9342,IA_facil,18,Derrota,5,Si
9342,IA_medio,21,Victoria,7,Si
9342,IA_dificil,19,Derrota,6,Si
9343,IA_facil,18,Derrota,4,Si
9343,IA_medio,25,Derrota,5,Si
9343,IA_dificil,19,Victoria,6,Si
9344,IA_facil,17,Derrota,5,Si
9344,IA_medio,23,Derrota,6,Si
9344,IA_dificil,18,Victoria,6,Si
9345,IA_facil,18,Victoria,7,Si
9345,IA_medio,23,Derrota,6,Si
9345,IA_dificil,17,Derrota,3,Si
9346,IA_facil,18,Derrota,6,Si
9346,IA_medio,20,Victoria,6,Si
9346,IA_dificil,17,Derrota,5,Si
9347,IA_facil,17,Empate,8,Si
9347,IA_medio,22,Derrota,6,Si
9347,IA_dificil,17,Empate,5,Si
9348,IA_facil,17,Derrota,4,Si
9348,IA_medio,21,Victoria,6,Si
9348,IA_dificil,19,Derrota,6,Si
9349,IA_facil,18,Empate,6,Si
9349,IA_medio,18,Empate,5,Si
9349,IA_dificil,18,Empate,4,Si
9350,IA_facil,18,Victoria,6,Si
9350,IA_medio,24,Derrota,6,Si
9350,IA_dificil,24,Derrota,6,Si
9351,IA_facil,18,Derrota,6,Si
9351,IA_medio,18,Derrota,3,Si
9351,IA_dificil,20,Victoria,5,Si
9352,IA_facil,17,Derrota,6,Si
9352,IA_medio,17,Derrota,7,Si
9352,IA_dificil,20,Victoria,4,Si
9353,IA_facil,17,Derrota,5,Si
9353,IA_medio,17,Derrota,4,Si
9353,IA_dificil,20,Victoria,4,Si
9354,IA_facil,19,Victoria,6,Si
9354,IA_medio,22,Derrota,6,Si
9354,IA_dificil,17,Derrota,5,Si
9355,IA_facil,19,Derrota,4,Si
9355,IA_medio,20,Victoria,6,Si
9355,IA_dificil,19,Derrota,5,Si
9356,IA_facil,20,Empate,4,Si
9356,IA_medio,22,Derrota,7,Si
9356,IA_dificil,20,Empate,4,Si
9357,IA_facil,19,Victoria,5,Si
9357,IA_medio,17,Derrota,6,Si
9357,IA_dificil,17,Derrota,6,Si
9358,IA_facil,21,Victoria,5,Si
9358,IA_medio,23,Derrota,6,Si
9358,IA_dificil,18,Derrota,4,Si
9359,IA_facil,18,Derrota,5,Si
9359,IA_medio,20,Empate,6,Si
9359,IA_dificil,20,Empate,6,Si
9360,IA_facil,17,Derrota,5,Si
9360,IA_medio,18,Derrota,5,Si
9360,IA_dificil,19,Victoria,5,Si
9361,IA_facil,19,Empate,7,Si
9361,IA_medio,19,Empate,6,Si
9361,IA_dificil,18,Derrota,6,Si
9362,IA_facil,19,Victoria,4,Si
9362,IA_medio,22,Derrota,5,Si
9362,IA_dificil,22,Derrota,8,Si
9363,IA_facil,21,Victoria,5,Si
9363,IA_medio,20,Derrota,6,Si
9363,IA_dificil,20,Derrota,5,Si
9364,IA_facil,18,Victoria,5,Si
9364,IA_medio,23,Derrota,7,Si
9364,IA_dificil,17,Derrota,5,Si
9365,IA_facil,20,Victoria,5,Si
9365,IA_medio,19,Derrota,4,Si
9365,IA_dificil,22,Derrota,6,Si
9366,IA_facil,17,Derrota,7,Si
9366,IA_medio,20,Derrota,5,Si
9366,IA_dificil,21,Victoria,4,Si
9367,IA_facil,18,Derrota,6,Si
9367,IA_medio,21,Victoria,7,Si
9367,IA_dificil,19,Derrota,5,Si
9368,IA_facil,17,Derrota,3,Si
9368,IA_medio,20,Derrota,6,Si
9368,IA_dificil,21,Victoria,6,Si
9369,IA_facil,19,Empate,5,Si
9369,IA_medio,19,Empate,8,Si
9369,IA_dificil,25,Derrota,6,Si
9370,IA_facil,18,Derrota,5,Si
9370,IA_medio,20,Victoria,6,Si
9370,IA_dificil,25,Derrota,8,Si
9371,IA_facil,17,Empate,5,Si
9371,IA_medio,23,Derrota,7,Si
9371,IA_dificil,17,Empate,3,Si
9372,IA_facil,21,Victoria,7,Si
9372,IA_medio,19,Derrota,7,Si
9372,IA_dificil,22,Derrota,6,Si
9373,IA_facil,19,Derrota,6,Si
9373,IA_medio,21,Victoria,7,Si
9373,IA_dificil,19,Derrota,4,Si
9374,IA_facil,19,Derrota,7,Si
9374,IA_medio,19,Derrota,5,Si
9374,IA_dificil,20,Victoria,6,Si
9375,IA_facil,17,Derrota,4,Si
9375,IA_medio,19,Victoria,4,Si
9375,IA_dificil,22,Derrota,5,Si
9376,IA_facil,21,Empate,5,Si
9376,IA_medio,21,Empate,5,Si
9376,IA_dificil,21,Empate,5,Si
9377,IA_facil,18,Derrota,6,Si
9377,IA_medio,19,Victoria,7,Si
9377,IA_dificil,17,Derrota,6,Si
9378,IA_facil,22,Derrota,5,Si
9378,IA_medio,22,Derrota,5,Si
9378,IA_dificil,20,Victoria,6,Si
9379,IA_facil,19,Victoria,5,Si
9379,IA_medio,18,Derrota,6,Si
9379,IA_dificil,18,Derrota,6,Si
9380,IA_facil,20,Derrota,5,Si
9380,IA_medio,20,Derrota,5,Si
9380,IA_dificil,21,Victoria,5,Si
9381,IA_facil,20,Empate,7,Si
9381,IA_medio,24,Derrota,7,Si
9381,IA_dificil,20,Empate,5,Si
9382,IA_facil,18,Victoria,6,Si
9382,IA_medio,17,Derrota,5,Si
9382,IA_dificil,17,Derrota,3,Si
9383,IA_facil,18,Empate,5,Si
9383,IA_medio,23,Derrota,7,Si
9383,IA_dificil,18,Empate,6,Si
9384,IA_facil,18,Derrota,5,Si
9384,IA_medio,21,Victoria,5,Si
9384,IA_dificil,24,Derrota,6,Si
9385,IA_facil,20,Victoria,5,Si
9385,IA_medio,17,Derrota,7,Si
9385,IA_dificil,22,Derrota,6,Si
9386,IA_facil,18,Derrota,5,Si
9386,IA_medio,19,Victoria,7,Si
9386,IA_dificil,23,Derrota,6,Si
9387,IA_facil,20,Victoria,7,Si
9387,IA_medio,22,Derrota,5,Si
9387,IA_dificil,19,Derrota,5,Si
9388,IA_facil,18,Derrota,5,Si
9388,IA_medio,18,Derrota,7,Si
9388,IA_dificil,20,Victoria,5,Si
9389,IA_facil,21,Victoria,5,Si
9389,IA_medio,23,Derrota,6,Si
9389,IA_dificil,18,Derrota,6,Si
9390,IA_facil,19,Derrota,5,Si
9390,IA_medio,21,Victoria,5,Si
9390,IA_dificil,18,Derrota,5,Si
9391,IA_facil,18,Victoria,5,Si
9391,IA_medio,22,Derrota,10,Si
9391,IA_dificil,22,Derrota,9,Si
9392,IA_facil,19,Derrota,6,Si
9392,IA_medio,21,Empate,5,Si
9392,IA_dificil,21,Empate,6,Si
9393,IA_facil,18,Derrota,4,Si
9393,IA_medio,24,Derrota,7,Si
9393,IA_dificil,19,Victoria,6,Si
9394,IA_facil,19,Victoria,4,Si
9394,IA_medio,23,Derrota,6,Si
9394,IA_dificil,17,Derrota,4,Si
9395,IA_facil,20,Derrota,5,Si
9395,IA_medio,21,Victoria,7,Si
9395,IA_dificil,20,Derrota,7,Si
9396,IA_facil,18,Derrota,6,Si
9396,IA_medio,20,Victoria,7,Si
9396,IA_dificil,18,Derrota,5,Si
9397,IA_facil,17,Derrota,7,Si
9397,IA_medio,21,Victoria,10,Si
9397,IA_dificil,17,Derrota,4,Si
9398,IA_facil,17,Derrota,5,Si
9398,IA_medio,21,Empate,7,Si
9398,IA_dificil,21,Empate,4,Si
9399,IA_facil,22,Derrota,5,Si
9399,IA_medio,21,Victoria,4,Si
9399,IA_dificil,22,Derrota,6,Si
9400,IA_facil,19,Derrota,7,Si
9400,IA_medio,20,Victoria,6,Si
9400,IA_dificil,19,Derrota,6,Si
9401,IA_facil,20,Victoria,6,Si
9401,IA_medio,23,Derrota,9,Si
9401,IA_dificil,19,Derrota,5,Si
9402,IA_facil,17,Derrota,5,Si
9402,IA_medio,23,Derrota,7,Si
9402,IA_dificil,20,Victoria,6,Si
9403,IA_facil,17,Derrota,5,Si
9403,IA_medio,18,Derrota,5,Si
9403,IA_dificil,19,Victoria,6,Si
9404,IA_facil,20,Derrota,5,Si
9404,IA_medio,23,Derrota,8,Si
9404,IA_dificil,21,Victoria,5,Si
9405,IA_facil,17,Derrota,4,Si
9405,IA_medio,17,Derrota,6,Si
9405,IA_dificil,20,Victoria,4,Si
9406,IA_facil,21,Empate,6,Si
9406,IA_medio,22,Derrota,5,Si
9406,IA_dificil,21,Empate,5,Si
9407,IA_facil,18,Derrota,7,Si
9407,IA_medio,21,Victoria,5,Si
9407,IA_dificil,17,Derrota,5,Si
9408,IA_facil,21,Victoria,7,Si
9408,IA_medio,20,Derrota,5,Si
9408,IA_dificil,23,Derrota,6,Si
9409,IA_facil,17,Derrota,5,Si
9409,IA_medio,23,Derrota,7,Si
9409,IA_dificil,20,Victoria,8,Si
9410,IA_facil,17,Derrota,3,Si
9410,IA_medio,17,Derrota,7,Si
9410,IA_dificil,18,Victoria,5,Si
9411,IA_facil,18,Empate,6,Si
9411,IA_medio,23,Derrota,7,Si
9411,IA_dificil,18,Empate,6,Si
9412,IA_facil,17,Derrota,6,Si
9412,IA_medio,21,Victoria,7,Si
9412,IA_dificil,20,Derrota,5,Si
9413,IA_facil,18,Derrota,6,Si
9413,IA_medio,20,Victoria,8,Si
9413,IA_dificil,17,Derrota,6,Si
9414,IA_facil,17,Derrota,4,Si
9414,IA_medio,21,Victoria,7,Si
9414,IA_dificil,23,Derrota,6,Si
9415,IA_facil,18,Derrota,5,Si
9415,IA_medio,20,Victoria,7,Si
9415,IA_dificil,18,Derrota,5,Si
9416,IA_facil,17,Derrota,5,Si
9416,IA_medio,23,Derrota,6,Si
9416,IA_dificil,20,Victoria,6,Si
9417,IA_facil,18,Victoria,4,Si
9417,IA_medio,24,Derrota,8,Si
9417,IA_dificil,17,Derrota,5,Si
9418,IA_facil,19,Derrota,4,Si
9418,IA_medio,20,Victoria,7,Si
9418,IA_dificil,18,Derrota,5,Si
9419,IA_facil,17,Derrota,6,Si
9419,IA_medio,17,Derrota,6,Si
9419,IA_dificil,18,Victoria,4,Si
9420,IA_facil,17,Derrota,5,Si
9420,IA_medio,20,Victoria,6,Si
9420,IA_dificil,22,Derrota,5,Si
9421,IA_facil,22,Derrota,5,Si
9421,IA_medio,22,Derrota,5,Si
9421,IA_dificil,18,Victoria,6,Si
9422,IA_facil,20,Victoria,5,Si
9422,IA_medio,17,Derrota,4,Si
9422,IA_dificil,17,Derrota,4,Si
9423,IA_facil,17,Derrota,4,Si
9423,IA_medio,23,Derrota,5,Si
9423,IA_dificil,18,Victoria,5,Si
9424,IA_facil,18,Victoria,7,Si
9424,IA_medio,17,Derrota,6,Si
9424,IA_dificil,24,Derrota,6,Si
9425,IA_facil,20,Victoria,6,Si
9425,IA_medio,22,Derrota,5,Si
9425,IA_dificil,19,Derrota,5,Si
9426,IA_facil,21,Victoria,6,Si
9426,IA_medio,22,Derrota,7,Si
9426,IA_dificil,20,Derrota,7,Si
9427,IA_facil,19,Derrota,6,Si
9427,IA_medio,19,Derrota,6,Si
9427,IA_dificil,21,Victoria,5,Si
9428,IA_facil,21,Victoria,6,Si
9428,IA_medio,19,Derrota,6,Si
9428,IA_dificil,19,Derrota,5,Si
9429,IA_facil,20,Victoria,5,Si
9429,IA_medio,24,Derrota,9,Si
9429,IA_dificil,18,Derrota,5,Si
9430,IA_facil,18,Derrota,6,Si
9430,IA_medio,23,Derrota,6,Si
9430,IA_dificil,20,Victoria,7,Si
9431,IA_facil,17,Derrota,4,Si
9431,IA_medio,23,Derrota,6,Si
9431,IA_dificil,20,Victoria,4,Si
9432,IA_facil,17,Derrota,6,Si
9432,IA_medio,18,Derrota,7,Si
9432,IA_dificil,20,Victoria,5,Si
9433,IA_facil,18,Empate,5,Si
9433,IA_medio,23,Derrota,8,Si
9433,IA_dificil,18,Empate,5,Si
9434,IA_facil,21,Victoria,6,Si
9434,IA_medio,22,Derrota,6,Si
9434,IA_dificil,18,Derrota,4,Si
9435,IA_facil,17,Derrota,4,Si
9435,IA_medio,18,Victoria,6,Si
9435,IA_dificil,22,Derrota,6,Si
9436,IA_facil,21,Victoria,7,Si
9436,IA_medio,23,Derrota,6,Si
9436,IA_dificil,19,Derrota,6,Si
9437,IA_facil,17,Derrota,4,Si
9437,IA_medio,20,Empate,5,Si
9437,IA_dificil,20,Empate,7,Si
9438,IA_facil,21,Victoria,5,Si
9438,IA_medio,19,Derrota,6,Si
9438,IA_dificil,17,Derrota,5,Si
9439,IA_facil,21,Empate,6,Si
9439,IA_medio,24,Derrota,7,Si
9439,IA_dificil,21,Empate,6,Si
9440,IA_facil,20,Victoria,5,Si
9440,IA_medio,24,Derrota,7,Si
9440,IA_dificil,17,Derrota,5,Si
9441,IA_facil,18,Derrota,5,Si
9441,IA_medio,20,Empate,5,Si
9441,IA_dificil,20,Empate,5,Si
9442,IA_facil,17,Derrota,5,Si
9442,IA_medio,20,Victoria,7,Si
9442,IA_dificil,19,Derrota,5,Si
9443,IA_facil,18,Derrota,6,Si
9443,IA_medio,20,Victoria,4,Si
9443,IA_dificil,17,Derrota,4,Si
9444,IA_facil,21,Victoria,6,Si
9444,IA_medio,20,Derrota,7,Si
9444,IA_dificil,22,Derrota,5,Si
9445,IA_facil,18,Derrota,4,Si
9445,IA_medio,21,Empate,5,Si
9445,IA_dificil,21,Empate,5,Si
9446,IA_facil,17,Derrota,6,Si
9446,IA_medio,18,Derrota,6,Si
9446,IA_dificil,20,Victoria,8,Si
9447,IA_facil,18,Derrota,5,Si
9447,IA_medio,22,Derrota,5,Si
9447,IA_dificil,21,Victoria,5,Si
9448,IA_facil,21,Empate,5,Si
9448,IA_medio,24,Derrota,5,Si
9448,IA_dificil,21,Empate,5,Si
9449,IA_facil,21,Empate,5,Si
9449,IA_medio,21,Empate,5,Si
9449,IA_dificil,22,Derrota,5,Si
9450,IA_facil,17,Derrota,4,Si
9450,IA_medio,24,Derrota,5,Si
9450,IA_dificil,20,Victoria,5,Si
9451,IA_facil,17,Derrota,4,Si
9451,IA_medio,21,Victoria,6,Si
9451,IA_dificil,19,Derrota,6,Si
9452,IA_facil,18,Derrota,8,Si
9452,IA_medio,17,Derrota,4,Si
9452,IA_dificil,20,Victoria,6,Si
9453,IA_facil,19,Empate,6,Si
9453,IA_medio,19,Empate,4,Si
9453,IA_dificil,17,Derrota,4,Si
9454,IA_facil,17,Derrota,6,Si
9454,IA_medio,21,Victoria,7,Si
9454,IA_dificil,19,Derrota,5,Si
9455,IA_facil,19,Derrota,7,Si
9455,IA_medio,19,Derrota,9,Si
9455,IA_dificil,20,Victoria,7,Si
9456,IA_facil,20,Victoria,7,Si
9456,IA_medio,22,Derrota,6,Si
9456,IA_dificil,18,Derrota,5,Si
9457,IA_facil,19,Empate,7,Si
9457,IA_medio,18,Derrota,4,Si
9457,IA_dificil,19,Empate,4,Si
9458,IA_facil,17,Derrota,5,Si
9458,IA_medio,18,Derrota,5,Si
9458,IA_dificil,21,Victoria,10,Si
9459,IA_facil,21,Empate,5,Si
9459,IA_medio,21,Empate,6,Si
9459,IA_dificil,19,Derrota,7,Si
9460,IA_facil,18,Derrota,7,Si
9460,IA_medio,20,Victoria,5,Si
9460,IA_dificil,18,Derrota,5,Si
9461,IA_facil,17,Derrota,5,Si
9461,IA_medio,20,Victoria,6,Si
9461,IA_dificil,19,Derrota,5,Si
9462,IA_facil,17,Derrota,4,Si
9462,IA_medio,20,Derrota,5,Si
9462,IA_dificil,21,Victoria,6,Si
9463,IA_facil,17,Derrota,3,Si
9463,IA_medio,21,Victoria,6,Si
9463,IA_dificil,23,Derrota,6,Si
9464,IA_facil,18,Derrota,6,Si
9464,IA_medio,20,Empate,6,Si
9464,IA_dificil,20,Empate,7,Si
9465,IA_facil,18,Derrota,4,Si
9465,IA_medio,20,Victoria,4,Si
9465,IA_dificil,18,Derrota,9,Si
9466,IA_facil,17,Derrota,5,Si
9466,IA_medio,20,Victoria,5,Si
9466,IA_dificil,17,Derrota,5,Si
9467,IA_facil,21,Victoria,5,Si
9467,IA_medio,24,Derrota,7,Si
9467,IA_dificil,19,Derrota,9,Si
9468,IA_facil,18,Derrota,6,Si
9468,IA_medio,21,Victoria,5,Si
9468,IA_dificil,18,Derrota,7,Si
9469,IA_facil,17,Derrota,4,Si
9469,IA_medio,23,Derrota,7,Si
9469,IA_dificil,20,Victoria,8,Si
9470,IA_facil,17,Victoria,5,Si
9470,IA_medio,22,Derrota,6,Si
9470,IA_dificil,22,Derrota,6,Si
9471,IA_facil,18,Derrota,4,Si
9471,IA_medio,23,Derrota,8,Si
9471,IA_dificil,19,Victoria,6,Si
9472,IA_facil,17,Derrota,5,Si
9472,IA_medio,20,Victoria,4,Si
9472,IA_dificil,17,Derrota,5,Si
9473,IA_facil,19,Derrota,7,Si
9473,IA_medio,20,Derrota,6,Si
9473,IA_dificil,21,Victoria,5,Si
9474,IA_facil,20,Victoria,5,Si
9474,IA_medio,17,Derrota,5,Si
9474,IA_dificil,18,Derrota,6,Si
9475,IA_facil,19,Derrota,6,Si
9475,IA_medio,20,Empate,7,Si
9475,IA_dificil,20,Empate,5,Si
9476,IA_facil,19,Derrota,7,Si
9476,IA_medio,21,Victoria,5,Si
9476,IA_dificil,17,Derrota,5,Si
9477,IA_facil,17,Victoria,4,Si
9477,IA_medio,25,Derrota,5,Si
9477,IA_dificil,22,Derrota,6,Si
9478,IA_facil,21,Empate,6,Si
9478,IA_medio,21,Empate,5,Si
9478,IA_dificil,21,Empate,7,Si
9479,IA_facil,17,Derrota,5,Si
9479,IA_medio,17,Derrota,4,Si
9479,IA_dificil,21,Victoria,5,Si
9480,IA_facil,17,Derrota,5,Si
9480,IA_medio,20,Derrota,7,Si
9480,IA_dificil,21,Victoria,7,Si
9481,IA_facil,22,Derrota,8,Si
9481,IA_medio,20,Empate,6,Si
9481,IA_dificil,20,Empate,7,Si
9482,IA_facil,17,Derrota,3,Si
9482,IA_medio,18,Empate,4,Si
9482,IA_dificil,18,Empate,5,Si
9483,IA_facil,20,Derrota,6,Si
9483,IA_medio,21,Empate,5,Si
9483,IA_dificil,21,Empate,7,Si
9484,IA_facil,17,Empate,6,Si
9484,IA_medio,17,Empate,8,Si
9484,IA_dificil,22,Derrota,6,Si
9485,IA_facil,19,Derrota,8,Si
9485,IA_medio,21,Victoria,5,Si
9485,IA_dificil,18,Derrota,4,Si
9486,IA_facil,18,Derrota,5,Si
9486,IA_medio,21,Victoria,8,Si
9486,IA_dificil,20,Derrota,6,Si
9487,IA_facil,17,Empate,4,Si
9487,IA_medio,17,Empate,9,Si
9487,IA_dificil,17,Empate,5,Si
9488,IA_facil,17,Derrota,5,Si
9488,IA_medio,18,Victoria,5,Si
9488,IA_dificil,23,Derrota,7,Si
9489,IA_facil,21,Empate,5,Si
9489,IA_medio,21,Empate,5,Si
9489,IA_dificil,17,Derrota,7,Si
9490,IA_facil,19,Victoria,5,Si
9490,IA_medio,17,Derrota,5,Si
9490,IA_dificil,17,Derrota,4,Si
9491,IA_facil,19,Derrota,4,Si
9491,IA_medio,20,Victoria,8,Si
9491,IA_dificil,17,Derrota,4,Si
9492,IA_facil,22,Derrota,6,Si
9492,IA_medio,22,Derrota,7,Si
9492,IA_dificil,17,Victoria,5,Si
9493,IA_facil,18,Derrota,6,Si
9493,IA_medio,21,Victoria,6,Si
9493,IA_dificil,19,Derrota,8,Si
9494,IA_facil,17,Victoria,5,Si
9494,IA_medio,24,Derrota,7,Si
9494,IA_dificil,23,Derrota,6,Si
9495,IA_facil,20,Victoria,4,Si
9495,IA_medio,17,Derrota,7,Si
9495,IA_dificil,18,Derrota,5,Si
9496,IA_facil,18,Empate,5,Si
9496,IA_medio,24,Derrota,6,Si
9496,IA_dificil,18,Empate,5,Si
9497,IA_facil,21,Victoria,6,Si
9497,IA_medio,23,Derrota,6,Si
9497,IA_dificil,25,Derrota,5,Si
9498,IA_facil,18,Derrota,6,Si
9498,IA_medio,20,Derrota,6,Si
9498,IA_dificil,21,Victoria,4,Si
9499,IA_facil,21,Victoria,4,Si
9499,IA_medio,22,Derrota,6,Si
9499,IA_dificil,17,Derrota,5,Si
9500,IA_facil,17,Derrota,4,Si
9500,IA_medio,22,Derrota,7,Si
9500,IA_dificil,19,Victoria,4,Si
9501,IA_facil,21,Empate,5,Si
9501,IA_medio,20,Derrota,6,Si
9501,IA_dificil,21,Empate,6,Si
9502,IA_facil,19,Derrota,4,Si
9502,IA_medio,20,Victoria,4,Si
9502,IA_dificil,25,Derrota,6,Si
9503,IA_facil,19,Derrota,4,Si
9503,IA_medio,20,Victoria,5,Si
9503,IA_dificil,22,Derrota,7,Si
9504,IA_facil,18,Victoria,5,Si
9504,IA_medio,22,Derrota,6,Si
9504,IA_dificil,17,Derrota,6,Si
9505,IA_facil,18,Empate,4,Si
9505,IA_medio,22,Derrota,6,Si
9505,IA_dificil,18,Empate,6,Si
9506,IA_facil,18,Derrota,4,Si
9506,IA_medio,20,Victoria,6,Si
9506,IA_dificil,22,Derrota,5,Si
9507,IA_facil,18,Victoria,3,Si
9507,IA_medio,22,Derrota,4,Si
9507,IA_dificil,22,Derrota,5,Si
9508,IA_facil,18,Derrota,5,Si
9508,IA_medio,21,Victoria,6,Si
9508,IA_dificil,20,Derrota,6,Si
9509,IA_facil,20,Victoria,5,Si
9509,IA_medio,17,Derrota,6,Si
9509,IA_dificil,18,Derrota,5,Si
9510,IA_facil,18,Empate,5,Si
9510,IA_medio,18,Empate,5,Si
9510,IA_dificil,18,Empate,7,Si
9511,IA_facil,19,Derrota,5,Si
9511,IA_medio,21,Victoria,6,Si
9511,IA_dificil,20,Derrota,6,Si
9512,IA_facil,19,Derrota,5,Si
9512,IA_medio,24,Derrota,5,Si
9512,IA_dificil,20,Victoria,7,Si
9513,IA_facil,20,Victoria,4,Si
9513,IA_medio,22,Derrota,5,Si
9513,IA_dificil,18,Derrota,5,Si
9514,IA_facil,20,Derrota,9,Si
9514,IA_medio,18,Derrota,4,Si
9514,IA_dificil,21,Victoria,5,Si
9515,IA_facil,20,Victoria,6,Si
9515,IA_medio,18,Derrota,7,Si
9515,IA_dificil,22,Derrota,7,Si
9516,IA_facil,19,Victoria,5,Si
9516,IA_medio,17,Derrota,4,Si
9516,IA_dificil,22,Derrota,5,Si
9517,IA_facil,17,Derrota,5,Si
9517,IA_medio,23,Derrota,5,Si
9517,IA_dificil,19,Victoria,4,Si
9518,IA_facil,18,Empate,7,Si
9518,IA_medio,18,Empate,5,Si
9518,IA_dificil,18,Empate,6,Si
9519,IA_facil,21,Victoria,7,Si
9519,IA_medio,20,Derrota,5,Si
9519,IA_dificil,19,Derrota,5,Si
9520,IA_facil,17,Derrota,5,Si
9520,IA_medio,20,Empate,8,Si
9520,IA_dificil,20,Empate,8,Si
9521,IA_facil,19,Derrota,4,Si
9521,IA_medio,20,Victoria,5,Si
9521,IA_dificil,25,Derrota,6,Si
9522,IA_facil,20,Empate,5,Si
9522,IA_medio,23,Derrota,9,Si
9522,IA_dificil,20,Empate,7,Si
9523,IA_facil,17,Derrota,6,Si
9523,IA_medio,18,Empate,6,Si
9523,IA_dificil,18,Empate,7,Si
9524,IA_facil,17,Derrota,7,Si
9524,IA_medio,19,Derrota,4,Si
9524,IA_dificil,21,Victoria,6,Si
9525,IA_facil,21,Victoria,5,Si
9525,IA_medio,24,Derrota,7,Si
9525,IA_dificil,18,Derrota,3,Si
9526,IA_facil,18,Derrota,7,Si
9526,IA_medio,21,Empate,7,Si
9526,IA_dificil,21,Empate,4,Si
9527,IA_facil,17,Derrota,4,Si
9527,IA_medio,20,Victoria,8,Si
9527,IA_dificil,17,Derrota,5,Si
9528,IA_facil,17,Derrota,5,Si
9528,IA_medio,19,Victoria,9,Si
9528,IA_dificil,17,Derrota,5,Si
9529,IA_facil,20,Derrota,5,Si
9529,IA_medio,21,Victoria,6,Si
9529,IA_dificil,18,Derrota,5,Si
9530,IA_facil,18,Derrota,7,Si
9530,IA_medio,17,Derrota,5,Si
9530,IA_dificil,21,Victoria,5,Si
9531,IA_facil,20,Victoria,6,Si
9531,IA_medio,19,Derrota,4,Si
9531,IA_dificil,18,Derrota,5,Si
9532,IA_facil,19,Empate,6,Si
9532,IA_medio,22,Derrota,4,Si
9532,IA_dificil,19,Empate,6,Si
9533,IA_facil,17,Derrota,4,Si
9533,IA_medio,17,Derrota,5,Si
9533,IA_dificil,19,Victoria,6,Si
9534,IA_facil,17,Empate,4,Si
9534,IA_medio,17,Empate,5,Si
9534,IA_dificil,17,Empate,5,Si
9535,IA_facil,19,Derrota,5,Si
9535,IA_medio,21,Victoria,5,Si
9535,IA_dificil,18,Derrota,5,Si
9536,IA_facil,19,Derrota,5,Si
9536,IA_medio,21,Victoria,5,Si
9536,IA_dificil,25,Derrota,6,Si
9537,IA_facil,19,Derrota,6,Si
9537,IA_medio,21,Victoria,4,Si
9537,IA_dificil,18,Derrota,6,Si
9538,IA_facil,17,Derrota,4,Si
9538,IA_medio,21,Empate,4,Si
9538,IA_dificil,21,Empate,4,Si
9539,IA_facil,18,Derrota,5,Si
9539,IA_medio,17,Derrota,4,Si
9539,IA_dificil,19,Victoria,5,Si
9540,IA_facil,20,Derrota,6,Si
9540,IA_medio,18,Derrota,7,Si
9540,IA_dificil,21,Victoria,5,Si
9541,IA_facil,20,Empate,7,Si
9541,IA_medio,20,Empate,7,Si
9541,IA_dificil,24,Derrota,9,Si
9542,IA_facil,17,Derrota,6,Si
9542,IA_medio,17,Derrota,5,Si
9542,IA_dificil,19,Victoria,7,Si
9543,IA_facil,20,Empate,5,Si
9543,IA_medio,20,Empate,5,Si
9543,IA_dificil,18,Derrota,5,Si
9544,IA_facil,21,Empate,7,Si
9544,IA_medio,21,Empate,4,Si
9544,IA_dificil,18,Derrota,7,Si
9545,IA_facil,20,Victoria,6,Si
9545,IA_medio,24,Derrota,7,Si
9545,IA_dificil,18,Derrota,6,Si
9546,IA_facil,18,Derrota,7,Si
9546,IA_medio,21,Victoria,5,Si
9546,IA_dificil,19,Derrota,6,Si
9547,IA_facil,18,Empate,6,Si
9547,IA_medio,18,Empate,5,Si
9547,IA_dificil,22,Derrota,5,Si
9548,IA_facil,17,Derrota,5,Si
9548,IA_medio,22,Derrota,6,Si
9548,IA_dificil,20,Victoria,6,Si
9549,IA_facil,18,Derrota,8,Si
9549,IA_medio,19,Victoria,5,Si
9549,IA_dificil,23,Derrota,8,Si
9550,IA_facil,19,Victoria,6,Si
9550,IA_medio,23,Derrota,5,Si
9550,IA_dificil,17,Derrota,4,Si
9551,IA_facil,17,Derrota,4,Si
9551,IA_medio,18,Empate,6,Si
9551,IA_dificil,18,Empate,5,Si
9552,IA_facil,20,Victoria,7,Si
9552,IA_medio,22,Derrota,6,Si
9552,IA_dificil,22,Derrota,6,Si
9553,IA_facil,17,Derrota,5,Si
9553,IA_medio,20,Empate,4,Si
9553,IA_dificil,20,Empate,7,Si
9554,IA_facil,17,Empate,3,Si
9554,IA_medio,17,Empate,4,Si
9554,IA_dificil,25,Derrota,7,Si
9555,IA_facil,17,Victoria,6,Si
9555,IA_medio,23,Derrota,8,Si
9555,IA_dificil,23,Derrota,6,Si
9556,IA_facil,18,Derrota,6,Si
9556,IA_medio,22,Derrota,7,Si
9556,IA_dificil,20,Victoria,5,Si
9557,IA_facil,17,Derrota,5,Si
9557,IA_medio,20,Victoria,7,Si
9557,IA_dificil,18,Derrota,8,Si
9558,IA_facil,20,Empate,7,Si
9558,IA_medio,18,Derrota,7,Si
9558,IA_dificil,20,Empate,6,Si
9559,IA_facil,18,Derrota,6,Si
9559,IA_medio,23,Derrota,5,Si
9559,IA_dificil,19,Victoria,5,Si
9560,IA_facil,19,Derrota,6,Si
9560,IA_medio,21,Victoria,4,Si
9560,IA_dificil,17,Derrota,5,Si
9561,IA_facil,18,Derrota,4,Si
9561,IA_medio,21,Victoria,7,Si
9561,IA_dificil,20,Derrota,7,Si
9562,IA_facil,22,Derrota,8,Si
9562,IA_medio,21,Victoria,6,Si
9562,IA_dificil,22,Derrota,8,Si
9563,IA_facil,20,Derrota,6,Si
9563,IA_medio,22,Derrota,6,Si
9563,IA_dificil,21,Victoria,4,Si
9564,IA_facil,19,Derrota,5,Si
9564,IA_medio,20,Victoria,5,Si
9564,IA_dificil,19,Derrota,6,Si
9565,IA_facil,17,Derrota,6,Si
9565,IA_medio,20,Victoria,9,Si
9565,IA_dificil,22,Derrota,6,Si
9566,IA_facil,21,Victoria,8,Si
9566,IA_medio,17,Derrota,4,Si
9566,IA_dificil,18,Derrota,4,Si
9567,IA_facil,19,Victoria,6,Si
9567,IA_medio,23,Derrota,6,Si
9567,IA_dificil,17,Derrota,5,Si
9568,IA_facil,19,Derrota,6,Si
9568,IA_medio,20,Victoria,4,Si
9568,IA_dificil,19,Derrota,5,Si
9569,IA_facil,19,Derrota,6,Si
9569,IA_medio,22,Derrota,4,Si
9569,IA_dificil,21,Victoria,6,Si
9570,IA_facil,20,Derrota,7,Si
9570,IA_medio,23,Derrota,8,Si
9570,IA_dificil,21,Victoria,7,Si
9571,IA_facil,21,Victoria,7,Si
9571,IA_medio,19,Derrota,6,Si
9571,IA_dificil,18,Derrota,6,Si
9572,IA_facil,20,Victoria,4,Si
9572,IA_medio,18,Derrota,4,Si
9572,IA_dificil,17,Derrota,6,Si
9573,IA_facil,19,Derrota,4,Si
9573,IA_medio,20,Victoria,6,Si
9573,IA_dificil,17,Derrota,6,Si
9574,IA_facil,19,Victoria,8,Si
9574,IA_medio,18,Derrota,5,Si
9574,IA_dificil,22,Derrota,5,Si
9575,IA_facil,20,Derrota,6,Si
9575,IA_medio,21,Victoria,6,Si
9575,IA_dificil,20,Derrota,4,Si
9576,IA_facil,18,Derrota,6,Si
9576,IA_medio,19,Victoria,6,Si
9576,IA_dificil,17,Derrota,6,Si
9577,IA_facil,19,Derrota,4,Si
9577,IA_medio,20,Victoria,6,Si
9577,IA_dificil,22,Derrota,6,Si
9578,IA_facil,18,Derrota,5,Si
9578,IA_medio,18,Derrota,5,Si
9578,IA_dificil,19,Victoria,7,Si
9579,IA_facil,17,Derrota,6,Si
9579,IA_medio,18,Victoria,3,Si
9579,IA_dificil,23,Derrota,7,Si
9580,IA_facil,17,Derrota,3,Si
9580,IA_medio,21,Victoria,6,Si
9580,IA_dificil,20,Derrota,4,Si
9581,IA_facil,17,Derrota,4,Si
9581,IA_medio,18,Derrota,4,Si
9581,IA_dificil,19,Victoria,4,Si
9582,IA_facil,18,Derrota,5,Si
9582,IA_medio,18,Derrota,7,Si
9582,IA_dificil,20,Victoria,5,Si
9583,IA_facil,21,Victoria,8,Si
9583,IA_medio,20,Derrota,7,Si
9583,IA_dificil,18,Derrota,5,Si
9584,IA_facil,18,Derrota,5,Si
9584,IA_medio,19,Derrota,6,Si
9584,IA_dificil,20,Victoria,5,Si
9585,IA_facil,17,Derrota,6,Si
9585,IA_medio,18,Victoria,5,Si
9585,IA_dificil,17,Derrota,6,Si
9586,IA_facil,17,Derrota,5,Si
9586,IA_medio,20,Empate,8,Si
9586,IA_dificil,20,Empate,8,Si
9587,IA_facil,17,Derrota,5,Si
9587,IA_medio,21,Victoria,6,Si
9587,IA_dificil,19,Derrota,5,Si
9588,IA_facil,18,Derrota,10,Si
9588,IA_medio,20,Empate,6,Si
9588,IA_dificil,20,Empate,6,Si
9589,IA_facil,20,Victoria,6,Si
9589,IA_medio,19,Derrota,6,Si
9589,IA_dificil,17,Derrota,7,Si
9590,IA_facil,18,Derrota,5,Si
9590,IA_medio,20,Victoria,5,Si
9590,IA_dificil,24,Derrota,5,Si
9591,IA_facil,17,Derrota,6,Si
9591,IA_medio,18,Empate,5,Si
9591,IA_dificil,18,Empate,5,Si
9592,IA_facil,20,Victoria,5,Si
9592,IA_medio,17,Derrota,4,Si
9592,IA_dificil,22,Derrota,5,Si
9593,IA_facil,17,Empate,5,Si
9593,IA_medio,17,Empate,5,Si
9593,IA_dificil,25,Derrota,6,Si
9594,IA_facil,19,Derrota,7,Si
9594,IA_medio,24,Derrota,5,Si
9594,IA_dificil,21,Victoria,6,Si
9595,IA_facil,21,Victoria,6,Si
9595,IA_medio,18,Derrota,6,Si
9595,IA_dificil,18,Derrota,3,Si
9596,IA_facil,18,Empate,9,Si
9596,IA_medio,23,Derrota,5,Si
9596,IA_dificil,18,Empate,5,Si
9597,IA_facil,17,Derrota,6,Si
9597,IA_medio,20,Victoria,5,Si
9597,IA_dificil,22,Derrota,7,Si
9598,IA_facil,18,Derrota,4,Si
9598,IA_medio,24,Derrota,5,Si
9598,IA_dificil,21,Victoria,6,Si
9599,IA_facil,19,Derrota,5,Si
9599,IA_medio,23,Derrota,6,Si
9599,IA_dificil,21,Victoria,8,Si
9600,IA_facil,20,Derrota,7,Si
9600,IA_medio,21,Empate,5,Si
9600,IA_dificil,21,Empate,5,Si
9601,IA_facil,21,Victoria,4,Si
9601,IA_medio,20,Derrota,5,Si
9601,IA_dificil,19,Derrota,5,Si
9602,IA_facil,17,Derrota,5,Si
9602,IA_medio,20,Victoria,5,Si
9602,IA_dificil,17,Derrota,4,Si
9603,IA_facil,19,Empate,7,Si
9603,IA_medio,23,Derrota,8,Si
9603,IA_dificil,19,Empate,6,Si
9604,IA_facil,20,Victoria,5,Si
9604,IA_medio,19,Derrota,5,Si
9604,IA_dificil,19,Derrota,5,Si
9605,IA_facil,17,Derrota,5,Si
9605,IA_medio,20,Victoria,6,Si
9605,IA_dificil,19,Derrota,10,Si
9606,IA_facil,18,Victoria,6,Si
9606,IA_medio,17,Derrota,6,Si
9606,IA_dificil,17,Derrota,4,Si
9607,IA_facil,21,Victoria,6,Si
9607,IA_medio,24,Derrota,6,Si
9607,IA_dificil,23,Derrota,5,Si
9608,IA_facil,21,Victoria,6,Si
9608,IA_medio,18,Derrota,5,Si
9608,IA_dificil,18,Derrota,7,Si
9609,IA_facil,17,Derrota,4,Si
9609,IA_medio,21,Victoria,7,Si
9609,IA_dificil,19,Derrota,4,Si
9610,IA_facil,17,Derrota,6,Si
9610,IA_medio,20,Victoria,7,Si
9610,IA_dificil,23,Derrota,6,Si
9611,IA_facil,22,Derrota,5,Si
9611,IA_medio,18,Empate,6,Si
9611,IA_dificil,18,Empate,5,Si
9612,IA_facil,18,Empate,5,Si
9612,IA_medio,22,Derrota,5,Si
9612,IA_dificil,18,Empate,5,Si
9613,IA_facil,19,Victoria,5,Si
9613,IA_medio,22,Derrota,7,Si
9613,IA_dificil,18,Derrota,4,Si
9614,IA_facil,17,Victoria,6,Si
9614,IA_medio,22,Derrota,5,Si
9614,IA_dificil,22,Derrota,5,Si
9615,IA_facil,19,Derrota,4,Si
9615,IA_medio,20,Victoria,6,Si
9615,IA_dificil,25,Derrota,5,Si
9616,IA_facil,18,Derrota,7,Si
9616,IA_medio,20,Empate,6,Si
9616,IA_dificil,20,Empate,7,Si
9617,IA_facil,22,Derrota,7,Si
9617,IA_medio,20,Victoria,7,Si
9617,IA_dificil,22,Derrota,5,Si
9618,IA_facil,21,Victoria,5,Si
9618,IA_medio,19,Derrota,5,Si
9618,IA_dificil,17,Derrota,7,Si
9619,IA_facil,18,Empate,5,Si
9619,IA_medio,18,Empate,7,Si
9619,IA_dificil,17,Derrota,6,Si
9620,IA_facil,18,Derrota,5,Si
9620,IA_medio,18,Derrota,5,Si
9620,IA_dificil,21,Victoria,4,Si
9621,IA_facil,21,Victoria,5,Si
9621,IA_medio,20,Derrota,6,Si
9621,IA_dificil,22,Derrota,5,Si
9622,IA_facil,18,Derrota,6,Si
9622,IA_medio,17,Derrota,3,Si
9622,IA_dificil,19,Victoria,5,Si
9623,IA_facil,21,Victoria,6,Si
9623,IA_medio,24,Derrota,7,Si
9623,IA_dificil,17,Derrota,6,Si
9624,IA_facil,18,Empate,6,Si
9624,IA_medio,18,Empate,4,Si
9624,IA_dificil,17,Derrota,4,Si
9625,IA_facil,18,Derrota,5,Si
9625,IA_medio,17,Derrota,3,Si
9625,IA_dificil,21,Victoria,7,Si
9626,IA_facil,17,Derrota,6,Si
9626,IA_medio,18,Victoria,5,Si
9626,IA_dificil,17,Derrota,7,Si
9627,IA_facil,21,Victoria,6,Si
9627,IA_medio,18,Derrota,7,Si
9627,IA_dificil,17,Derrota,5,Si
9628,IA_facil,17,Victoria,4,Si
9628,IA_medio,22,Derrota,8,Si
9628,IA_dificil,22,Derrota,4,Si
9629,IA_facil,18,Derrota,6,Si
9629,IA_medio,18,Derrota,8,Si
9629,IA_dificil,21,Victoria,7,Si
9630,IA_facil,17,Derrota,6,Si
9630,IA_medio,22,Derrota,5,Si
9630,IA_dificil,21,Victoria,5,Si
9631,IA_facil,19,Derrota,5,Si
9631,IA_medio,20,Victoria,6,Si
9631,IA_dificil,19,Derrota,7,Si
9632,IA_facil,17,Derrota,4,Si
9632,IA_medio,18,Derrota,4,Si
9632,IA_dificil,19,Victoria,4,Si
9633,IA_facil,21,Empate,6,Si
9633,IA_medio,20,Derrota,6,Si
9633,IA_dificil,21,Empate,6,Si
9634,IA_facil,17,Derrota,4,Si
9634,IA_medio,22,Derrota,6,Si
9634,IA_dificil,18,Victoria,5,Si
9635,IA_facil,18,Derrota,7,Si
9635,IA_medio,20,Victoria,5,Si
9635,IA_dificil,18,Derrota,6,Si
9636,IA_facil,17,Derrota,5,Si
9636,IA_medio,22,Derrota,5,Si
9636,IA_dificil,20,Victoria,4,Si
9637,IA_facil,19,Victoria,5,Si
9637,IA_medio,17,Derrota,8,Si
9637,IA_dificil,18,Derrota,7,Si
9638,IA_facil,19,Victoria,5,Si
9638,IA_medio,17,Derrota,6,Si
9638,IA_dificil,24,Derrota,7,Si
9639,IA_facil,18,Victoria,7,Si
9639,IA_medio,17,Derrota,5,Si
9639,IA_dificil,17,Derrota,5,Si
9640,IA_facil,17,Derrota,6,Si
9640,IA_medio,20,Victoria,6,Si
9640,IA_dificil,17,Derrota,5,Si
9641,IA_facil,20,Empate,6,Si
9641,IA_medio,22,Derrota,6,Si
9641,IA_dificil,20,Empate,5,Si
9642,IA_facil,18,Derrota,6,Si
9642,IA_medio,18,Derrota,6,Si
9642,IA_dificil,20,Victoria,6,Si
9643,IA_facil,21,Victoria,5,Si
9643,IA_medio,23,Derrota,5,Si
9643,IA_dificil,19,Derrota,5,Si
9644,IA_facil,17,Derrota,5,Si
9644,IA_medio,20,Victoria,4,Si
9644,IA_dificil,17,Derrota,5,Si
9645,IA_facil,20,Victoria,6,Si
9645,IA_medio,19,Derrota,5,Si
9645,IA_dificil,22,Derrota,6,Si
9646,IA_facil,19,Derrota,5,Si
9646,IA_medio,18,Derrota,6,Si
9646,IA_dificil,21,Victoria,6,Si
9647,IA_facil,19,Victoria,6,Si
9647,IA_medio,17,Derrota,4,Si
9647,IA_dificil,17,Derrota,7,Si
9648,IA_facil,20,Empate,6,Si
9648,IA_medio,19,Derrota,5,Si
9648,IA_dificil,20,Empate,5,Si
9649,IA_facil,18,Derrota,5,Si
9649,IA_medio,18,Derrota,5,Si
9649,IA_dificil,19,Victoria,5,Si
9650,IA_facil,20,Empate,6,Si
9650,IA_medio,19,Derrota,6,Si
9650,IA_dificil,20,Empate,7,Si
9651,IA_facil,21,Victoria,6,Si
9651,IA_medio,20,Derrota,7,Si
9651,IA_dificil,22,Derrota,5,Si
9652,IA_facil,19,Derrota,9,Si
9652,IA_medio,20,Derrota,4,Si
9652,IA_dificil,21,Victoria,5,Si
9653,IA_facil,18,Derrota,7,Si
9653,IA_medio,17,Derrota,6,Si
9653,IA_dificil,21,Victoria,8,Si
9654,IA_facil,20,Derrota,6,Si
9654,IA_medio,21,Victoria,6,Si
9654,IA_dificil,23,Derrota,7,Si
9655,IA_facil,17,Derrota,8,Si
9655,IA_medio,18,Derrota,6,Si
9655,IA_dificil,19,Victoria,4,Si
9656,IA_facil,17,Derrota,6,Si
9656,IA_medio,21,Empate,5,Si
9656,IA_dificil,21,Empate,6,Si
9657,IA_facil,18,Derrota,7,Si
9657,IA_medio,17,Derrota,5,Si
9657,IA_dificil,20,Victoria,7,Si
9658,IA_facil,18,Empate,4,Si
9658,IA_medio,18,Empate,4,Si
9658,IA_dificil,18,Empate,4,Si
9659,IA_facil,19,Derrota,5,Si
9659,IA_medio,21,Victoria,6,Si
9659,IA_dificil,19,Derrota,7,Si
9660,IA_facil,17,Derrota,5,Si
9660,IA_medio,17,Derrota,3,Si
9660,IA_dificil,20,Victoria,6,Si
9661,IA_facil,20,Victoria,5,Si
9661,IA_medio,17,Derrota,4,Si
9661,IA_dificil,24,Derrota,9,Si
9662,IA_facil,17,Victoria,6,Si
9662,IA_medio,23,Derrota,6,Si
9662,IA_dificil,23,Derrota,7,Si
9663,IA_facil,22,Derrota,6,Si
9663,IA_medio,21,Victoria,6,Si
9663,IA_dificil,20,Derrota,6,Si
9664,IA_facil,18,Derrota,5,Si
9664,IA_medio,20,Victoria,6,Si
9664,IA_dificil,17,Derrota,6,Si
9665,IA_facil,19,Victoria,5,Si
9665,IA_medio,24,Derrota,5,Si
9665,IA_dificil,17,Derrota,8,Si
9666,IA_facil,22,Derrota,6,Si
9666,IA_medio,22,Derrota,5,Si
9666,IA_dificil,17,Victoria,4,Si
9667,IA_facil,20,Derrota,6,Si
9667,IA_medio,23,Derrota,5,Si
9667,IA_dificil,21,Victoria,6,Si
9668,IA_facil,19,Empate,5,Si
9668,IA_medio,17,Derrota,5,Si
9668,IA_dificil,19,Empate,8,Si
9669,IA_facil,21,Victoria,4,Si
9669,IA_medio,17,Derrota,4,Si
9669,IA_dificil,17,Derrota,6,Si
9670,IA_facil,19,Victoria,6,Si
9670,IA_medio,22,Derrota,7,Si
9670,IA_dificil,17,Derrota,3,Si
9671,IA_facil,17,Derrota,6,Si
9671,IA_medio,17,Derrota,6,Si
9671,IA_dificil,21,Victoria,8,Si
9672,IA_facil,17,Derrota,6,Si
9672,IA_medio,18,Derrota,5,Si
9672,IA_dificil,19,Victoria,5,Si
9673,IA_facil,21,Victoria,8,Si
9673,IA_medio,18,Derrota,5,Si
9673,IA_dificil,20,Derrota,5,Si
9674,IA_facil,17,Derrota,6,Si
9674,IA_medio,18,Derrota,6,Si
9674,IA_dificil,19,Victoria,5,Si
9675,IA_facil,19,Victoria,6,Si
9675,IA_medio,24,Derrota,5,Si
9675,IA_dificil,17,Derrota,5,Si
9676,IA_facil,20,Victoria,6,Si
9676,IA_medio,18,Derrota,5,Si
9676,IA_dificil,19,Derrota,7,Si
9677,IA_facil,17,Derrota,5,Si
9677,IA_medio,21,Victoria,5,Si
9677,IA_dificil,18,Derrota,5,Si
9678,IA_facil,22,Derrota,4,Si
9678,IA_medio,17,Empate,6,Si
9678,IA_dificil,17,Empate,4,Si
9679,IA_facil,17,Derrota,4,Si
9679,IA_medio,18,Victoria,4,Si
9679,IA_dificil,22,Derrota,7,Si
9680,IA_facil,18,Derrota,5,Si
9680,IA_medio,20,Derrota,8,Si
9680,IA_dificil,21,Victoria,6,Si
9681,IA_facil,17,Derrota,4,Si
9681,IA_medio,21,Victoria,6,Si
9681,IA_dificil,17,Derrota,5,Si
9682,IA_facil,20,Derrota,4,Si
9682,IA_medio,21,Victoria,4,Si
9682,IA_dificil,19,Derrota,8,Si
9683,IA_facil,18,Victoria,5,Si
9683,IA_medio,17,Derrota,5,Si
9683,IA_dificil,17,Derrota,6,Si
9684,IA_facil,18,Derrota,4,Si
9684,IA_medio,22,Derrota,7,Si
9684,IA_dificil,19,Victoria,7,Si
9685,IA_facil,18,Derrota,7,Si
9685,IA_medio,23,Derrota,5,Si
9685,IA_dificil,19,Victoria,6,Si
9686,IA_facil,17,Derrota,6,Si
9686,IA_medio,19,Derrota,7,Si
9686,IA_dificil,20,Victoria,5,Si
9687,IA_facil,17,Empate,6,Si
9687,IA_medio,17,Empate,5,Si
9687,IA_dificil,17,Empate,4,Si
9688,IA_facil,18,Derrota,4,Si
9688,IA_medio,22,Derrota,5,Si
9688,IA_dificil,20,Victoria,5,Si
9689,IA_facil,18,Empate,4,Si
9689,IA_medio,17,Derrota,5,Si
9689,IA_dificil,18,Empate,5,Si
9690,IA_facil,17,Derrota,3,Si
9690,IA_medio,18,Derrota,6,Si
9690,IA_dificil,19,Victoria,4,Si
9691,IA_facil,17,Derrota,5,Si
9691,IA_medio,20,Derrota,4,Si
9691,IA_dificil,21,Victoria,7,Si
9692,IA_facil,18,Empate,4,Si
9692,IA_medio,18,Empate,5,Si
9692,IA_dificil,18,Empate,6,Si
9693,IA_facil,20,Derrota,6,Si
9693,IA_medio,21,Victoria,10,Si
9693,IA_dificil,22,Derrota,4,Si
9694,IA_facil,19,Derrota,5,Si
9694,IA_medio,17,Derrota,5,Si
9694,IA_dificil,21,Victoria,5,Si
9695,IA_facil,19,Empate,7,Si
9695,IA_medio,23,Derrota,7,Si
9695,IA_dificil,19,Empate,6,Si
9696,IA_facil,17,Derrota,6,Si
9696,IA_medio,20,Empate,7,Si
9696,IA_dificil,20,Empate,6,Si
9697,IA_facil,18,Derrota,5,Si
9697,IA_medio,18,Derrota,7,Si
9697,IA_dificil,20,Victoria,7,Si
9698,IA_facil,21,Victoria,8,Si
9698,IA_medio,20,Derrota,5,Si
9698,IA_dificil,20,Derrota,6,Si
9699,IA_facil,17,Derrota,6,Si
9699,IA_medio,20,Victoria,5,Si
9699,IA_dificil,24,Derrota,4,Si
9700,IA_facil,21,Empate,5,Si
9700,IA_medio,21,Empate,5,Si
9700,IA_dificil,17,Derrota,6,Si
9701,IA_facil,20,Derrota,6,Si
9701,IA_medio,21,Victoria,6,Si
9701,IA_dificil,18,Derrota,5,Si
9702,IA_facil,21,Empate,5,Si
9702,IA_medio,21,Empate,6,Si
9702,IA_dificil,18,Derrota,5,Si
9703,IA_facil,18,Derrota,4,Si
9703,IA_medio,19,Empate,5,Si
9703,IA_dificil,19,Empate,5,Si
9704,IA_facil,18,Derrota,5,Si
9704,IA_medio,20,Victoria,8,Si
9704,IA_dificil,18,Derrota,6,Si
9705,IA_facil,18,Derrota,4,Si
9705,IA_medio,24,Derrota,6,Si
9705,IA_dificil,19,Victoria,5,Si
9706,IA_facil,20,Empate,8,Si
9706,IA_medio,19,Derrota,5,Si
9706,IA_dificil,20,Empate,7,Si
9707,IA_facil,17,Derrota,6,Si
9707,IA_medio,21,Empate,6,Si
9707,IA_dificil,21,Empate,5,Si
9708,IA_facil,17,Derrota,5,Si
9708,IA_medio,19,Derrota,6,Si
9708,IA_dificil,21,Victoria,6,Si
9709,IA_facil,18,Derrota,4,Si
9709,IA_medio,22,Derrota,5,Si
9709,IA_dificil,20,Victoria,7,Si
9710,IA_facil,17,Derrota,4,Si
9710,IA_medio,18,Derrota,6,Si
9710,IA_dificil,19,Victoria,5,Si
9711,IA_facil,17,Derrota,4,Si
9711,IA_medio,21,Victoria,5,Si
9711,IA_dificil,19,Derrota,5,Si
9712,IA_facil,17,Derrota,4,Si
9712,IA_medio,18,Derrota,5,Si
9712,IA_dificil,19,Victoria,5,Si
9713,IA_facil,22,Derrota,5,Si
9713,IA_medio,22,Derrota,5,Si
9713,IA_dificil,22,Derrota,6,Si
9714,IA_facil,20,Victoria,5,Si
9714,IA_medio,18,Derrota,4,Si
9714,IA_dificil,17,Derrota,4,Si
9715,IA_facil,19,Derrota,5,Si
9715,IA_medio,21,Victoria,5,Si
9715,IA_dificil,18,Derrota,4,Si
9716,IA_facil,18,Victoria,6,Si
9716,IA_medio,17,Derrota,4,Si
9716,IA_dificil,17,Derrota,6,Si
9717,IA_facil,17,Victoria,5,Si
9717,IA_medio,24,Derrota,8,Si
9717,IA_dificil,23,Derrota,6,Si
9718,IA_facil,21,Victoria,5,Si
9718,IA_medio,20,Derrota,6,Si
9718,IA_dificil,20,Derrota,6,Si
9719,IA_facil,20,Victoria,7,Si
9719,IA_medio,17,Derrota,5,Si
9719,IA_dificil,17,Derrota,4,Si
9720,IA_facil,20,Derrota,6,Si
9720,IA_medio,20,Derrota,7,Si
9720,IA_dificil,21,Victoria,5,Si
9721,IA_facil,19,Derrota,6,Si
9721,IA_medio,21,Victoria,9,Si
9721,IA_dificil,20,Derrota,4,Si
9722,IA_facil,20,Victoria,5,Si
9722,IA_medio,19,Derrota,5,Si
9722,IA_dificil,18,Derrota,4,Si
9723,IA_facil,20,Victoria,7,Si
9723,IA_medio,19,Derrota,4,Si
9723,IA_dificil,22,Derrota,8,Si
9724,IA_facil,19,Derrota,5,Si
9724,IA_medio,20,Victoria,4,Si
9724,IA_dificil,18,Derrota,6,Si
9725,IA_facil,18,Derrota,4,Si
9725,IA_medio,22,Derrota,6,Si
9725,IA_dificil,19,Victoria,4,Si
9726,IA_facil,17,Derrota,5,Si
9726,IA_medio,17,Derrota,4,Si
9726,IA_dificil,19,Victoria,5,Si
9727,IA_facil,22,Derrota,5,Si
9727,IA_medio,19,Victoria,4,Si
9727,IA_dificil,18,Derrota,6,Si
9728,IA_facil,22,Derrota,4,Si
9728,IA_medio,17,Empate,5,Si
9728,IA_dificil,17,Empate,3,Si
9729,IA_facil,19,Derrota,6,Si
9729,IA_medio,20,Victoria,6,Si
9729,IA_dificil,17,Derrota,5,Si
9730,IA_facil,17,Derrota,6,Si
9730,IA_medio,18,Victoria,4,Si
9730,IA_dificil,17,Derrota,4,Si
9731,IA_facil,19,Victoria,7,Si
9731,IA_medio,18,Derrota,5,Si
9731,IA_dificil,22,Derrota,5,Si
9732,IA_facil,17,Derrota,7,Si
9732,IA_medio,20,Derrota,5,Si
9732,IA_dificil,21,Victoria,5,Si
9733,IA_facil,17,Derrota,4,Si
9733,IA_medio,19,Empate,5,Si
9733,IA_dificil,19,Empate,6,Si
9734,IA_facil,22,Derrota,5,Si
9734,IA_medio,17,Derrota,4,Si
9734,IA_dificil,18,Victoria,5,Si
9735,IA_facil,19,Victoria,6,Si
9735,IA_medio,17,Derrota,5,Si
9735,IA_dificil,17,Derrota,5,Si
9736,IA_facil,20,Empate,7,Si
9736,IA_medio,19,Derrota,5,Si
9736,IA_dificil,20,Empate,5,Si
9737,IA_facil,20,Empate,7,Si
9737,IA_medio,22,Derrota,6,Si
9737,IA_dificil,20,Empate,6,Si
9738,IA_facil,18,Derrota,5,Si
9738,IA_medio,19,Empate,6,Si
9738,IA_dificil,19,Empate,5,Si
9739,IA_facil,18,Derrota,7,Si
9739,IA_medio,21,Empate,5,Si
9739,IA_dificil,21,Empate,5,Si
9740,IA_facil,18,Derrota,5,Si
9740,IA_medio,21,Victoria,6,Si
9740,IA_dificil,19,Derrota,7,Si
9741,IA_facil,19,Derrota,5,Si
9741,IA_medio,20,Victoria,4,Si
9741,IA_dificil,18,Derrota,5,Si
9742,IA_facil,19,Derrota,8,Si
9742,IA_medio,21,Victoria,5,Si
9742,IA_dificil,19,Derrota,5,Si
9743,IA_facil,21,Empate,5,Si
9743,IA_medio,18,Derrota,6,Si
9743,IA_dificil,21,Empate,5,Si
9744,IA_facil,18,Derrota,7,Si
9744,IA_medio,17,Derrota,6,Si
9744,IA_dificil,19,Victoria,6,Si
9745,IA_facil,17,Derrota,5,Si
9745,IA_medio,21,Victoria,6,Si
9745,IA_dificil,17,Derrota,5,Si
9746,IA_facil,19,Derrota,4,Si
9746,IA_medio,21,Victoria,6,Si
9746,IA_dificil,20,Derrota,5,Si
9747,IA_facil,18,Empate,5,Si
9747,IA_medio,18,Empate,4,Si
9747,IA_dificil,18,Empate,4,Si
9748,IA_facil,17,Derrota,6,Si
9748,IA_medio,17,Derrota,4,Si
9748,IA_dificil,18,Victoria,5,Si
9749,IA_facil,17,Derrota,5,Si
9749,IA_medio,23,Derrota,8,Si
9749,IA_dificil,18,Victoria,5,Si
9750,IA_facil,18,Derrota,6,Si
9750,IA_medio,20,Victoria,6,Si
9750,IA_dificil,17,Derrota,6,Si
9751,IA_facil,21,Empate,6,Si
9751,IA_medio,21,Empate,6,Si
9751,IA_dificil,19,Derrota,4,Si
9752,IA_facil,17,Derrota,4,Si
9752,IA_medio,24,Derrota,9,Si
9752,IA_dificil,20,Victoria,4,Si
9753,IA_facil,18,Derrota,5,Si
9753,IA_medio,18,Derrota,5,Si
9753,IA_dificil,19,Victoria,6,Si
9754,IA_facil,20,Empate,5,Si
9754,IA_medio,19,Derrota,6,Si
9754,IA_dificil,20,Empate,5,Si
9755,IA_facil,18,Derrota,6,Si
9755,IA_medio,21,Victoria,4,Si
9755,IA_dificil,18,Derrota,7,Si
9756,IA_facil,21,Victoria,7,Si
9756,IA_medio,20,Derrota,5,Si
9756,IA_dificil,22,Derrota,7,Si
9757,IA_facil,17,Derrota,4,Si
9757,IA_medio,24,Derrota,6,Si
9757,IA_dificil,18,Victoria,7,Si
9758,IA_facil,19,Derrota,5,Si
9758,IA_medio,21,Victoria,5,Si
9758,IA_dificil,20,Derrota,4,Si
9759,IA_facil,18,Derrota,8,Si
9759,IA_medio,19,Victoria,5,Si
9759,IA_dificil,22,Derrota,10,Si
9760,IA_facil,17,Derrota,5,Si
9760,IA_medio,20,Victoria,7,Si
9760,IA_dificil,17,Derrota,5,Si
9761,IA_facil,18,Derrota,5,Si
9761,IA_medio,25,Derrota,6,Si
9761,IA_dificil,20,Victoria,6,Si
9762,IA_facil,17,Derrota,6,Si
9762,IA_medio,22,Derrota,6,Si
9762,IA_dificil,20,Victoria,6,Si
9763,IA_facil,18,Victoria,7,Si
9763,IA_medio,23,Derrota,7,Si
9763,IA_dificil,23,Derrota,5,Si
9764,IA_facil,18,Derrota,6,Si
9764,IA_medio,24,Derrota,7,Si
9764,IA_dificil,21,Victoria,6,Si
9765,IA_facil,18,Victoria,5,Si
9765,IA_medio,22,Derrota,5,Si
9765,IA_dificil,17,Derrota,5,Si
9766,IA_facil,17,Derrota,4,Si
9766,IA_medio,20,Victoria,7,Si
9766,IA_dificil,22,Derrota,7,Si
9767,IA_facil,21,Victoria,7,Si
9767,IA_medio,22,Derrota,7,Si
9767,IA_dificil,24,Derrota,5,Si
9768,IA_facil,20,Empate,7,Si
9768,IA_medio,20,Empate,4,Si
9768,IA_dificil,17,Derrota,5,Si
9769,IA_facil,18,Derrota,8,Si
9769,IA_medio,17,Derrota,4,Si
9769,IA_dificil,21,Victoria,6,Si
9770,IA_facil,18,Derrota,5,Si
9770,IA_medio,20,Victoria,7,Si
9770,IA_dificil,17,Derrota,9,Si
9771,IA_facil,20,Victoria,7,Si
9771,IA_medio,18,Derrota,8,Si
9771,IA_dificil,18,Derrota,8,Si
9772,IA_facil,17,Derrota,5,Si
9772,IA_medio,21,Victoria,8,Si
9772,IA_dificil,19,Derrota,5,Si
9773,IA_facil,22,Derrota,5,Si
9773,IA_medio,23,Derrota,7,Si
9773,IA_dificil,17,Victoria,4,Si
9774,IA_facil,18,Empate,5,Si
9774,IA_medio,17,Derrota,7,Si
9774,IA_dificil,18,Empate,4,Si
9775,IA_facil,21,Victoria,5,Si
9775,IA_medio,20,Derrota,5,Si
9775,IA_dificil,23,Derrota,7,Si
9776,IA_facil,17,Derrota,5,Si
9776,IA_medio,22,Derrota,5,Si
9776,IA_dificil,18,Victoria,5,Si
9777,IA_facil,18,Empate,5,Si
9777,IA_medio,17,Derrota,4,Si
9777,IA_dificil,18,Empate,6,Si
9778,IA_facil,17,Derrota,3,Si
9778,IA_medio,19,Derrota,7,Si
9778,IA_dificil,21,Victoria,7,Si
9779,IA_facil,17,Empate,5,Si
9779,IA_medio,23,Derrota,7,Si
9779,IA_dificil,17,Empate,5,Si
9780,IA_facil,19,Derrota,5,Si
9780,IA_medio,17,Derrota,4,Si
9780,IA_dificil,20,Victoria,7,Si
9781,IA_facil,19,Victoria,6,Si
9781,IA_medio,17,Derrota,6,Si
9781,IA_dificil,23,Derrota,5,Si
9782,IA_facil,20,Victoria,5,Si
9782,IA_medio,19,Derrota,4,Si
9782,IA_dificil,23,Derrota,5,Si
9783,IA_facil,18,Derrota,4,Si
9783,IA_medio,21,Victoria,5,Si
9783,IA_dificil,18,Derrota,4,Si
9784,IA_facil,18,Empate,7,Si
9784,IA_medio,17,Derrota,5,Si
9784,IA_dificil,18,Empate,5,Si
9785,IA_facil,17,Derrota,4,Si
9785,IA_medio,20,Empate,8,Si
9785,IA_dificil,20,Empate,6,Si
9786,IA_facil,17,Derrota,5,Si
9786,IA_medio,23,Derrota,6,Si
9786,IA_dificil,20,Victoria,5,Si
9787,IA_facil,22,Derrota,5,Si
9787,IA_medio,17,Empate,4,Si
9787,IA_dificil,17,Empate,6,Si
9788,IA_facil,18,Derrota,6,Si
9788,IA_medio,20,Empate,7,Si
9788,IA_dificil,20,Empate,5,Si
9789,IA_facil,18,Derrota,5,Si
9789,IA_medio,19,Victoria,7,Si
9789,IA_dificil,17,Derrota,6,Si
9790,IA_facil,22,Derrota,4,Si
9790,IA_medio,19,Derrota,4,Si
9790,IA_dificil,20,Victoria,7,Si
9791,IA_facil,19,Derrota,7,Si
9791,IA_medio,21,Empate,5,Si
9791,IA_dificil,21,Empate,6,Si
9792,IA_facil,20,Derrota,5,Si
9792,IA_medio,21,Victoria,6,Si
9792,IA_dificil,17,Derrota,4,Si
9793,IA_facil,21,Victoria,8,Si
9793,IA_medio,17,Derrota,4,Si
9793,IA_dificil,18,Derrota,7,Si
9794,IA_facil,18,Derrota,3,Si
9794,IA_medio,20,Victoria,4,Si
9794,IA_dificil,18,Derrota,5,Si
9795,IA_facil,18,Empate,7,Si
9795,IA_medio,22,Derrota,9,Si
9795,IA_dificil,18,Empate,4,Si
9796,IA_facil,19,Victoria,4,Si
9796,IA_medio,18,Derrota,5,Si
9796,IA_dificil,17,Derrota,5,Si
9797,IA_facil,19,Victoria,5,Si
9797,IA_medio,18,Derrota,4,Si
9797,IA_dificil,17,Derrota,8,Si
9798,IA_facil,17,Derrota,7,Si
9798,IA_medio,19,Derrota,4,Si
9798,IA_dificil,20,Victoria,6,Si
9799,IA_facil,17,Empate,4,Si
9799,IA_medio,17,Empate,4,Si
9799,IA_dificil,23,Derrota,4,Si
9800,IA_facil,17,Derrota,6,Si
9800,IA_medio,23,Derrota,6,Si
9800,IA_dificil,21,Victoria,5,Si
9801,IA_facil,17,Derrota,5,Si
9801,IA_medio,20,Victoria,4,Si
9801,IA_dificil,22,Derrota,5,Si
9802,IA_facil,17,Derrota,5,Si
9802,IA_medio,21,Victoria,6,Si
9802,IA_dificil,17,Derrota,5,Si
9803,IA_facil,19,Derrota,4,Si
9803,IA_medio,20,Empate,6,Si
9803,IA_dificil,20,Empate,4,Si
9804,IA_facil,17,Derrota,6,Si
9804,IA_medio,20,Victoria,4,Si
9804,IA_dificil,17,Derrota,3,Si
9805,IA_facil,18,Derrota,7,Si
9805,IA_medio,17,Derrota,7,Si
9805,IA_dificil,21,Victoria,7,Si
9806,IA_facil,20,Derrota,6,Si
9806,IA_medio,21,Victoria,5,Si
9806,IA_dificil,20,Derrota,7,Si
9807,IA_facil,20,Victoria,6,Si
9807,IA_medio,18,Derrota,4,Si
9807,IA_dificil,18,Derrota,5,Si
9808,IA_facil,18,Derrota,3,Si
9808,IA_medio,19,Empate,6,Si
9808,IA_dificil,19,Empate,4,Si
9809,IA_facil,19,Victoria,7,Si
9809,IA_medio,17,Derrota,5,Si
9809,IA_dificil,23,Derrota,5,Si
9810,IA_facil,20,Empate,6,Si
9810,IA_medio,18,Derrota,4,Si
9810,IA_dificil,20,Empate,7,Si
9811,IA_facil,21,Victoria,5,Si
9811,IA_medio,23,Derrota,6,Si
9811,IA_dificil,20,Derrota,6,Si
9812,IA_facil,18,Derrota,4,Si
9812,IA_medio,17,Derrota,6,Si
9812,IA_dificil,20,Victoria,8,Si
9813,IA_facil,20,Derrota,6,Si
9813,IA_medio,20,Derrota,6,Si
9813,IA_dificil,21,Victoria,5,Si
9814,IA_facil,18,Derrota,7,Si
9814,IA_medio,20,Empate,5,Si
9814,IA_dificil,20,Empate,7,Si
9815,IA_facil,17,Derrota,5,Si
9815,IA_medio,22,Derrota,4,Si
9815,IA_dificil,18,Victoria,6,Si
9816,IA_facil,19,Derrota,4,Si
9816,IA_medio,20,Victoria,6,Si
9816,IA_dificil,18,Derrota,6,Si
9817,IA_facil,19,Victoria,5,Si
9817,IA_medio,17,Derrota,6,Si
9817,IA_dificil,17,Derrota,4,Si
9818,IA_facil,19,Derrota,4,Si
9818,IA_medio,22,Derrota,8,Si
9818,IA_dificil,21,Victoria,5,Si
9819,IA_facil,18,Derrota,6,Si
9819,IA_medio,19,Victoria,6,Si
9819,IA_dificil,17,Derrota,3,Si
9820,IA_facil,18,Derrota,7,Si
9820,IA_medio,20,Victoria,8,Si
9820,IA_dificil,17,Derrota,6,Si
9821,IA_facil,17,Derrota,4,Si
9821,IA_medio,22,Derrota,6,Si
9821,IA_dificil,19,Victoria,6,Si
9822,IA_facil,17,Empate,4,Si
9822,IA_medio,17,Empate,5,Si
9822,IA_dificil,17,Empate,4,Si
9823,IA_facil,20,Victoria,4,Si
9823,IA_medio,18,Derrota,7,Si
9823,IA_dificil,24,Derrota,10,Si
9824,IA_facil,17,Derrota,6,Si
9824,IA_medio,22,Derrota,7,Si
9824,IA_dificil,20,Victoria,6,Si
9825,IA_facil,18,Derrota,6,Si
9825,IA_medio,21,Victoria,6,Si
9825,IA_dificil,19,Derrota,6,Si
9826,IA_facil,18,Victoria,5,Si
9826,IA_medio,17,Derrota,6,Si
9826,IA_dificil,17,Derrota,6,Si
9827,IA_facil,19,Derrota,5,Si
9827,IA_medio,17,Derrota,5,Si
9827,IA_dificil,21,Victoria,5,Si
9828,IA_facil,19,Derrota,5,Si
9828,IA_medio,20,Victoria,6,Si
9828,IA_dificil,17,Derrota,4,Si
9829,IA_facil,17,Derrota,6,Si
9829,IA_medio,20,Victoria,7,Si
9829,IA_dificil,17,Derrota,5,Si
9830,IA_facil,17,Derrota,5,Si
9830,IA_medio,18,Victoria,5,Si
9830,IA_dificil,17,Derrota,3,Si
9831,IA_facil,17,Derrota,5,Si
9831,IA_medio,20,Victoria,6,Si
9831,IA_dificil,19,Derrota,6,Si
9832,IA_facil,20,Derrota,5,Si
9832,IA_medio,24,Derrota,6,Si
9832,IA_dificil,21,Victoria,7,Si
9833,IA_facil,17,Derrota,5,Si
9833,IA_medio,18,Victoria,5,Si
9833,IA_dificil,17,Derrota,5,Si
9834,IA_facil,17,Derrota,6,Si
9834,IA_medio,18,Derrota,6,Si
9834,IA_dificil,19,Victoria,5,Si
9835,IA_facil,21,Victoria,6,Si
9835,IA_medio,20,Derrota,7,Si
9835,IA_dificil,18,Derrota,5,Si
9836,IA_facil,22,Derrota,5,Si
9836,IA_medio,18,Victoria,5,Si
9836,IA_dificil,17,Derrota,5,Si
9837,IA_facil,19,Derrota,7,Si
9837,IA_medio,19,Derrota,5,Si
9837,IA_dificil,20,Victoria,8,Si
9838,IA_facil,18,Derrota,5,Si
9838,IA_medio,20,Empate,5,Si
9838,IA_dificil,20,Empate,5,Si
9839,IA_facil,17,Derrota,4,Si
9839,IA_medio,17,Derrota,9,Si
9839,IA_dificil,20,Victoria,7,Si
9840,IA_facil,17,Derrota,6,Si
9840,IA_medio,19,Victoria,5,Si
9840,IA_dificil,18,Derrota,4,Si
9841,IA_facil,18,Derrota,6,Si
9841,IA_medio,21,Victoria,8,Si
9841,IA_dificil,20,Derrota,5,Si
9842,IA_facil,17,Derrota,5,Si
9842,IA_medio,18,Victoria,5,Si
9842,IA_dificil,24,Derrota,6,Si
9843,IA_facil,20,Victoria,6,Si
9843,IA_medio,17,Derrota,6,Si
9843,IA_dificil,18,Derrota,5,Si
9844,IA_facil,17,Derrota,5,Si
9844,IA_medio,21,Victoria,4,Si
9844,IA_dificil,17,Derrota,6,Si
9845,IA_facil,19,Derrota,8,Si
9845,IA_medio,20,Victoria,5,Si
9845,IA_dificil,19,Derrota,5,Si
9846,IA_facil,18,Empate,5,Si
9846,IA_medio,18,Empate,6,Si
9846,IA_dificil,17,Derrota,5,Si
9847,IA_facil,19,Empate,5,Si
9847,IA_medio,23,Derrota,6,Si
9847,IA_dificil,19,Empate,7,Si
9848,IA_facil,20,Empate,6,Si
9848,IA_medio,20,Empate,5,Si
9848,IA_dificil,17,Derrota,3,Si
9849,IA_facil,20,Victoria,5,Si
9849,IA_medio,18,Derrota,5,Si
9849,IA_dificil,22,Derrota,5,Si
9850,IA_facil,20,Derrota,5,Si
9850,IA_medio,21,Victoria,7,Si
9850,IA_dificil,20,Derrota,8,Si
9851,IA_facil,18,Derrota,4,Si
9851,IA_medio,19,Empate,7,Si
9851,IA_dificil,19,Empate,7,Si
9852,IA_facil,19,Victoria,8,Si
9852,IA_medio,23,Derrota,6,Si
9852,IA_dificil,24,Derrota,6,Si
9853,IA_facil,18,Derrota,5,Si
9853,IA_medio,19,Victoria,5,Si
9853,IA_dificil,17,Derrota,5,Si
9854,IA_facil,17,Empate,5,Si
9854,IA_medio,23,Derrota,8,Si
9854,IA_dificil,17,Empate,3,Si
9855,IA_facil,17,Derrota,4,Si
9855,IA_medio,19,Derrota,5,Si
9855,IA_dificil,20,Victoria,6,Si
9856,IA_facil,21,Victoria,7,Si
9856,IA_medio,19,Derrota,8,Si
9856,IA_dificil,17,Derrota,6,Si
9857,IA_facil,21,Victoria,7,Si
9857,IA_medio,23,Derrota,5,Si
9857,IA_dificil,22,Derrota,6,Si
9858,IA_facil,22,Derrota,4,Si
9858,IA_medio,17,Empate,5,Si
9858,IA_dificil,17,Empate,4,Si
9859,IA_facil,19,Empate,5,Si
9859,IA_medio,19,Empate,6,Si
9859,IA_dificil,18,Derrota,5,Si
9860,IA_facil,20,Derrota,6,Si
9860,IA_medio,21,Victoria,5,Si
9860,IA_dificil,19,Derrota,5,Si
9861,IA_facil,17,Derrota,5,Si
9861,IA_medio,21,Victoria,6,Si
9861,IA_dificil,17,Derrota,5,Si
9862,IA_facil,20,Derrota,4,Si
9862,IA_medio,21,Victoria,5,Si
9862,IA_dificil,17,Derrota,4,Si
9863,IA_facil,19,Derrota,5,Si
9863,IA_medio,17,Derrota,6,Si
9863,IA_dificil,21,Victoria,4,Si
9864,IA_facil,19,Derrota,5,Si
9864,IA_medio,20,Derrota,4,Si
9864,IA_dificil,21,Victoria,5,Si
9865,IA_facil,19,Victoria,5,Si
9865,IA_medio,22,Derrota,8,Si
9865,IA_dificil,22,Derrota,8,Si
9866,IA_facil,22,Derrota,6,Si
9866,IA_medio,19,Victoria,6,Si
9866,IA_dificil,22,Derrota,4,Si
9867,IA_facil,18,Derrota,5,Si
9867,IA_medio,22,Derrota,6,Si
9867,IA_dificil,19,Victoria,6,Si
9868,IA_facil,17,Derrota,6,Si
9868,IA_medio,23,Derrota,6,Si
9868,IA_dificil,19,Victoria,4,Si
9869,IA_facil,19,Victoria,7,Si
9869,IA_medio,18,Derrota,5,Si
9869,IA_dificil,22,Derrota,5,Si
9870,IA_facil,19,Derrota,5,Si
9870,IA_medio,20,Empate,5,Si
9870,IA_dificil,20,Empate,7,Si
9871,IA_facil,19,Derrota,6,Si
9871,IA_medio,20,Victoria,6,Si
9871,IA_dificil,18,Derrota,4,Si
9872,IA_facil,20,Empate,6,Si
9872,IA_medio,20,Empate,5,Si
9872,IA_dificil,19,Derrota,5,Si
9873,IA_facil,18,Derrota,5,Si
9873,IA_medio,20,Victoria,4,Si
9873,IA_dificil,17,Derrota,5,Si
9874,IA_facil,17,Empate,6,Si
9874,IA_medio,17,Empate,7,Si
9874,IA_dificil,22,Derrota,7,Si
9875,IA_facil,20,Victoria,7,Si
9875,IA_medio,24,Derrota,7,Si
9875,IA_dificil,19,Derrota,6,Si
9876,IA_facil,17,Derrota,5,Si
9876,IA_medio,18,Victoria,4,Si
9876,IA_dificil,22,Derrota,7,Si
9877,IA_facil,18,Empate,6,Si
9877,IA_medio,18,Empate,4,Si
9877,IA_dificil,22,Derrota,7,Si
9878,IA_facil,17,Derrota,5,Si
9878,IA_medio,21,Victoria,5,Si
9878,IA_dificil,22,Derrota,5,Si
9879,IA_facil,17,Derrota,5,Si
9879,IA_medio,19,Victoria,5,Si
9879,IA_dificil,22,Derrota,6,Si
9880,IA_facil,17,Derrota,5,Si
9880,IA_medio,20,Victoria,7,Si
9880,IA_dificil,23,Derrota,6,Si
9881,IA_facil,18,Derrota,4,Si
9881,IA_medio,20,Victoria,6,Si
9881,IA_dificil,18,Derrota,4,Si
9882,IA_facil,17,Derrota,7,Si
9882,IA_medio,18,Victoria,4,Si
9882,IA_dificil,17,Derrota,3,Si
9883,IA_facil,19,Derrota,7,Si
9883,IA_medio,18,Derrota,4,Si
9883,IA_dificil,21,Victoria,5,Si
9884,IA_facil,18,Derrota,3,Si
9884,IA_medio,20,Derrota,6,Si
9884,IA_dificil,21,Victoria,4,Si
9885,IA_facil,18,Derrota,6,Si
9885,IA_medio,22,Derrota,5,Si
9885,IA_dificil,19,Victoria,5,Si
9886,IA_facil,20,Victoria,5,Si
9886,IA_medio,22,Derrota,6,Si
9886,IA_dificil,18,Derrota,4,Si
9887,IA_facil,20,Empate,6,Si
9887,IA_medio,20,Empate,4,Si
9887,IA_dificil,23,Derrota,6,Si
9888,IA_facil,17,Derrota,5,Si
9888,IA_medio,17,Derrota,5,Si
9888,IA_dificil,20,Victoria,5,Si
9889,IA_facil,18,Derrota,5,Si
9889,IA_medio,22,Derrota,8,Si
9889,IA_dificil,20,Victoria,7,Si
9890,IA_facil,21,Empate,7,Si
9890,IA_medio,21,Empate,6,Si
9890,IA_dificil,19,Derrota,5,Si
9891,IA_facil,18,Derrota,4,Si
9891,IA_medio,17,Derrota,5,Si
9891,IA_dificil,19,Victoria,4,Si
9892,IA_facil,17,Derrota,7,Si
9892,IA_medio,18,Victoria,7,Si
9892,IA_dificil,17,Derrota,5,Si
9893,IA_facil,21,Victoria,8,Si
9893,IA_medio,18,Derrota,6,Si
9893,IA_dificil,20,Derrota,7,Si
9894,IA_facil,19,Derrota,4,Si
9894,IA_medio,23,Derrota,6,Si
9894,IA_dificil,21,Victoria,6,Si
9895,IA_facil,20,Derrota,4,Si
9895,IA_medio,21,Empate,5,Si
9895,IA_dificil,21,Empate,7,Si
9896,IA_facil,19,Derrota,5,Si
9896,IA_medio,20,Empate,7,Si
9896,IA_dificil,20,Empate,5,Si
9897,IA_facil,18,Derrota,6,Si
9897,IA_medio,21,Victoria,6,Si
9897,IA_dificil,17,Derrota,4,Si
9898,IA_facil,17,Derrota,7,Si
9898,IA_medio,20,Victoria,4,Si
9898,IA_dificil,17,Derrota,5,Si
9899,IA_facil,20,Victoria,5,Si
9899,IA_medio,18,Derrota,5,Si
9899,IA_dificil,18,Derrota,6,Si
9900,IA_facil,18,Empate,4,Si
9900,IA_medio,23,Derrota,5,Si
9900,IA_dificil,18,Empate,6,Si
9901,IA_facil,18,Victoria,4,Si
9901,IA_medio,24,Derrota,5,Si
9901,IA_dificil,22,Derrota,5,Si
9902,IA_facil,20,Victoria,4,Si
9902,IA_medio,17,Derrota,6,Si
9902,IA_dificil,22,Derrota,5,Si
9903,IA_facil,18,Empate,5,Si
9903,IA_medio,22,Derrota,8,Si
9903,IA_dificil,18,Empate,5,Si
9904,IA_facil,20,Empate,5,Si
9904,IA_medio,20,Empate,5,Si
9904,IA_dificil,18,Derrota,4,Si
9905,IA_facil,19,Derrota,5,Si
9905,IA_medio,20,Victoria,5,Si
9905,IA_dificil,17,Derrota,9,Si
9906,IA_facil,21,Empate,4,Si
9906,IA_medio,21,Empate,6,Si
9906,IA_dificil,18,Derrota,4,Si
9907,IA_facil,18,Victoria,5,Si
9907,IA_medio,22,Derrota,9,Si
9907,IA_dificil,22,Derrota,7,Si
9908,IA_facil,18,Victoria,6,Si
9908,IA_medio,17,Derrota,4,Si
9908,IA_dificil,22,Derrota,5,Si
9909,IA_facil,17,Derrota,5,Si
9909,IA_medio,17,Derrota,7,Si
9909,IA_dificil,19,Victoria,5,Si
9910,IA_facil,19,Victoria,5,Si
9910,IA_medio,22,Derrota,5,Si
9910,IA_dificil,17,Derrota,6,Si
9911,IA_facil,18,Derrota,6,Si
9911,IA_medio,19,Victoria,5,Si
9911,IA_dificil,18,Derrota,5,Si
9912,IA_facil,19,Derrota,6,Si
9912,IA_medio,24,Derrota,8,Si
9912,IA_dificil,20,Victoria,5,Si
9913,IA_facil,19,Victoria,7,Si
9913,IA_medio,17,Derrota,4,Si
9913,IA_dificil,23,Derrota,8,Si
9914,IA_facil,19,Derrota,5,Si
9914,IA_medio,24,Derrota,6,Si
9914,IA_dificil,20,Victoria,6,Si
9915,IA_facil,19,Empate,6,Si
9915,IA_medio,19,Empate,6,Si
9915,IA_dificil,17,Derrota,4,Si
9916,IA_facil,17,Derrota,5,Si
9916,IA_medio,18,Victoria,4,Si
9916,IA_dificil,17,Derrota,5,Si
9917,IA_facil,20,Derrota,5,Si
9917,IA_medio,22,Derrota,7,Si
9917,IA_dificil,21,Victoria,4,Si
9918,IA_facil,18,Derrota,3,Si
9918,IA_medio,25,Derrota,6,Si
9918,IA_dificil,21,Victoria,8,Si
9919,IA_facil,21,Victoria,5,Si
9919,IA_medio,18,Derrota,7,Si
9919,IA_dificil,20,Derrota,4,Si
9920,IA_facil,20,Victoria,6,Si
9920,IA_medio,18,Derrota,6,Si
9920,IA_dificil,24,Derrota,5,Si
9921,IA_facil,18,Derrota,3,Si
9921,IA_medio,18,Derrota,5,Si
9921,IA_dificil,21,Victoria,5,Si
9922,IA_facil,17,Derrota,6,Si
9922,IA_medio,17,Derrota,7,Si
9922,IA_dificil,18,Victoria,5,Si
9923,IA_facil,22,Derrota,5,Si
9923,IA_medio,22,Derrota,5,Si
9923,IA_dificil,18,Victoria,6,Si
9924,IA_facil,17,Derrota,6,Si
9924,IA_medio,18,Victoria,7,Si
9924,IA_dificil,17,Derrota,4,Si
9925,IA_facil,22,Derrota,6,Si
9925,IA_medio,22,Derrota,6,Si
9925,IA_dificil,21,Victoria,5,Si
9926,IA_facil,19,Derrota,6,Si
9926,IA_medio,17,Derrota,6,Si
9926,IA_dificil,20,Victoria,6,Si
9927,IA_facil,21,Victoria,9,Si
9927,IA_medio,22,Derrota,7,Si
9927,IA_dificil,23,Derrota,6,Si
9928,IA_facil,17,Derrota,5,Si
9928,IA_medio,24,Derrota,7,Si
9928,IA_dificil,19,Victoria,5,Si
9929,IA_facil,17,Derrota,6,Si
9929,IA_medio,19,Victoria,5,Si
9929,IA_dificil,17,Derrota,5,Si
9930,IA_facil,21,Victoria,5,Si
9930,IA_medio,20,Derrota,6,Si
9930,IA_dificil,20,Derrota,6,Si
9931,IA_facil,18,Derrota,4,Si
9931,IA_medio,20,Victoria,5,Si
9931,IA_dificil,17,Derrota,6,Si
9932,IA_facil,19,Victoria,5,Si
9932,IA_medio,24,Derrota,6,Si
9932,IA_dificil,24,Derrota,6,Si
9933,IA_facil,19,Derrota,6,Si
9933,IA_medio,20,Derrota,5,Si
9933,IA_dificil,21,Victoria,5,Si
9934,IA_facil,19,Empate,8,Si
9934,IA_medio,19,Empate,5,Si
9934,IA_dificil,23,Derrota,8,Si
9935,IA_facil,18,Derrota,5,Si
9935,IA_medio,22,Derrota,6,Si
9935,IA_dificil,19,Victoria,4,Si
9936,IA_facil,19,Victoria,5,Si
9936,IA_medio,17,Derrota,5,Si
9936,IA_dificil,22,Derrota,5,Si
9937,IA_facil,18,Empate,5,Si
9937,IA_medio,22,Derrota,6,Si
9937,IA_dificil,18,Empate,4,Si
9938,IA_facil,18,Derrota,5,Si
9938,IA_medio,21,Victoria,5,Si
9938,IA_dificil,17,Derrota,5,Si
9939,IA_facil,18,Victoria,6,Si
9939,IA_medio,17,Derrota,6,Si
9939,IA_dificil,22,Derrota,5,Si
9940,IA_facil,17,Derrota,6,Si
9940,IA_medio,20,Victoria,4,Si
9940,IA_dificil,18,Derrota,7,Si
9941,IA_facil,17,Derrota,7,Si
9941,IA_medio,19,Empate,5,Si
9941,IA_dificil,19,Empate,6,Si
9942,IA_facil,17,Victoria,6,Si
9942,IA_medio,24,Derrota,6,Si
9942,IA_dificil,22,Derrota,5,Si
9943,IA_facil,17,Derrota,4,Si
9943,IA_medio,20,Empate,5,Si
9943,IA_dificil,20,Empate,5,Si
9944,IA_facil,21,Victoria,7,Si
9944,IA_medio,24,Derrota,6,Si
9944,IA_dificil,20,Derrota,7,Si
9945,IA_facil,18,Derrota,5,Si
9945,IA_medio,21,Victoria,8,Si
9945,IA_dificil,18,Derrota,6,Si
9946,IA_facil,18,Derrota,4,Si
9946,IA_medio,20,Empate,6,Si
9946,IA_dificil,20,Empate,4,Si
9947,IA_facil,20,Empate,7,Si
9947,IA_medio,20,Empate,4,Si
9947,IA_dificil,22,Derrota,5,Si
9948,IA_facil,17,Derrota,4,Si
9948,IA_medio,21,Victoria,7,Si
9948,IA_dificil,22,Derrota,5,Si
9949,IA_facil,18,Derrota,4,Si
9949,IA_medio,19,Derrota,6,Si
9949,IA_dificil,20,Victoria,5,Si
9950,IA_facil,17,Derrota,5,Si
9950,IA_medio,21,Victoria,6,Si
9950,IA_dificil,18,Derrota,6,Si
9951,IA_facil,20,Victoria,6,Si
9951,IA_medio,17,Derrota,6,Si
9951,IA_dificil,19,Derrota,5,Si
9952,IA_facil,18,Derrota,5,Si
9952,IA_medio,21,Victoria,6,Si
9952,IA_dificil,25,Derrota,5,Si
9953,IA_facil,18,Derrota,5,Si
9953,IA_medio,20,Empate,4,Si
9953,IA_dificil,20,Empate,4,Si
9954,IA_facil,18,Derrota,5,Si
9954,IA_medio,21,Empate,6,Si
9954,IA_dificil,21,Empate,5,Si
9955,IA_facil,18,Derrota,4,Si
9955,IA_medio,25,Derrota,9,Si
9955,IA_dificil,20,Victoria,4,Si
9956,IA_facil,19,Victoria,6,Si
9956,IA_medio,23,Derrota,7,Si
9956,IA_dificil,18,Derrota,5,Si
9957,IA_facil,20,Derrota,9,Si
9957,IA_medio,21,Victoria,6,Si
9957,IA_dificil,20,Derrota,4,Si
9958,IA_facil,17,Derrota,5,Si
9958,IA_medio,21,Victoria,6,Si
9958,IA_dificil,23,Derrota,7,Si
9959,IA_facil,18,Derrota,4,Si
9959,IA_medio,21,Victoria,5,Si
9959,IA_dificil,17,Derrota,6,Si
9960,IA_facil,18,Empate,5,Si
9960,IA_medio,18,Empate,7,Si
9960,IA_dificil,18,Empate,5,Si
9961,IA_facil,19,Victoria,6,Si
9961,IA_medio,23,Derrota,6,Si
9961,IA_dificil,22,Derrota,7,Si
9962,IA_facil,20,Empate,6,Si
9962,IA_medio,20,Empate,6,Si
9962,IA_dificil,23,Derrota,7,Si
9963,IA_facil,22,Derrota,8,Si
9963,IA_medio,21,Victoria,6,Si
9963,IA_dificil,22,Derrota,7,Si
9964,IA_facil,18,Derrota,4,Si
9964,IA_medio,18,Derrota,4,Si
9964,IA_dificil,21,Victoria,5,Si
9965,IA_facil,18,Derrota,8,Si
9965,IA_medio,20,Victoria,4,Si
9965,IA_dificil,22,Derrota,7,Si
9966,IA_facil,19,Victoria,5,Si
9966,IA_medio,17,Derrota,4,Si
9966,IA_dificil,18,Derrota,8,Si
9967,IA_facil,21,Victoria,5,Si
9967,IA_medio,17,Derrota,4,Si
9967,IA_dificil,22,Derrota,8,Si
9968,IA_facil,19,Victoria,4,Si
9968,IA_medio,18,Derrota,5,Si
9968,IA_dificil,23,Derrota,7,Si
9969,IA_facil,20,Empate,4,Si
9969,IA_medio,24,Derrota,7,Si
9969,IA_dificil,20,Empate,7,Si
9970,IA_facil,18,Derrota,4,Si
9970,IA_medio,20,Victoria,6,Si
9970,IA_dificil,18,Derrota,6,Si
9971,IA_facil,21,Victoria,7,Si
9971,IA_medio,20,Derrota,8,Si
9971,IA_dificil,18,Derrota,5,Si
9972,IA_facil,18,Victoria,5,Si
9972,IA_medio,17,Derrota,5,Si
9972,IA_dificil,23,Derrota,5,Si
9973,IA_facil,17,Derrota,4,Si
9973,IA_medio,17,Derrota,4,Si
9973,IA_dificil,21,Victoria,5,Si
9974,IA_facil,19,Victoria,6,Si
9974,IA_medio,22,Derrota,5,Si
9974,IA_dificil,23,Derrota,4,Si
9975,IA_facil,19,Derrota,6,Si
9975,IA_medio,20,Victoria,8,Si
9975,IA_dificil,17,Derrota,4,Si
9976,IA_facil,17,Derrota,6,Si
9976,IA_medio,21,Victoria,6,Si
9976,IA_dificil,17,Derrota,6,Si
9977,IA_facil,20,Empate,7,Si
9977,IA_medio,20,Empate,4,Si
9977,IA_dificil,17,Derrota,6,Si
9978,IA_facil,19,Derrota,5,Si
9978,IA_medio,20,Victoria,5,Si
9978,IA_dificil,18,Derrota,4,Si
9979,IA_facil,18,Derrota,6,Si
9979,IA_medio,20,Derrota,6,Si
9979,IA_dificil,21,Victoria,6,Si
9980,IA_facil,18,Derrota,6,Si
9980,IA_medio,19,Victoria,6,Si
9980,IA_dificil,18,Derrota,7,Si
9981,IA_facil,17,Derrota,4,Si
9981,IA_medio,20,Victoria,6,Si
9981,IA_dificil,17,Derrota,5,Si
9982,IA_facil,19,Empate,4,Si
9982,IA_medio,19,Empate,5,Si
9982,IA_dificil,18,Derrota,3,Si
9983,IA_facil,18,Derrota,5,Si
9983,IA_medio,18,Derrota,7,Si
9983,IA_dificil,20,Victoria,5,Si
9984,IA_facil,17,Derrota,6,Si
9984,IA_medio,18,Derrota,4,Si
9984,IA_dificil,20,Victoria,5,Si
9985,IA_facil,17,Derrota,6,Si
9985,IA_medio,17,Derrota,5,Si
9985,IA_dificil,18,Victoria,5,Si
9986,IA_facil,18,Empate,5,Si
9986,IA_medio,17,Derrota,4,Si
9986,IA_dificil,18,Empate,7,Si
9987,IA_facil,17,Derrota,5,Si
9987,IA_medio,18,Victoria,7,Si
9987,IA_dificil,24,Derrota,5,Si
9988,IA_facil,18,Empate,8,Si
9988,IA_medio,18,Empate,4,Si
9988,IA_dificil,18,Empate,7,Si
9989,IA_facil,17,Derrota,6,Si
9989,IA_medio,21,Victoria,5,Si
9989,IA_dificil,19,Derrota,5,Si
9990,IA_facil,20,Empate,6,Si
9990,IA_medio,20,Empate,6,Si
9990,IA_dificil,19,Derrota,7,Si
9991,IA_facil,20,Victoria,7,Si
9991,IA_medio,19,Derrota,5,Si
9991,IA_dificil,22,Derrota,5,Si
9992,IA_facil,17,Derrota,6,Si
9992,IA_medio,20,Derrota,7,Si
9992,IA_dificil,21,Victoria,5,Si
9993,IA_facil,17,Derrota,5,Si
9993,IA_medio,20,Victoria,8,Si
9993,IA_dificil,18,Derrota,6,Si
9994,IA_facil,17,Derrota,4,Si
9994,IA_medio,22,Derrota,5,Si
9994,IA_dificil,21,Victoria,5,Si
9995,IA_facil,20,Victoria,6,Si
9995,IA_medio,19,Derrota,5,Si
9995,IA_dificil,17,Derrota,6,Si
9996,IA_facil,17,Derrota,4,Si
9996,IA_medio,18,Victoria,7,Si
9996,IA_dificil,17,Derrota,5,Si
9997,IA_facil,18,Empate,4,Si
9997,IA_medio,22,Derrota,5,Si
9997,IA_dificil,18,Empate,4,Si
9998,IA_facil,19,Victoria,5,Si
9998,IA_medio,18,Derrota,4,Si
9998,IA_dificil,24,Derrota,5,Si
9999,IA_facil,17,Derrota,5,Si
9999,IA_medio,19,Victoria,7,Si
9999,IA_dificil,22,Derrota,6,Si
10000,IA_facil,17,Derrota,6,Si
10000,IA_medio,22,Derrota,7,Si
10000,IA_dificil,18,Victoria,4,Si
